GEOID20,weight
480850317181015,0.0013878447926906842
480850317181004,0.000217018722898682
480850317221007,0.0013878447926906842
480850317151007,0.00023298695357138786
480850317061010,0.0013878447926906842
480850317092010,0.001588221704573965
480850312022047,0.0013878447926906842
480850317192004,0.0021368504115715586
480850317181012,0.0013878447926906842
480850317192010,0.0013878447926906842
480850317192006,0.0006825234121018961
480850317151004,0.003124508177354836
480850317182017,0.0003465122699047568
480850313212005,0.0013878447926906842
480850317191008,0.0013878447926906842
480850317231006,0.0013878447926906842
480850317092039,0.0026297152486244725
480850317161000,0.0005726360873670633
480850317221003,0.0013878447926906842
480850317152011,0.0013878447926906842
480850317092031,0.001506150816687916
480850317151003,0.0013878447926906842
480850317092036,0.0003121217191040064
480850318121009,0.00032300279920005045
480850317152001,0.0011953204828510204
480850317233004,0.0013878447926906842
480850317182016,0.00046476655830862386
480850317092006,0.003855337815575795
480850317041008,0.0014535914554048932
480850317041004,0.0013878447926906842
480850317111018,0.0013878447926906842
480850317181003,0.004491423120528863
480850317041006,0.0019381940381577104
480850317161012,0.0002822134726724414
480850317112010,0.0025780557753754567
480850317092026,0.001776308434200789
480850317202007,0.004648766377665658
480850317181014,0.0009531700169771063
480850317092037,0.0013878447926906842
480850317203002,0.004911161172941451
480850317111001,0.0027623629658231406
480850317223003,0.0013878447926906842
480850317061003,0.0012478002671079376
480850317042013,0.001065902048268271
480850317084001,0.001657979779001923
480850317191000,0.0013878447926906842
480850317231004,0.0013878447926906842
480850317161009,0.0006475708766735587
480850317133005,0.000203920180876032
480850317111009,0.0006257845794530087
480850317152002,0.006315536946093159
480850317092005,0.0013878447926906842
480850317172008,0.0006574461037047074
480850317182012,0.0001228418615510282
480850317042003,0.0008803054168709354
480850317222003,0.0013878447926906842
480850317191004,0.0013878447926906842
480850317211006,0.0013878447926906842
480850317094000,0.0013878447926906842
480850317182011,0.0013878447926906842
480850317041001,0.003578359652424088
480850317061011,0.0013878447926906842
480850317082014,0.0013878447926906842
480850317044013,0.0013878447926906842
480850317162005,0.002196471927378385
480850317112003,0.005286306158392576
480850317044010,0.0013878447926906842
480850317211009,0.0016737753219714243
480850317111012,0.00030628290467371507
480850317211004,0.030105629568946215
480850317201002,0.0015729315525043397
480850317042008,0.00813795065435336
480850317092040,0.0033631031342726877
480850317202000,0.0008951432401600678
480850317182000,0.0013878447926906842
480850317083001,0.04863128865025736
480850317111016,0.0053012628787342956
480850317192008,0.0016737753219714243
480850317231010,0.0013878447926906842
480850317202003,0.0013878447926906842
480850317212005,0.0013878447926906842
480850317223005,0.0013878447926906842
480850317172006,0.0005473037371459586
480850317233002,0.0021498107241419593
480850317112011,0.0015551497474416873
480850317061025,0.0005376762857050814
480850317182010,0.0013878447926906842
480850317242005,0.0014538043458659157
480850317161008,0.00038048632360426836
480850317092012,0.0003121217191040064
480850317061013,0.0005332273646805063
480850317152003,0.0013307576798773557
480850317041002,0.0013878447926906842
480850317083004,0.00040164134018294437
480850317181000,0.0010801667954126173
480850317044002,0.0019551047847920153
480850317061016,0.0035054195090774704
480850317152013,0.0013878447926906842
480850317084006,0.0013878447926906842
480850317042001,0.0013878447926906842
480850317084003,0.0015775258583589833
480850317211003,0.0015535275960277446
480850317081006,0.0018470314552234799
480850316492038,0.0013878447926906842
480850317221001,0.0013878447926906842
480850317211005,0.00027689296051367586
480850317212009,0.0005414707260791633
480850317202011,0.0010996632280909947
480850317182035,0.0013878447926906842
480850317061015,0.001506150816687916
480850317182015,0.0025308972409913873
480850317191014,0.0013878447926906842
480850317131005,0.0013878447926906842
480850317092023,0.0013878447926906842
480850317152010,0.001218231901108188
480850317111004,0.0013878447926906842
480850317171000,0.0012348347539696948
480850317112013,0.0008241998732357338
480850317092043,0.000951848293479113
480850317181013,0.0019047824820745147
480850317061021,0.0013878447926906842
480850317092022,0.0013878447926906842
480850317182007,0.0013878447926906842
480850317162004,0.004268080300175299
480850318121012,0.0008050941370860617
480850317201000,0.0006915878761251729
480850317084012,0.0013878447926906842
480850317181001,0.00047573921629624164
480850317152008,0.002703653896111327
480850317043008,0.0008790293666187704
480850317191011,0.0005955011981364874
480850317151008,0.00305572283162347
480850317201001,0.0006168590125573095
480850317152015,0.001700325982393533
480850317092004,0.0017602295690680918
480850317202002,0.0013878447926906842
480850317212004,0.0018788972776696614
480850317112002,0.0013878447926906842
480850317082012,0.00011517159080307572
480850317161006,0.00868908256143594
480850317111006,0.0008314547647084905
480850317223000,0.0013878447926906842
480850317092029,0.0007199109383481133
480850317192001,0.0013878447926906842
480850317061022,0.0013878447926906842
480850317082013,0.0013878447926906842
480850317083003,0.0018470314552234799
480850317092027,0.0013878447926906842
480850317044015,0.0008085997950859241
480850317082018,0.0013878447926906842
480850317212006,0.00023740415413019643
480850317092008,0.0013878447926906842
480850317182018,0.00025036429679135006
480850317112006,0.0013878447926906842
480850317131000,0.00010546225503253106
480850317132002,0.0013878447926906842
480850317182032,0.0038273556848983747
480850317092032,0.0014925237785552452
480850317082010,0.0013878447926906842
480850317081005,0.0013878447926906842
480850317093002,0.002996317287154394
480850317161005,0.005914215124756287
480850317093001,0.0007867164020578841
480850317042005,0.0005652834902096131
480850317042009,0.00015997609883257883
480850317041005,0.002963893315279508
480850318121005,0.0016737753219714243
480850317092030,0.0009246878382730885
480850317093004,0.002834217558369251
480850317084009,0.0008468899592788729
480850317162000,0.0017909453081906457
480850317202008,0.0013878447926906842
480850317203000,0.0007905062644155332
480850317191002,0.0013878447926906842
480850317092035,0.0009943303583700674
480850317132001,0.0018184567224126397
480850317044009,0.0013878447926906842
480850317082019,0.002703653896111327
480850317241005,0.0011277201399552237
480850317211007,0.0013878447926906842
480850317181009,0.0008951432401600678
480850317162001,0.0012457084753420438
480850317092017,0.00042808304446973226
480850317152009,0.0007992615384507508
480850317111010,0.0012465900388495968
480850318121013,0.001134872341453745
480850317222001,0.0013878447926906842
480850317212001,0.0013878447926906842
480850317043011,0.0013878447926906842
480850318121006,0.003482101882770372
480850317131004,0.0013878447926906842
480850317082015,0.00022953833537457755
480850317093000,0.0013878447926906842
480850316492047,0.0013878447926906842
480850317092034,0.0008071862085483058
480850318121000,0.0013878447926906842
480850317242003,0.00221632856758667
480850317182020,0.0025444914595455586
480850317151012,0.00620364500968165
480850317092042,0.001991678973320674
480850317172000,0.0013878447926906842
480850317061024,0.003307002365035065
480850317111002,0.0008199078913374956
480850317231005,0.0013878447926906842
480850317181010,0.0013878447926906842
480850317182004,0.0013878447926906842
480850317182025,0.0013878447926906842
480850317212011,0.0013878447926906842
480850317192005,0.003023404723865639
480850317211010,0.0019643905513121833
480850317092015,0.0028235796943494357
480850317152007,0.0030852666391547063
480850317221006,0.003307002365035065
480850317133000,0.00048622714024039064
480850317212003,0.0010517151757461984
480850317092000,0.0013878447926906842
480850312022044,0.0013878447926906842
480850317042004,0.0005372768200913294
480850317192011,0.0002583380608169891
480850317092041,0.0005574934548860672
480850316492048,0.0013878447926906842
480850317182001,0.0013878447926906842
480850317202004,0.002957260997681995
480850317062007,0.001166992103314213
480850317081011,0.0026587520884433207
480850317161004,0.0013878447926906842
480850317043001,0.008815872218228563
480850317152014,0.00036925765262173135
480850317162003,0.0025830443155353015
480850317181007,0.002944088963436702
480850317082009,0.0007194515800927968
480850318121010,0.0013878447926906842
480850317043007,0.0030183733843422034
480850317111013,0.0007105014752718298
480850317082017,0.0001968270922264961
480850317182005,0.004908819037691048
480850317061004,0.0013878447926906842
480850317112009,0.0008383967444343479
480850317203001,0.0001042164372061549
480850317042002,0.0013878447926906842
480850317083002,0.0009246878382730885
480850317182029,0.0013878447926906842
480850317233003,0.0013878447926906842
480850317242002,0.002136641364465795
480850317191010,0.0005713055081224032
480850317182006,0.0012348347539696948
480850317172005,0.00029075197963534404
480850317092014,0.0007123944023016569
480850312022034,0.0013878447926906842
480850317223009,0.00021315731463516585
480850317202009,0.0014538043458659157
480850317082011,0.0013878447926906842
480850317211012,0.002835058342942884
480850317044006,0.0003720744957294565
480850317172003,0.0004231229862572596
480850317061008,0.0013878447926906842
480850317062010,0.0013878447926906842
480850317152016,0.0009943303583700674
480850317241002,0.0013878447926906842
480850317061001,0.001221788512263627
480850317112001,0.0001258405093379328
480850317112005,0.008856316930684106
480850317111003,0.0007021765806921824
480850317041011,0.0013878447926906842
480850317191009,0.00012455346084788146
480850317062005,0.001975529696770093
480850317111007,0.0013878447926906842
480850317151011,0.0013878447926906842
480850317191003,0.0002127239270525998
480850318121011,0.002071514409601332
480850313212006,0.0013878447926906842
480850312022037,0.0013878447926906842
480850317042011,0.0013063235524419254
480850317152006,0.003085387649921062
480850317152012,0.0013878447926906842
480850317182026,0.002703653896111327
480850317182022,0.0013878447926906842
480850317092002,0.00044697827772660826
480850317092020,0.0013878447926906842
480850317082000,0.0011277201399552237
480850317062001,0.0013878447926906842
480850317082004,0.0013878447926906842
480850317231007,0.0013878447926906842
480850317061014,0.0013878447926906842
480850317061020,0.005628435344413019
480850317061012,0.000612321684235333
480850317061006,0.0008515107117512598
480850317062006,0.0013878447926906842
480850317084004,0.0015180268754677972
480850317223007,0.0013878447926906842
480850317111005,0.00025509802194094195
480850317202010,0.0013878447926906842
480850317181017,0.0013878447926906842
480850317182023,0.0012680188155450552
480850317062009,0.0013878447926906842
480850317043003,0.0013878447926906842
480850317222004,0.0015551497474416873
480850317182034,0.0013878447926906842
480850317082002,0.0013878447926906842
480850317151010,0.0013878447926906842
480850317192000,0.0013878447926906842
480850317042010,0.00041772364334316173
480850317092009,0.0015017176850010167
480850317182019,0.0017602295690680918
480850318121008,0.0009684570483068291
480850317092033,0.0007286514814539869
480850317161011,0.0007022293485643373
480850317084008,0.0002488565957421946
480850317162002,0.0027316448108350017
480850317092019,0.0022080463503166984
480850317231001,0.0013878447926906842
480850317111017,0.007259451113893715
480850317041007,0.0011864544522477603
480850317182009,0.0013878447926906842
480850317132004,0.0013878447926906842
480850317061009,0.0013878447926906842
480850317081001,0.0013878447926906842
480850313212010,0.0013878447926906842
480850317061019,0.0013878447926906842
480850313212008,0.0013878447926906842
480850317182014,0.0015775258583589833
480850317112000,0.001700325982393533
480850317242000,0.0013878447926906842
480850318112002,0.0013878447926906842
480850317061017,0.001398867636417273
480850317202006,0.0013878447926906842
480850317182013,0.001330765391147043
480850317043000,0.0007941092961100508
480850317062004,0.0013878447926906842
480850317211008,0.002446338444412198
480850317061023,0.000364810018975774
480850317222005,0.003307002365035065
480850317082008,0.0017994086517016156
480850317044000,0.001506150816687916
480850317191005,0.0001211683967105829
480850317222000,0.0013878447926906842
480850317172007,0.0038583595328946976
480850317212010,0.0013878447926906842
480850317043005,0.0013878447926906842
480850317061002,0.0011636251421384607
480850317131006,0.0013878447926906842
480850317084000,0.0013878447926906842
480850317042007,0.0033910788492877617
480850317223002,0.0019389461738054496
480850317044008,0.0002765996593410433
480850317182030,0.0013878447926906842
480850317182031,0.0010633537415731947
480850317152005,0.006544399411390297
480850317212008,0.0022143614868481423
480850317112014,0.0007508065528862636
480850317161002,0.0013878447926906842
480850317081000,0.0013878447926906842
480850317221008,0.0013878447926906842
480850317211011,0.0013878447926906842
480850317111015,0.0032107378039592763
480850317182002,0.0013878447926906842
480850317172009,0.0012465900388495968
480850317191001,0.0013878447926906842
480850317181011,0.0008612377639921115
480850317212000,0.001908252157624149
480850317151013,0.0006541624991573364
480850317182028,0.0026791182372250632
480850317092021,0.0013878447926906842
480850317081004,0.0004576642219209504
480850317161001,0.0008822262765977461
480850317081008,0.0009875359767107168
480850317044005,0.011667678257387026
480850317081007,0.0006475708766735587
480850317082005,0.0013878447926906842
480850317112004,0.0013878447926906842
480850317084002,0.00020792192572506037
480850317223006,0.0013878447926906842
480850317084011,0.0021661151455563458
480850317233006,0.0013878447926906842
480850312022045,0.0013878447926906842
480850317132006,0.0013878447926906842
480850317041010,0.0013878447926906842
480850317182008,0.0009623372881506489
480850317222002,0.0013878447926906842
480850317182021,0.0008221631400565777
480850317212007,0.0013878447926906842
480850317181002,0.004847387658418429
480850317182033,0.0013878447926906842
480850317223004,0.0013878447926906842
480850317092016,0.0011310820465291293
480850317081002,0.0013878447926906842
480850318121007,0.0010323022580768578
480850317191007,0.0013878447926906842
480850317092011,0.0013878447926906842
480850317132005,0.0007327246177856085
480850317042000,0.0010801667954126173
480850317132000,0.0009943303583700674
480850317042012,0.005896080373763289
480850317081010,0.0013878447926906842
480850317182003,0.0013878447926906842
480850317192003,0.000680459936731646
480850317161003,0.0004854830790796779
480850317151002,0.0013878447926906842
480850317093007,0.0013878447926906842
480850317191012,0.0013878447926906842
480850317192007,0.0008791525920791793
480850317112008,0.001506150816687916
480850318121001,0.007519876629159331
480850317082007,0.0013878447926906842
480850317092007,0.0012212252332103942
480850317044007,0.0013878447926906842
480850317092028,0.0013275087943744799
480850317094002,0.0013878447926906842
480850317092038,0.0013878447926906842
480850317181005,0.002136641364465795
480850318121003,0.0021106214045827423
480850317084007,0.0013878447926906842
480850317181016,0.0013878447926906842
480850317131002,0.0001076797822060606
480850317062000,0.0013878447926906842
480850317233001,0.0013878447926906842
480850317181008,0.001898577492434899
480850317152000,0.0004128429496057466
480850317231003,0.0013878447926906842
480850317084010,0.0013878447926906842
480850317043002,0.0013878447926906842
480850317161013,0.0013878447926906842
480850317211001,0.0013878447926906842
480850317093005,0.0013878447926906842
480850317093003,0.0013878447926906842
480850317182027,0.0013878447926906842
480850317043006,0.0003650838026191164
480850317111000,0.00011475246403845122
480850317044004,0.005617754443451896
480850317151006,0.0007632818135994109
480850317093008,0.0008085997950859241
480850317231011,0.0013878447926906842
480850317231002,0.0013878447926906842
480850317161015,0.0005901616988190043
480850317152004,0.0008951432401600678
480850317061000,0.0028858344882111277
480850317171002,0.0013878447926906842
480850317201003,0.0013878447926906842
480850312022049,0.0013878447926906842
480850317192002,0.000614479683600716
480850317083000,0.0016885529354501052
480850317221000,0.0013878447926906842
480850317172004,0.0005755884996584704
480850317172010,0.0013878447926906842
480850317192009,0.0009579989817504584
480850318121002,0.0006317221771475532
480850317062003,0.0010989828445687978
480850317191006,0.0013878447926906842
480850317221004,0.0013878447926906842
480850317151005,0.0013878447926906842
480850317041000,0.0013878447926906842
480850316492037,0.0013878447926906842
480850317062002,0.0027127638482722163
480850312022043,0.0013878447926906842
480850317081003,0.00013061927707351675
481139801001031,0.0013878447926906842
481130006112003,0.0013878447926906842
481130136053016,0.0013878447926906842
481130190191003,0.0013878447926906842
481130096031018,0.0013878447926906842
481130136091010,0.0013878447926906842
481130181411004,0.0013878447926906842
481130077012001,0.0061485307248798325
481130122074006,0.018303023505966298
481130167111036,0.0013878447926906842
481130012041007,0.0021106214045827423
481130122062000,0.0013878447926906842
481130130081008,0.0013878447926906842
481130043001001,0.0013878447926906842
481130210004021,0.0008085997950859241
481130065013005,0.0002972203540330888
481130129001024,0.0026521284754032373
481130127022015,0.0017743263278747487
481130096083014,0.0013878447926906842
481130136221017,0.002446338444412198
481130136081032,0.0026210352940349707
481130097011003,0.0018836457241836017
481130136152006,0.000380787801307625
481130165333026,0.0008762432604503905
481130164091004,0.0013878447926906842
481130192081019,0.0013878447926906842
481130024001000,0.0013878447926906842
481130167102021,0.001999816250485374
481130100032226,0.0006168590125573095
481130069001003,0.0005147166563391303
481130042022017,0.0013878447926906842
481130006112002,0.0013878447926906842
481130192131004,0.0013934747464895703
481130099003001,0.0014969245675099687
481130130122003,0.001506150816687916
481130170101013,0.0013878447926906842
481130037002002,0.00040504126654639295
481130048001050,0.002833310757579708
481130133001022,0.003307002365035065
481130046001039,0.005308287328086183
481130212003060,0.0013878447926906842
481130093011009,0.00025383050813724715
481130073022029,0.00043777233083934426
481130093041030,0.0008951432401600678
481130064021031,0.0011277201399552237
481130055003007,0.0013878447926906842
481130071025007,0.0010443632483929637
481130136092016,0.0013878447926906842
481130081024019,0.0018022106345831495
481130171023003,0.0013878447926906842
481130067021054,0.0015736764876032544
481130106011034,0.0011169349229351892
481130069001010,0.003307002365035065
481130096112027,0.0005356704022448519
481130165342020,0.004074672657113606
481130205001020,0.0006378898635320168
481130101012034,0.002208636381286547
481130101011008,0.0015551497474416873
481130099001044,0.00022155720508967923
481130086041010,0.0015017176850010167
481130129001032,0.0020349339366975455
481130126031013,0.002059745966889364
481130056002010,0.00015833135563646242
481130014002002,0.0013878447926906842
481130208002019,0.0174315373370216
481130114011022,0.0013878447926906842
481130210004017,0.0051040233729504015
481130005022017,0.0004942978708707577
481130084011031,0.0019068237323108278
481130037002022,0.0006518967132080616
481130078122008,0.00023492501580863
481130080003003,0.0014969245675099687
481130136061009,0.0009826979702102696
481130130051000,0.20488664586242503
481130130052011,0.0013878447926906842
481130012031008,0.0036809615862261405
481130210001041,0.0014231158638395081
481130087042009,0.0032905956404922112
481130110031001,0.0024184884910610953
481130097021004,0.002703653896111327
481130044001004,0.019646269632088754
481130192081014,0.0013878447926906842
481130117023018,0.00048311250356715564
481130111013019,0.0013878447926906842
481130099003112,0.0016289569975082288
481130096112016,0.000480416020363696
481130130122010,0.0007286514814539869
481130005022013,0.0011281553532558064
481130087013015,0.0006043873285151186
481130100012049,0.0013878447926906842
481130063022037,0.00034784716083843776
481130088022005,0.0003362045514124997
481130006051000,0.0026791182372250632
481130077012015,0.0013878447926906842
481130012031000,0.0009943303583700674
481130024001003,0.0013878447926906842
481130176052011,0.003705025549793551
481130132024013,0.0017015139053709145
481130067012000,0.00028270027697614535
481130122102001,0.0015673251423574252
481130132012001,0.0011953204828510204
481130093032025,0.001388963224141469
481130091011007,0.00030215773588251915
481130042013019,0.000342630210446893
481130114013011,0.001611333122792812
481130092023009,0.0012959903912698433
481130116012011,0.003110057839397355
481130067021049,0.0013878447926906842
481130079024000,0.0013878447926906842
481130107041032,0.01023854575884457
481130011021013,0.0006711045832875455
481130140021187,0.0013878447926906842
481130203003057,0.000944133376261963
481130084011025,0.0002978002740704259
481130204012040,0.0024185307009512535
481130087013021,0.001464263962307252
481130087043008,0.00030099702146374935
481130007062008,0.00033141452088825336
481130167102003,0.0007717123686885681
481130099001097,0.00019796985731568151
481130047001012,0.0005170175893076507
481130054001030,0.0015180268754677972
481130107012038,0.0027301679606987882
481130063011000,0.0021329768485965407
481130052001006,0.0005835356988171203
481130003002014,0.0106702358517799
481130064021034,0.0008750483693505068
481130044002015,0.00043068358599639465
481130100032132,0.0013878447926906842
481130125022004,0.0003965078465039585
481130125021012,0.0003075118780360781
481130113003006,0.0005332273646805063
481130093013019,0.005900587341465365
481130007052005,0.00037182731953369646
481130126011006,0.00042775604166473444
481130113002039,0.0023531625141854154
481130112011001,0.001717931084887828
481130113003019,0.0013878447926906842
481130006091006,0.0035678744514930673
481130004072010,0.002385351935302065
481130059013003,0.0038817796770671807
481130096092032,0.001700325982393533
481130135002014,0.002204530109735927
481130185063025,0.00019869515827056954
481130110031017,0.0029289340805158256
481130110022019,0.004476797156806082
481130111052008,0.0013878447926906842
481130100032232,0.0003559380720109341
481130135002034,0.0014393699172396332
481130128021012,0.00019324144316597232
481130063021022,0.0013878447926906842
481130046001005,0.000409590326108083
481130063012019,0.0021106214045827423
481130060012013,0.0005469048984507759
481130096083011,0.0022576017053344
481130056002007,0.0006021868709261283
481130037002005,0.00022765837089347053
481130108072014,0.0002178724282093739
481130108061021,0.0010736608408971223
481130072052011,0.023903056006002878
481130093011028,0.002679032350632141
481130110042017,0.010810250502617655
481130111013015,0.0018932285418232588
481130136072029,0.0013878447926906842
481130076051054,0.0017743263278747487
481130076041030,0.003026517634100956
481130027031003,0.0007670759823155216
481130116012017,0.001366838156103015
481130204012050,0.0003828567507060081
481130209001050,0.0010232785683107772
481130044001018,0.0021261215231118532
481130097022031,0.0007977129131524897
481130098021004,0.0009943303583700674
481130012031002,0.0006751361523072748
481130024002006,0.0002647975129485736
481130130131019,0.0013878447926906842
481130117013009,0.0017668670266344601
481130060022006,0.0013878447926906842
481130057002032,0.0013878447926906842
481130165212054,0.0008221631400565777
481130136102029,0.0022080463503166984
481130097012002,0.0012796652255760133
481130165212014,0.0013878447926906842
481130165333010,0.0013878447926906842
481130108051013,0.0013878447926906842
481130071012010,0.00014621130221815535
481130107041047,0.002703653896111327
481130006061018,0.002239959374630279
481130100032241,0.0013878447926906842
481130097022001,0.00044907341309385234
481130136182013,0.0013510808154807326
481130057003048,0.0007097857180240071
481130099003074,0.0013878447926906842
481130100031038,0.00016597986154999418
481130008022004,0.005170119083595153
481130057003035,0.001529835244285846
481130091012004,0.0010801667954126173
481130085001035,0.0009839185795676461
481130059023004,0.0007312492285949535
481130065022038,0.0008796597657076919
481130093012008,0.0005273568887700225
481130088012024,0.0017069621131417714
481130122062012,0.04237158585518434
481130002022002,0.0003855749740926577
481130107041002,0.0013878447926906842
481130062001029,0.0013878447926906842
481130101021008,0.0001521933929899511
481130043001045,0.0013878447926906842
481130065011000,0.001010308655013797
481130053004015,0.0011585523678108792
481130130103005,0.0013878447926906842
481130118022012,0.009121854762278985
481130119021019,0.0027747168079274476
481130046001040,0.0003119715866429219
481130108042018,0.0001503385657433842
481130006102004,0.0005060030474114392
481130087012014,0.00011489980642884582
481130007052008,0.0014958562964988182
481130099003052,0.0013878447926906842
481130053002029,0.0013878447926906842
481130044001022,0.005246834641385926
481130098031028,0.0001445387003103271
481130190405012,0.0013878447926906842
481130130102011,0.0003542712830911445
481130092022002,0.004209386460610074
481130086041008,0.0013014625315697355
481130114011049,0.008893983110998392
481130100021045,0.0022004799277939484
481130015032004,0.005491763792919736
481130081022002,0.0013878447926906842
481130079122004,0.0003443847947244956
481130059022001,0.0006403237183130166
481130090023001,0.001997103664767842
481130055003004,0.0014448679590629225
481130087012012,0.000743783177561356
481130136072005,0.0013878447926906842
481130024002031,0.0013878447926906842
481130136111000,0.00016470481701975787
481130136081004,0.0015849185395756678
481130015021010,0.009877602579530284
481130136202008,0.0013878447926906842
481130094022002,0.0013878447926906842
481130121022024,0.0013878447926906842
481130123025001,0.0016737753219714243
481130135002030,0.0013878447926906842
481130210002018,0.002107327798098514
481130107043025,0.0013878447926906842
481130130072010,0.0013878447926906842
481130099003016,0.0013878447926906842
481130107015000,0.0013878447926906842
481130209002083,0.0013878447926906842
481130128023028,0.0013878447926906842
481130100032146,0.0013878447926906842
481130100011000,0.0016401441476340366
481130140011049,0.0013878447926906842
481130164122039,0.0013878447926906842
481130100032156,0.0007613457185146966
481130116011006,0.0013878447926906842
481130129004023,0.0013878447926906842
481130192082004,0.0013878447926906842
481130130051017,0.0013878447926906842
481130203003005,0.0013878447926906842
481130027032034,0.0015775258583589833
481130001002010,0.0007893419665749582
481130113002022,0.0008438702423187509
481130208004027,0.0013878447926906842
481130044003007,0.00016479461000379052
481130122072005,0.0013878447926906842
481130057002030,0.05422207614132412
481130110032014,0.0014165169909196363
481130099003075,0.00216834685394021
481130164092003,0.0013878447926906842
481130076041010,0.0015736764876032544
481130095002028,0.0013878447926906842
481130133001002,0.0013878447926906842
481130078122001,0.001975529696770093
481130117023026,0.0006018585812422297
481130117023015,0.00039821509833866067
481130056003018,0.000593452613108576
481130167091082,0.0013878447926906842
481130165273010,0.0024300141687260504
481130115002014,0.0013878447926906842
481130093011011,0.000652983654008938
481130073023035,0.0019389461738054496
481130096082001,0.0015775258583589833
481130093013013,0.048255276697341275
481130053003003,0.00032784468591383055
481130079061007,0.0011404077628731886
481130063013018,0.0008803054168709354
481130072032000,0.0007696430994151315
481130082003011,0.0002404624725545417
481130136103019,0.0013878447926906842
481130122132016,0.0022100380391384127
481130204022024,0.0005473037371459586
481130054002037,0.0016433204682109427
481130013013012,0.0032635470202322533
481130024001015,0.002243159510972626
481130171021028,0.0013878447926906842
481130082003036,0.0022407996457759387
481130185063016,0.0003788233077787977
481130016011020,0.0011596462817321986
481130128021015,0.0016690094435674262
481130212002012,0.0013878447926906842
481130107012032,0.0013878447926906842
481130063013014,0.0017312329324156318
481130126031022,0.0012892685163724657
481130099003058,0.0015775258583589833
481130097022026,0.0006028844063883978
481130136051006,0.001991678973320674
481130101011017,0.005448958343718468
481130099003072,0.0013878447926906842
481130128023006,0.0004330955174736854
481130208003000,0.002156243862498946
481130012041021,0.0008328683709451501
481130076051018,0.0010220918208209107
481130077023044,0.001832076124700074
481130101021033,0.0013878447926906842
481130091011002,0.018759327822053036
481130165261015,0.0013878447926906842
481130116042006,0.001098338422704601
481130136181010,0.0018637340714415336
481130084012007,0.0006571585020659548
481130114011015,0.0009847349280142786
481130092021025,0.0004906873696514874
481130056002017,0.00243266706689608
481130171021007,0.002358566349674502
481130125012014,0.0011680042749523589
481130080002012,0.001904686654926642
481130130052002,0.0008738134663686608
481130003002011,0.0016253705595312136
481130131011001,0.23612815683950697
481130205003001,0.0013878447926906842
481130170102006,0.0013878447926906842
481130025004013,0.0009081067163519022
481130108061003,0.01932314747724013
481130057002007,0.0024530623552870686
481130165212069,0.0013878447926906842
481130125011020,0.014998049638565955
481130112021020,0.0007022293485643373
481130061002018,0.00040002122812355187
481130100031034,0.0008590148363708454
481130051001026,0.0004919155800612038
481130210004009,0.0013878447926906842
481130012023026,0.000327893064537978
481130176052000,0.013588150539888707
481130078092007,0.0028836591900749907
481130130131002,0.0013878447926906842
481130119022023,0.00016777688795698581
481130062001024,0.00020792192572506037
481130116012015,0.023254264088097127
481130078101009,0.00020499185837910316
481130108062028,0.000760140655944758
481130118021012,0.0005162610417823895
481130134001010,0.0009418322952456746
481130130132027,0.0003316746324600197
481130027031006,0.0013209812496181807
481130020012000,0.0013878447926906842
481130053002027,0.0013878447926906842
481130106022014,0.0008307598894754185
481130001002023,0.0008270535284609512
481130006062002,0.3148994901264472
481130109061003,0.0005635001776333622
481130113003018,0.0013878447926906842
481130209001029,0.0017639839156988592
481130130131005,0.0011277201399552237
481130062003013,0.0009614809546434885
481130048001037,0.044868448153879116
481130133001019,0.003171797440930895
481130094013016,0.00042025798477142293
481130014001005,0.0024048513678525535
481130090012021,0.0012348347539696948
481130126031016,0.0021812143581203917
481130126031026,0.000824202074325954
481130117021017,0.0013878447926906842
481130085001007,0.0013878447926906842
481130067021051,0.0011864182172036748
481130004012012,0.012418730256779701
481130096033025,0.0007762628236785787
481130064021025,0.0013878447926906842
481130171021014,0.0005302228464748186
481130122072017,0.00021821464605500918
481130012023004,0.00012881386998364104
481130167111042,0.0013878447926906842
481130048002006,0.00011674903549701931
481130131021037,0.005227287202291564
481130027032050,0.0001667176598395917
481130027033014,0.002303766090675719
481130116031004,0.0013878447926906842
481130013013003,0.0014325835893249578
481130212003073,0.0007022293485643373
481130132024028,0.0013878447926906842
481130071021020,0.0015775258583589833
481130113002028,0.0005653268902433625
481130202002052,0.0010619860550404806
481130055002037,0.0013878447926906842
481130057001033,0.0013878447926906842
481130064022013,0.0010373743551002489
481130108072020,0.00012070637421961048
481130004012017,0.0022762718323361053
481130097022011,0.0010192485037287407
481130097022019,0.0013878447926906842
481130098022001,0.0013878447926906842
481130203003039,0.0013878447926906842
481130128022025,0.002087318055210838
481130116011004,0.008077068696427853
481130109031041,0.0013878447926906842
481130108062001,0.0013878447926906842
481130107041045,0.00020535022620809897
481130003002004,0.0013878447926906842
481130111032000,0.0037772518978839574
481130096112001,0.0003002438636785264
481130108061016,0.004252897260324503
481130061002009,0.0048584165957270475
481130073023025,0.0013878447926906842
481130078122011,0.0004995543664806685
481130012031005,0.0001322881659424975
481130087051019,0.002196471927378385
481130042013015,0.006297672688854426
481130096031009,0.0009554865375330948
481130096031031,0.007080126099299713
481130136051015,0.000492794721225435
481130124004009,0.0013878447926906842
481130092041009,0.0013878447926906842
481130054002016,0.00022442036514078395
481130054003000,0.060106631017382624
481130117013031,0.0017994086517016156
481130010012005,0.00021163973637460106
481130053001000,0.00026494351230663013
481130053002020,0.0013878447926906842
481130022002018,0.0005236323323764238
481130063022031,0.0042668991582060205
481130079121001,0.0013878447926906842
481130165212009,0.0006980211148347039
481130077023008,0.0016815361316347163
481130167101009,0.00038889492448383604
481130204012060,0.0013878447926906842
481130107015006,0.0013878447926906842
481130106011031,0.0001323437326337792
481130078012015,0.0008221631400565777
481130130093007,0.003166161029494635
481130001002025,0.0001527924984283522
481130090012019,0.006712258029136224
481130090011012,0.00027190507540521773
481130087013028,0.00073323248603691
481130112021011,0.00018747233255991688
481130190411014,0.0013878447926906842
481130192082008,0.0013878447926906842
481130096032001,0.0013878447926906842
481130076012019,0.0013878447926906842
481130064011032,0.001798539098303818
481130120002004,0.0013878447926906842
481130132024019,0.0013878447926906842
481130136152001,0.0015609342406589768
481130073012010,0.0013878447926906842
481130076051012,0.0023514664417836864
481130096092039,0.0013878447926906842
481130025002018,0.0022897768881354518
481130106012019,0.0013878447926906842
481130006081009,0.0013878447926906842
481130071011025,0.0013878447926906842
481130136201022,0.0013878447926906842
481130084011002,0.0013878447926906842
481130097022006,0.0004386553301244559
481130105001002,0.0001676505798997096
481130096042009,0.0013878447926906842
481130012022010,0.0013878447926906842
481130208001001,0.000231889580643984
481130096032005,0.0017743263278747487
481130130113020,0.0013878447926906842
481130130113018,0.0013878447926906842
481130027032029,0.00019107048052109587
481130025003018,0.3500942059136088
481130124001019,0.0013878447926906842
481130130101004,0.0021261215231118532
481130044003010,0.0013878447926906842
481130084021039,0.0013878447926906842
481130136051029,0.0022182425341152378
481130081011004,0.0024612570376135404
481130067021063,0.002404930642130754
481130052001031,0.001991678973320674
481130019013006,0.05926659778549966
481130181421001,0.0013878447926906842
481130063021002,0.007122972477360383
481130096072013,0.050456809731374876
481130002022028,0.0016087532167851015
481130037001027,0.002104512470833805
481130088022025,0.0006041104179300369
481130093013014,0.0029670695611295453
481130108072009,0.0016040403414032756
481130053001030,0.0013878447926906842
481130006091028,0.00040367802137832124
481130064022036,0.0013878447926906842
481130006051007,0.001991678973320674
481130071011023,0.0013878447926906842
481130027032002,0.0016310090390089576
481130136081009,0.0006348582625699564
481130059012000,0.0015415534572819855
481130027032003,0.0013878447926906842
481130209001044,0.0009943303583700674
481130111042031,0.003849852503310225
481130111013000,0.0003087106603850315
481130166341018,0.00289852075912779
481130136072009,0.0013878447926906842
481130096111013,0.12186619386411218
481130094021005,0.00034931624341211914
481130101012022,0.001280454060823193
481130096091032,0.0015017176850010167
481130096092017,0.0014964591027150226
481130096091005,0.006470219894017113
481130122062022,0.002308094284270823
481130122061024,0.000760140655944758
481130009012004,0.00011607925023137559
481130208001005,0.00043085970597983033
481130112011017,0.00013991946780047616
481130114013018,0.005308370135523748
481130055003024,0.0013878447926906842
481130110032017,0.0007033156170371616
481130101022008,0.0007545713960805649
481130043001113,0.0002754047418047744
481130136071016,0.0010013857219691815
481130123024004,0.11633661811526565
481130205003020,0.0013878447926906842
481130082003005,0.0018932285418232588
481130082001006,0.0005161587208064024
481130095002036,0.0011661269296155189
481130087041007,0.0026976707133697726
481130067011011,0.0013878447926906842
481130127013007,0.0015506786252559891
481130088012004,0.00047259858736656225
481130005022006,0.0035782284673570395
481130131021012,0.0018552497084660601
481130099001035,0.0013878447926906842
481130131021003,0.0013878447926906842
481130131021010,0.0013878447926906842
481130171022001,0.00017936209852945065
481130009012001,0.0013878447926906842
481130009012018,0.004199970181568355
481130052002005,0.0006972650722800957
481130165212058,0.00043530386612076463
481130133002007,0.0026768022769082414
481130096052004,0.031499265875766666
481130067012013,0.0013878447926906842
481130208002043,0.0013878447926906842
481130011022011,0.0013878447926906842
481130011011004,0.024606390307962
481130117013039,0.0013878447926906842
481130132024009,0.0013878447926906842
481130061001017,0.0013878447926906842
481130136051021,0.0009943303583700674
481130181452022,0.0013878447926906842
481130078241028,0.0018561056834439653
481130099003010,0.0013878447926906842
481130206001057,0.002832438458535069
481130079032015,0.004052651559767064
481130136103023,0.001278959151150238
481130130092011,0.0037196337661885744
481130130132026,0.0013878447926906842
481130042011003,0.0013878447926906842
481130073012013,0.00037463484382229296
481130190405037,0.0013878447926906842
481130136063016,0.002703653896111327
481130027032033,0.0013878447926906842
481130171023002,0.0013878447926906842
481130164121027,0.0013878447926906842
481130054001018,0.0006222513061742159
481130119022015,0.0013878447926906842
481130119011003,0.0021356729124014087
481130084022037,0.0003193097672916799
481130100032121,0.0016025574904042664
481130105001013,0.0002920096790230236
481130105001003,0.0026794162623917915
481130048001043,0.005469229631759661
481130059012039,0.001237149200567753
481130113003024,0.00032964491349695086
481130134001043,0.0013878447926906842
481130094022021,0.0010372000152964484
481130096041011,0.0013878447926906842
481130064011019,0.0001669463012911601
481130087051032,0.0013878447926906842
481130087051031,0.0008750483693505068
481130111051014,0.00014354179980126822
481130116011005,0.0013878447926906842
481130165211001,0.0013878447926906842
481130100021006,0.0021284273531641503
481130045002004,0.002136641364465795
481130045001019,0.001421314462502855
481130112011015,0.0013878447926906842
481130015022004,0.0001742338605314874
481130108092008,0.0009519663670153689
481130136221018,0.0013878447926906842
481130053004037,0.0010829470971885492
481130107011015,0.00036479298822134976
481130007062006,0.0013878447926906842
481130011022010,0.01848975254228652
481130048002005,0.0006475708766735587
481130037002013,0.0013500106928497648
481130119021017,0.0003552103928249908
481130050002036,0.005197307585155648
481130011011012,0.00124871981557522
481130071021018,0.005801817873910508
481130079061011,0.0008221631400565777
481130190405010,0.0013878447926906842
481130130131013,0.0008221631400565777
481130202001026,0.0007030364180754167
481130055002012,0.0010176568408134937
481130115002026,0.0020764496615417773
481130045001028,0.002546285002159798
481130165212060,0.0008750483693505068
481130006061022,0.0013878447926906842
481130115002029,0.0013878447926906842
481130006081004,0.0036320594673595508
481130064011021,0.0002735507241054663
481130064022045,0.0013878447926906842
481130165341001,0.00030590972128169826
481130133002018,0.0034644523419688883
481130096051011,0.00016861891771452388
481130113002017,0.0020711094257388997
481130088022008,0.0007835310672122844
481130105002032,0.00017016502771558128
481130136092031,0.0008571547544982683
481130202002009,0.0020705480349562915
481130206002049,0.0014242534049981814
481130061002034,0.00146804584266125
481130110031000,0.0009250367113390591
481130136053008,0.004641102338275514
481130078291014,0.0013878447926906842
481130065021018,0.0008926612897129557
481130124001026,0.0006899404242178276
481130165333006,0.0013878447926906842
481130206002027,0.0013878447926906842
481130013013000,0.002320701515884962
481130006082007,0.00018120039070514536
481130061001021,0.05758622809504958
481130101021010,0.007967187120696377
481130046001007,0.0013878447926906842
481130078053001,0.0014470663313505925
481130078121016,0.00035299624565030875
481130100032059,0.00047943053779838784
481130025002011,0.0012135989245324892
481130088022027,0.012022780903049785
481130107012060,0.00010737919095777423
481130126012010,0.0013878447926906842
481130008021001,0.00040980074222610267
481130093031012,0.0011158058659259975
481130190405006,0.0009250367113390591
481130202001016,0.0013878447926906842
481130087013004,0.03694528818019343
481130107012046,0.0005643829443238412
481130081023003,0.0006716159755770453
481130115002055,0.0013878447926906842
481130006102008,0.007117739508980359
481130164211011,0.0013878447926906842
481130190163011,0.0017283786695728655
481130190411018,0.0013878447926906842
481130135001005,0.0007698889256876986
481130090012025,0.0013878447926906842
481130076051033,0.0013878447926906842
481130136112012,0.0013878447926906842
481130136091005,0.0013878447926906842
481130206001020,0.0013878447926906842
481130136103000,0.0024742267594470633
481130170092004,0.0006475708766735587
481130084022008,0.0013878447926906842
481130012022012,0.0009943303583700674
481130133001004,0.0003782218936010467
481130079023014,0.0013878447926906842
481130020012005,0.0013878447926906842
481130208002001,0.0020500752121003
481130092032028,0.0013878447926906842
481130190194003,0.0013878447926906842
481130096032007,0.0013878447926906842
481130096043005,0.00025537290822210426
481130122071004,0.000180514048210049
481130079024011,0.0013878447926906842
481130204012057,0.0013878447926906842
481130208004010,0.008695828907146432
481130105002041,0.0007686488926720946
481130068002014,0.000663565484776125
481130092023018,0.0013878447926906842
481130059013024,0.00872138328467091
481130094012018,0.0007335591850200581
481130099001020,0.0013878447926906842
481130116042013,0.0001906884700537593
481130140021182,0.0012136161832581513
481130136061025,0.0013878447926906842
481130136061016,0.0006168590125573095
481130073023026,0.00042808304446973226
481130055002000,0.0007809387013165769
481130050001006,0.0005838808116292378
481130050001019,0.0013878447926906842
481130020021009,0.001949225427058709
481130051001029,0.002377239053202009
481130100012048,0.0013878447926906842
481130105002034,0.0013878447926906842
481130100032021,0.003085387649921062
481130192081017,0.0012345517155610511
481130122072009,0.0005900989348237687
481130123011005,0.0003722439020179813
481130081023007,0.0013878447926906842
481130082002000,0.004195463853822118
481130126013001,0.000729072170544822
481130080001019,0.0006980211148347039
481130091051001,0.0015896234205645733
481130024003002,0.0013878447926906842
481130113001014,0.0007288636000171448
481130096071011,0.0013878447926906842
481130002013006,0.000563761992744427
481130068003003,0.0013878447926906842
481130136051012,0.0020186146485509314
481130004103048,0.004145110299975537
481130205001014,0.015999534165857476
481130020022025,0.06011520057783354
481130099001075,0.0001187375841117911
481130086041001,0.0008053790741389988
481130002013001,0.0034096710465630928
481130122062016,0.011009395832138271
481130128023016,0.0002684110582937247
481130003002013,0.003518217035116992
481130010021010,0.0016556898502477276
481130092021015,0.001044504768728322
481130092022003,0.000135156492748439
481130119022037,0.0008085997950859241
481130112011010,0.0016561461144124802
481130080006015,0.0021057439003849343
481130079022018,0.0013878447926906842
481130130121016,0.0007702220641655884
481130208003038,0.0013878447926906842
481130056002014,0.003773313954002808
481130071024012,0.000733984035283195
481130208002011,0.0006784901879746947
481130098023004,0.0015207802286071798
481130095002014,0.0007286514814539869
481130129002017,0.0013878447926906842
481130181441018,0.0013878447926906842
481130053003033,0.0007964134888514135
481130136054006,0.001483795456558512
481130116032000,0.00010085564259705906
481130210004023,0.00313495499689501
481130082003022,0.0002166038155221996
481130110021006,0.0010738768097656767
481130087013000,0.00016338206558152144
481130090012011,0.0017994201515005538
481130211001004,0.0013878447926906842
481130053001012,0.0013878447926906842
481130159002023,0.0013878447926906842
481130117011022,0.00030777235305259415
481130043001096,0.0013878447926906842
481130122073013,0.0009052055407047593
481130114013014,0.00016849306201315357
481130117013014,0.0008145511303972161
481130079025011,0.001170129766040926
481130078092006,0.0011915412381543512
481130131011014,0.023111095923460778
481130027032001,0.0007074003617262892
481130130131012,0.0013878447926906842
481130073012023,0.00039351942862888797
481130100012054,0.0013878447926906842
481130106011016,0.00030731052200649514
481130099001056,0.0013878447926906842
481130190193003,0.000918799313015695
481130096071014,0.0007133441685344027
481130068001003,0.0018471856974735324
481130165272007,0.0017459603960746886
481130212002016,0.0013878447926906842
481130119021010,0.00436907350625217
481130167111040,0.00486649550192475
481130164091002,0.0013878447926906842
481130101021002,0.0013878447926906842
481130128011014,0.0009031203536111613
481130130081011,0.0014321327572725815
481130013022003,0.0013878447926906842
481130128021005,0.00021315731463516585
481130093043007,0.0013878447926906842
481130093013025,0.007032967051629784
481130056003025,0.0003391729124510958
481130125012006,0.0013627441986572243
481130063013019,0.01646624870158343
481130128011002,0.0013878447926906842
481130166341042,0.0008624980657217552
481130167111014,0.03048886927030897
481130042012007,0.0013878447926906842
481130004012024,0.0013878447926906842
481130053003037,0.0007810224655732653
481130047002027,0.0018962090390141106
481130100032008,0.02909998109132361
481130135001014,0.0013878447926906842
481130076011001,0.0018470314552234799
481130054003046,0.00011573899237148316
481130136051028,0.006475895503305276
481130110031014,0.000160519049646934
481130004071001,0.01041489124069287
481130012041006,0.002486559919297886
481130024003005,0.0013878447926906842
481130024001025,0.0021893233493020113
481130088012000,0.0013878447926906842
481130065014011,0.000858668952168025
481130209001003,0.0001340989858256851
481130100032136,0.0013878447926906842
481130106022002,0.00094719565009604
481130116011003,0.0013878447926906842
481130002013019,0.004127355489163371
481130002013017,0.038680849559212784
481130122121025,0.0027625393809017525
481130027031002,0.0003466964056694406
481130210002014,0.005714978534754709
481130093041014,0.0018114550200947778
481130117013015,0.0013024617860937654
481130073022025,0.001029313520250515
481130136072044,0.0007022293485643373
481130054001044,0.010067496206194989
481130171021011,0.0017250857599081853
481130166341011,0.0003843169226651663
481130006061021,0.0008956802536653546
481130027033038,0.0013878447926906842
481130085002021,0.0006747213840973247
481130109031037,0.0012297110197321175
481130061001001,0.0013878447926906842
481130059021021,0.0025793162768096307
481130064021020,0.0013878447926906842
481130100032193,0.0013878447926906842
481130112022036,0.004061507484828982
481130057002033,0.0007020432791054576
481130065014000,0.0006534723087596837
481130004101010,0.001174066179939567
481130006061019,0.0013878447926906842
481130136072006,0.0005332273646805063
481130057003014,0.00221632856758667
481130047001017,0.00013983864924808394
481130141193017,0.0013878447926906842
481130178054007,0.0013878447926906842
481130129001001,0.0010633537415731947
481130190353000,0.017788157157671514
481130025004055,0.0004019458934522908
481130211002017,0.0006396006845808922
481130057003001,0.007772439286459981
481130211001033,0.0010496235454837903
481130055003013,0.0012986900301999041
481130108092019,0.0003710810612455209
481130206001017,0.0001316274792371671
481130078102010,0.0013878447926906842
481130053003006,0.0013878447926906842
481130059021008,0.0013878447926906842
481130093011006,0.000353636171580366
481130024002034,0.0005463100894868168
481130064021004,0.0013878447926906842
481130084011032,0.0009109031736792544
481130076042007,0.0013209812496181807
481130009012003,0.008698797057146636
481130167091012,0.0005909773304136724
481130097012016,0.0013392901000742025
481130078251012,0.0005074688652147171
481130054001019,0.0023943105263335455
481130134001037,0.000418726159757486
481130042011006,0.0023017828762785077
481130101021036,0.0011605969913490418
481130063022041,0.0008852467734751717
481130053002022,0.0013878447926906842
481130130051015,0.003307002365035065
481130122071002,0.0026791182372250632
481130015021005,0.0007000375657531684
481130059022003,0.0018092715621809963
481130210001006,0.0005188432357454498
481130092031000,0.0008403868551116956
481130136072016,0.0003668762407691019
481130134001035,0.0013878447926906842
481130136081030,0.0017743263278747487
481130087051001,0.010610136234560724
481130178081007,0.0013878447926906842
481130090012035,0.0007680995954858858
481130120003030,0.0013878447926906842
481130077023018,0.0013878447926906842
481130120002006,0.0010876001517236666
481130107041009,0.00019005078719084136
481130097021012,0.0013878447926906842
481130020011003,0.0013878447926906842
481130025004002,0.0013878447926906842
481130206001059,0.0013878447926906842
481130079023028,0.002136641364465795
481130081021000,0.0013878447926906842
481130130072022,0.0013878447926906842
481130206002024,0.0013878447926906842
481139801001026,0.0013878447926906842
481130004092007,0.005160145477391097
481130136251000,0.003085387649921062
481130105002037,0.0002456005596760991
481130121022026,0.0013878447926906842
481130063022028,0.005776726959244608
481130129001002,0.0013878447926906842
481130078091007,0.00017716992239610936
481130118013002,0.0015017176850010167
481130171023017,0.006038528042737537
481130192132009,0.0013878447926906842
481130190406021,0.0013878447926906842
481130124001020,0.0013878447926906842
481130069001013,0.0013989458488967784
481130178051014,0.00017599312230566635
481130171012003,0.0013878447926906842
481130136182000,0.0013380762942056704
481130099001015,0.0013878447926906842
481130098031020,0.00011287233492011086
481130078012002,0.0015775258583589833
481130087013025,0.00033832219199443424
481130096092016,0.002651611060418065
481130054002034,0.0009576323748587345
481130072052004,0.23497028301468478
481130073023036,0.0018932285418232588
481130115002075,0.0019857435814747875
481130122061031,0.0026791182372250632
481130099003103,0.0013878447926906842
481130011011001,0.0019691304553040023
481130130092015,0.0015775258583589833
481130055003032,0.0024041976285420407
481130020021020,0.0007407448886683431
481130125022013,0.0010422371458346724
481130079062004,0.0013878447926906842
481130125022039,0.0002997620132253197
481130011014006,0.00025928614256465893
481130209001043,0.001685709156923729
481130171021029,0.02650810473006361
481130107012031,0.0001546708648521163
481130117022003,0.0013878447926906842
481130105002022,0.003384420508781005
481130002013020,0.0019501210978582284
481130068002018,0.0011919749458299432
481130165112003,0.0007818014215762283
481130084011014,0.0013878447926906842
481130084011015,0.0011962724935372525
481130062003033,0.002627697388343811
481130006051010,0.0007331413162797443
481130096091015,0.00028841935888341327
481130003004005,0.0008952994808955373
481130210002008,0.003284456274705496
481130057002009,0.001197035298791816
481130210004000,0.0007292187408407781
481130067021037,0.0008872675765253217
481130043001133,0.004934029409971004
481130080003017,0.006319444234095004
481130202002060,0.001783539481736121
481130079031013,0.004270724263999031
481130084022032,0.0013878447926906842
481130078122015,0.0009943303583700674
481130202001030,0.0013878447926906842
481130012023027,0.0005373173478348186
481130210001005,0.0001348576797843588
481130087042007,0.0036586225111012046
481130113003000,0.0007009981671074599
481130087051016,0.0026649725724979265
481130211002037,0.000689558992237889
481130086042004,0.00015107993456764556
481130046001042,0.0029300731024421906
481130136071023,0.0013878447926906842
481130008012004,0.0006992986173506322
481130136213000,0.0030511837409659304
481130096112014,0.000591419181405452
481130118011023,0.0013878447926906842
481130027033021,0.0018677058294639267
481130105002001,0.028211122034968974
481130093041008,0.0017743263278747487
481130170101001,0.0013878447926906842
481130108062008,0.0002904156652598419
481130056002020,0.0013878447926906842
481130211001006,0.0013878447926906842
481130208002018,0.002885653195071315
481130055003021,0.0014194825149871282
481130112011000,0.0010220918208209107
481130096051002,0.002477934657063317
481130095002021,0.005886872495316358
481130165281011,0.0013878447926906842
481130060022001,0.020455733139302604
481130096032003,0.001890838083915139
481130027032074,0.0031687401294471433
481130097012009,0.003964243214101623
481130096102006,0.0028430850136535704
481130087051000,0.0010748779637076318
481130079032009,0.0037445842187004705
481130131012042,0.00014129146347982804
481130131012016,0.0012912991676246324
481130020012004,0.0030550929498953387
481130107042001,0.0561117102842807
481130051002020,0.0008462121430937309
481130004091000,0.0021604633180205553
481130190405019,0.0013878447926906842
481130098021008,0.0032033899246016006
481130211002082,0.0013878447926906842
481130025004040,0.00012561311512250135
481130044003012,0.0005332273646805063
481139801001013,0.0013878447926906842
481130046001023,0.0012956423772277224
481130176051005,0.0007380177340681896
481130117013030,0.0017283786695728655
481130054002027,0.0011554208250579372
481130047001001,0.002270474167867229
481130105002007,0.0013878447926906842
481130002022032,0.0019813558045454595
481130059012009,0.000762396241718981
481130059012014,0.0006475208147289977
481130057001016,0.008149219370131505
481130054003013,0.0019891778613737752
481130056001018,0.0012859376017738957
481130063011015,0.0024829253186754974
481130002022034,0.0013878447926906842
481130209002045,0.0013878447926906842
481130073023003,0.0013878447926906842
481130085001004,0.0013878447926906842
481130065022001,0.0006192323582618943
481139801001009,0.0013878447926906842
481130045003009,0.0017594941659737592
481130052001024,0.0005446775421971437
481130052001004,0.0012939756771848181
481130065022003,0.004140262945770655
481130064011011,0.0033910788492877617
481130166341032,0.00027018785225905995
481130135001018,0.0024207442595624187
481130076011002,0.0013878447926906842
481130078292005,0.0013189077065239184
481130042011026,0.0001892337664487882
481130101012010,0.002446338444412198
481130212002018,0.006477686978598647
481130109031010,0.0023343308853073954
481130107011013,0.0022080463503166984
481130132011026,0.0026249082574359333
481130077023011,0.0013878447926906842
481130122132004,0.0006810502158268648
481130190405008,0.0011953204828510204
481130061002007,0.00032271051555008573
481130117011008,0.0002306183299444926
481130100021038,0.0013878447926906842
481130004092000,0.0013878447926906842
481130022003030,0.0006179338709845217
481130059013002,0.0011419972402172886
481130087031010,0.0034286767675787058
481130087031007,0.0004895609031019217
481130055001039,0.0003958463853810506
481130120003009,0.0008825983190367163
481130120003007,0.0017602295690680918
481130165212017,0.0005630977031072557
481130208003033,0.004041995277540887
481130076041036,0.0004193390210030896
481130076041035,0.0009279519542451818
481130063011010,0.0016737753219714243
481130115002009,0.0013878447926906842
481130091011004,0.0010073080154543205
481130101012000,0.0013878447926906842
481130094022017,0.001920256813949258
481130094022036,0.0013878447926906842
481130062003042,0.0013878447926906842
481130109061015,0.0009262932693340281
481130136063026,0.00011980518580076623
481130057003028,0.0006810755849299935
481130108081000,0.00105419954279207
481130109031021,0.0013878447926906842
481130071012003,0.003870886325138079
481130111032011,0.0034391578710503586
481130111032015,0.0020356609278308025
481130111031011,0.0007755263989895287
481130136054001,0.000551472685995096
481130093011025,0.0030731706856785466
481130136092017,0.005338680689998446
481130136072043,0.0022455314866793477
481130136062014,0.0019916810617882966
481130078292016,0.005867757158143845
481130072042020,0.001597951385600264
481130127012010,0.0010633537415731947
481130124003003,0.001689897874589545
481130124002016,0.004652206312494091
481130078251002,0.0038253826733515264
481130091032008,0.002073670847616726
481130091012011,0.001308394574907248
481130122132008,0.0001841358980510211
481130118022020,0.0023510278958005534
481130118022019,0.005570688307781608
481130043001044,0.000799838459487602
481130008013000,0.00011152282202477116
481130010022009,0.0011864544522477603
481130011014003,0.0007016566745859159
481130078102012,0.0008775284153937661
481130015042007,0.0031102615613117887
481130014002007,0.0006800383053106253
481130092023023,0.0066061447153053215
481130042012017,0.00018459024777399587
481130131021022,0.0013878447926906842
481130105001008,0.002107327798098514
481130076042032,0.00016031725684037914
481130078241039,0.0012935705670842133
481130084012030,0.0001549627500981003
481130093032033,0.0013878447926906842
481130084021011,0.0004809817281277837
481130055001026,0.009070796777373337
481130106021019,0.0005984303976401444
481130020022003,0.0005332273646805063
481130112022002,0.0023351703339899
481130112022014,0.002107327798098514
481130210001001,0.0013878447926906842
481130170051004,0.00014322596580586253
481130209001026,0.0011850102346201408
481130059023005,0.005395170494741917
481130136071022,0.01742676556932005
481130081021009,0.0018693475260674578
481130096042030,0.0006168590125573095
481130136111015,0.0013878447926906842
481130136172017,0.0013878447926906842
481130136201018,0.6374355715538663
481130076012004,0.0005187575120124541
481130078011009,0.0007327246177856085
481130165341016,0.0015732549772015777
481130054002045,0.0028609384693015103
481130109031048,0.00032236181837542874
481130167101013,0.00210187807399374
481130078011016,0.011180931643616313
481130077023010,0.0008750483693505068
481130204022066,0.0024903860759495425
481130042021013,0.0009559416197245295
481130073012007,0.003497835926671747
481130129002016,0.0013878447926906842
481130081022038,0.00024385106601868797
481130095002017,0.0016757522134727408
481130094012009,0.0013878447926906842
481130094013018,0.0013878447926906842
481130121011008,0.0013878447926906842
481130106021003,0.0010137794315102106
481130100015008,0.0016326232411552407
481130100021040,0.0013878447926906842
481130068002002,0.00045562595389993634
481130132024032,0.0013878447926906842
481130136172034,0.0008903682907737741
481130096071003,0.0005245113171609702
481130012022018,0.0013878447926906842
481130178054022,0.0013878447926906842
481130209002018,0.0013380762942056704
481130079031012,0.00042276219087421897
481130112011008,0.00204847551075356
481130007052010,0.0013878447926906842
481130044003002,0.0011261193182953851
481130122074027,0.0011953204828510204
481130178051013,0.0013878447926906842
481130078052015,0.002666173399162566
481130167111003,0.005585634489115509
481130167091047,0.0007193747541685413
481130071021015,0.000562965409712798
481130013021001,0.012391184630863073
481130009022003,0.006630330216864258
481130136051010,0.000761394892036138
481130027032058,0.005211649323614437
481130171021016,0.0015613713434502834
481130129004025,0.0005264889494189305
481130085002030,0.000826368442620327
481130072062002,0.0002621022777141045
481130111011021,0.0049621354434131225
481130079061001,0.017788840470526368
481130165212059,0.0019487766615478102
481130065022040,0.0035991328290990777
481130123012002,0.0013878447926906842
481130109043002,0.0013878447926906842
481130212001005,0.0037772518978839574
481130130132023,0.0029304238543697027
481130057001007,0.0008165071320048207
481130027032004,0.0022891863448890326
481130024001029,0.0006753651204752227
481130208004024,0.000153381535300214
481130171011022,0.0004097639859239116
481130209001015,0.0015017176850010167
481130111041004,0.0013982799983597578
481130096071010,0.002078082343477334
481130002023013,0.0007399203020213971
481130011012007,0.001996838784085482
481130069001008,0.013368111349072495
481130073023014,0.007013308449816759
481130004103050,0.0010223986370337544
481130004102006,0.0011454279459331123
481130084012010,0.0021567372637177765
481130111042005,0.00032130627862884796
481130022001011,0.0013878447926906842
481130208003036,0.003000951634065658
481130114013015,0.00016095422307230614
481130117022001,0.001011374425908033
481130037001001,0.008129276753186991
481130005031005,0.1562156869557401
481130171023023,0.0004897501498273016
481130005011004,0.0025554806125127442
481130136061012,0.0013878447926906842
481130190181011,0.000736436986019138
481130209001052,0.003027212623092307
481130087042010,0.0013878447926906842
481130192122000,0.0003159875367860315
481130095001019,0.0011953204828510204
481130111013003,0.005365962277343766
481130094022001,0.0013878447926906842
481130130051016,0.0013878447926906842
481130122071020,0.0002679890729173778
481130055003040,0.0013878447926906842
481130100032097,0.0013878447926906842
481130116042029,0.0013878447926906842
481130011013010,0.0005778178802974314
481130128023013,0.0004912640032318275
481130096033032,0.0014521398314298248
481130084012018,0.00822133240387347
481130165212067,0.0013878447926906842
481130071025010,0.0011636251421384607
481130126012015,0.10271217023422517
481130056001025,0.0005013612458764744
481130165211004,0.21344397989397387
481130076041003,0.0014697310133478284
481130136101033,0.00945603630771637
481130043001130,0.00014851284149940263
481130043001027,0.0013878447926906842
481130067011018,0.0003378617096812892
481130068002022,0.0013878447926906842
481130065022006,0.0003629797087543543
481130004012010,0.0007038491307917814
481130108092038,0.0002169652398248413
481130099003006,0.0013878447926906842
481130027032009,0.0013878447926906842
481130107043010,0.0013878447926906842
481130107012048,0.002951037326698013
481130133002001,0.000176175037566596
481130140011078,0.0013878447926906842
481130002012006,0.002107327798098514
481130008012011,0.00638510803250457
481130117012000,0.0023718666176342773
481130062001009,0.0012593650610096521
481130050002051,0.002754935257418781
481130062003041,0.0013878447926906842
481130062003005,0.004084569598785844
481130099003023,0.0015775258583589833
481130062002011,0.006015447403518346
481130119021006,0.00022217812826503446
481130126043012,0.0011543021041093868
481130009012008,0.00018894854029566328
481130084022014,0.0021498107241419593
481130064022030,0.0019459856561758041
481130105001000,0.000390357406057289
481130105001014,0.0008812022507045171
481130127021006,0.0007022293485643373
481130001001004,0.001678505630448866
481130101012006,0.0010662773205361267
481130107012052,0.0013394165952906687
481130167101008,0.0013878447926906842
481130107041043,0.0013878447926906842
481130042011020,0.0012465900388495968
481130124001014,0.0006184005510717986
481130050002030,0.033481692838192696
481130064022011,0.0013878447926906842
481130064021017,0.0002410059358200463
481130100031041,0.0009565023939430423
481130044001017,0.0005550306042307452
481130167111048,0.0033123970282332364
481130108092018,0.002429034777319569
481130109031038,0.0013878447926906842
481130006112000,0.0013878447926906842
481130007051007,0.015881041419672077
481130065014009,0.00038099264978009076
481130122113001,0.0001919049874850225
481130082003018,0.0013878447926906842
481130082003027,0.0017248131987880869
481130056001031,0.006102060692557819
481130092041030,0.00022246161011163135
481130085001039,0.0013878447926906842
481130014003028,0.0021106214045827423
481130110032021,0.0016798448288396265
481130100021033,0.0018370173197233422
481130067021016,0.001480965710795619
481130136071008,0.00022393924151368455
481130022003039,0.0023583510025553507
481130115002007,0.0013878447926906842
481130057003024,0.00018257842934311038
481130057002027,0.0005658989357320455
481130001001012,0.0004170205670608345
481130113002014,0.002811688795062918
481130085002042,0.0015842703566319337
481130208003005,0.01135676610501207
481130078241016,0.001991678973320674
481130064021000,0.001134543008526188
481130044001002,0.0018595179985471488
481130087032012,0.000102124820890635
481130117013005,0.002446338444412198
481130060023011,0.0017367387418761816
481130096071000,0.0013878447926906842
481130088023006,0.006255014884269988
481130136221011,0.0013878447926906842
481130059013018,0.001360548645064944
481130107041001,0.0013878447926906842
481130073022000,0.0013878447926906842
481130136082016,0.003127585110145766
481130093043002,0.00018206627275998248
481130059012010,0.004917291773470002
481130108093019,0.003085387649921062
481130111031012,0.0004446803425199469
481130178051011,0.0013878447926906842
481130025004049,0.00039520201270040517
481130093032032,0.0009329881807190165
481130065022011,0.0013878447926906842
481130078102004,0.0008085997950859241
481130078121019,0.05184959157308561
481130010022014,0.003871035142273174
481130087032019,0.0013878447926906842
481130079022012,0.00010227084460782896
481130136102022,0.0022251997002409175
481130128012011,0.008635830869651051
481130107043009,0.0008750483693505068
481130062002020,0.0010383463543333098
481130042011001,0.00022907570765657418
481130100032096,0.002284023422617416
481130203003028,0.0001013592408102199
481130202001015,0.00011010534274307611
481130072051003,0.0071727613567183525
481130084021005,0.0033541948392642818
481130014003022,0.0013878447926906842
481130087013019,0.006146476003151009
481130090012014,0.0013878447926906842
481130073011018,0.0005919450532315773
481130078103000,0.0013878447926906842
481130100032114,0.0001728789543774205
481130096031036,0.0013878447926906842
481130136201013,0.0013878447926906842
481130206002002,0.0013878447926906842
481130170081011,0.0013878447926906842
481130091013005,0.003070557858893114
481130192081023,0.0013624750444272533
481130077023049,0.005683401284064493
481130136182011,0.0013878447926906842
481130067011009,0.0030242001753162887
481130079023027,0.0013878447926906842
481130078092030,0.0007893698492588459
481130055003006,0.0013878447926906842
481130095002012,0.0013878447926906842
481130127011005,0.005642999721677158
481130094013011,0.0013878447926906842
481130097021023,0.0013878447926906842
481130025004041,0.0013878447926906842
481130136082007,0.0011605969913490418
481130123025010,0.0013878447926906842
481130078231002,0.0013878447926906842
481130078102003,0.0013878447926906842
481130099001062,0.0013878447926906842
481130020011028,0.0013878447926906842
481130136152021,0.0016547714012206333
481130121021022,0.0021498107241419593
481130005021004,0.002401021210797619
481130085002015,0.0013878447926906842
481130165272008,0.0007149739298830023
481130020021003,0.0004452535577872612
481130096033015,0.0013878447926906842
481130130113004,0.0013878447926906842
481130159002007,0.0013878447926906842
481130130101011,0.0013878447926906842
481130100012017,0.0013878447926906842
481130130071010,0.0029549753472597065
481130119011000,0.0023210289424569304
481130003002003,0.0008234569253671382
481130013012014,0.0006430854579003381
481130076041007,0.0006759458024191392
481130131012003,0.0013878447926906842
481130132023001,0.07303504677718393
481130121011003,0.000640906449752678
481130211002024,0.0011680042749523589
481130078012004,0.0007438707148945877
481130064022031,0.002722287071925638
481130057002040,0.0004428806318044824
481130094011003,0.0015775258583589833
481130097011023,0.011510593763486473
481130079061015,0.00014576197759299115
481130108071006,0.0013878447926906842
481130111011022,0.0021498107241419593
481130047002024,0.0010192485037287407
481130100012044,0.0013878447926906842
481130106022024,0.0018470314552234799
481130212002010,0.0013878447926906842
481130212001030,0.002451506335594444
481130071024011,0.0013878447926906842
481130125022031,0.005580373013387042
481130125011018,0.0014332103990218404
481130122132009,0.0021967126735218455
481130008011010,0.013098582356524752
481130091051015,0.0028478332808971876
481130209001062,0.0013878447926906842
481130212001023,0.0013878447926906842
481130107012058,0.0013878447926906842
481130163011004,0.0013878447926906842
481130126031011,0.0008466149568412221
481130002013011,0.0011953204828510204
481130136053005,0.0003403557628948171
481130136053000,0.005090192607290134
481130203003021,0.0013878447926906842
481130101012005,0.0011533949656302568
481130101011031,0.00029161005831338665
481130101021031,0.0010839217020560865
481130128023015,0.0012622608615686592
481130114013009,0.0007743747099014296
481130065021019,0.00040929866985081224
481130094011013,0.003349498498772671
481130079023016,0.0007913054575193217
481130210001008,0.00038893504223259435
481130208003025,0.0012005353898495023
481130110032000,0.0013878447926906842
481130110031018,0.08188659676798575
481130100032045,0.0013878447926906842
481130136071027,0.0013878447926906842
481130098031021,0.0011438532674684376
481130046001017,0.01756567855714916
481130081022000,0.000645617093762105
481130006061015,0.0013878447926906842
481130080004027,0.0007162709869443067
481130130053002,0.0035581899430107574
481130111042023,0.004145809569358118
481130106011028,0.0013281247492292537
481130091042023,0.0016001386332839037
481130096092019,0.0006446953860691129
481130108051004,0.0008085997950859241
481130135002017,0.0037961775679573235
481130044003019,0.0033011211695169167
481130118013019,0.0007328818015807631
481130113001023,0.0013878447926906842
481130165261001,0.00010846136670084585
481130094012002,0.0005362560301947317
481130202001029,0.0013878447926906842
481130027032068,0.003307002365035065
481130136051019,0.0010238134912317666
481130094022043,0.00015963787901783055
481130004103040,0.0019972197378014585
481130099003032,0.000812183517405722
481130027032020,0.00127784626467033
481130014003026,0.006304111195953441
481130056003021,0.0002985665041501821
481130020012008,0.0021261215231118532
481130063012014,0.00018554583742400643
481130006051006,0.002052431430219113
481130106011018,0.0007179028017147655
481130106012014,0.0020913406008619263
481130136063019,0.0006254676894325279
481130002012015,0.0006015315925597218
481130055003020,0.0011988629218107946
481130116031025,0.0006178638058455569
481130167101005,0.0013878447926906842
481130061002013,0.0013878447926906842
481130126012001,0.0013878447926906842
481130130072031,0.0013878447926906842
481130121022021,0.0018280149739197096
481130208003078,0.0016289569975082288
481130011013005,0.00020096160327451185
481130064011024,0.0008403176872521085
481130065021006,0.0013878447926906842
481130067021066,0.0011672085985898913
481130045002035,0.0008737759422420243
481130202001010,0.0003940093386177025
481130171021033,0.0007868832306159504
481130111051017,0.0015965663915775076
481130063021033,0.0012478002671079376
481130013022016,0.0013878447926906842
481130109043001,0.0013878447926906842
481130113002025,0.002136641364465795
481130107041016,0.0031513872256804577
481130107012026,0.00015016623779774875
481130131021014,0.0009367708747160501
481130131041004,0.001904656693207345
481130122132007,0.0007022293485643373
481130016011026,0.0006147724389196308
481130117011009,0.000139929777396126
481130087041013,0.006734596772598227
481130165112004,0.0013878447926906842
481130045003030,0.0013878447926906842
481130073022023,0.0001919298557069163
481130071021008,0.00025006970970055804
481130136072026,0.0030587307784954664
481130211002058,0.015434859212919412
481130059013008,0.0009251938252731172
481130087042000,0.0019181342529692572
481130056001024,0.0003611602406245497
481130208003059,0.0006487648457842507
481130165112034,0.0011864544522477603
481130043001104,0.002355617486002403
481130054001007,0.0011195045343243388
481130123012000,0.08554850827920786
481130064011005,0.0013878447926906842
481130209001010,0.00371850189606803
481130006082003,0.015279896622857907
481130171011024,0.0013878447926906842
481130132011011,0.0003710810612455209
481130082003030,0.0053532016278739795
481130016021019,0.0014294729235290505
481130065022042,0.0007685592172761095
481130129003013,0.0047772020989475476
481130054002005,0.0013878447926906842
481130054002003,0.00021315731463516585
481130136062008,0.001814408606187365
481130051002001,0.00116476611149231
481130043001088,0.0013878447926906842
481130015021014,0.0008732413913274743
481130127011002,0.0029247189623531544
481130128011010,0.012072334568770375
481130113002018,0.0032046935979235303
481130133001014,0.0013878447926906842
481130134001022,0.009171371453071004
481130002011016,0.00264934950860022
481130128021019,0.0028296032141248845
481130050002028,0.0013878447926906842
481130057003044,0.0008951432401600678
481130076042015,0.001044504768728322
481130076042034,0.011022843369417085
481130002012008,0.0008270233996416792
481130107041015,0.000823051313716955
481130115002001,0.000760140655944758
481130136172014,0.0013878447926906842
481130204012049,0.0030012705635666646
481130108071021,0.0008910629941112317
481130059023006,0.0003697218118489545
481130037001002,0.00015624414789377645
481130202002011,0.0012348347539696948
481130166341046,0.001184708910456742
481130099002004,0.0013878447926906842
481130136092022,0.0013878447926906842
481130136092009,0.0013878447926906842
481130077012007,0.0013878447926906842
481130121021021,0.0013878447926906842
481130060023004,0.011683453281657886
481130114013019,0.0010192485037287407
481130136261001,0.0011854446075310276
481130062001001,0.0013878447926906842
481130123025021,0.0013878447926906842
481130135002035,0.0013878447926906842
481130037002039,0.0009519663670153689
481130204022064,0.0013878447926906842
481130126012021,0.0009384349655836859
481130106021030,0.0013878447926906842
481130024001010,0.0013878447926906842
481130130072013,0.000760140655944758
481130100032180,0.0013878447926906842
481130078101019,0.0013878447926906842
481130178061016,0.00042222358492287793
481130108052008,0.001123239576870884
481130027032070,0.0013878447926906842
481130129001007,0.0013878447926906842
481130192081009,0.0013878447926906842
481130012022007,0.004215486410842036
481130107042005,0.0013878447926906842
481130107012022,0.0013878447926906842
481130009012020,0.0013878447926906842
481130136072037,0.0018650733769129376
481130078292007,0.00011539933491522363
481130122071023,0.0003965851113777825
481130045002036,0.0013878447926906842
481130136111029,0.0013878447926906842
481130205003002,0.0015845017337891092
481130067011005,0.0013878447926906842
481130114011010,0.0013878447926906842
481130056003000,0.00040980917962838033
481130006061007,0.0013878447926906842
481130059013029,0.0003515385877820455
481130141572007,0.0013878447926906842
481130008011012,0.002860669625246428
481130111013016,0.0012465900388495968
481130064021032,0.0003992610102969252
481130079024001,0.0017902242461437963
481130165333004,0.0012570049129226606
481130071024008,0.0009751975593668251
481130136103018,0.0016984011640587583
481130057003047,0.0011277201399552237
481130093013007,0.0013878447926906842
481130013011002,0.012786168640371692
481130119012009,0.0004473645369683106
481130111051019,0.001465800838062072
481130107043021,0.0012972318454452058
481130071012008,0.001184985054738846
481130165342016,0.00048676654801588833
481130202002042,0.0013878447926906842
481130099001121,0.00019085503139881953
481130101011007,0.002859950492777721
481130140021099,0.0013878447926906842
481130203002027,0.001968196089086108
481130022001007,0.002136641364465795
481130128012008,0.0868616135007196
481130114013001,0.0006747209008459926
481130003002019,0.0021106214045827423
481130170102001,0.001235051929070578
481130080005007,0.0029682976542798564
481130136081008,0.0013878447926906842
481130112022015,0.0007321314173408518
481130079152001,0.00018392674951314103
481130079032003,0.0013878447926906842
481139801001014,0.0013878447926906842
481130080006006,0.0013878447926906842
481130120003004,0.0012419828376302837
481130210001004,0.0013533789234937358
481130113002000,0.0020048413411355576
481130052001007,0.0013878447926906842
481130136091000,0.00022121224707925282
481130165272011,0.002901507268329476
481130165342036,0.0013878447926906842
481130111051023,0.0013878447926906842
481130110021024,0.00057675960702153
481130136102023,0.0013878447926906842
481130202002019,0.0006774099481163184
481130126011018,0.004819904880313106
481130048001048,0.005234230933605718
481130055003019,0.0015800650072184072
481130202002050,0.0013878447926906842
481130054002004,0.0013878447926906842
481130210001033,0.0013878447926906842
481130167111005,0.0002232879584243099
481130136091007,0.0013878447926906842
481130113001022,0.0015872078277230754
481130063013024,0.0013748691524517222
481130067011016,0.007172730194129519
481130132024004,0.0013878447926906842
481130166072015,0.0013878447926906842
481130057002013,0.0013878447926906842
481130117022021,0.000590075049354633
481130105002009,0.0018064410749117094
481130105002020,0.00035118286344441516
481130057003042,0.00021315731463516585
481130206001028,0.0013878447926906842
481130100032053,0.0013878447926906842
481130131012027,0.00028853202581050297
481130131012045,0.0007992615384507508
481130131011011,0.00038290418552949524
481130106022022,0.0006961911456750008
481130136062013,0.0012341948243766248
481130060012015,0.00029303832055034015
481130111012013,0.0026683373299276167
481130054001025,0.0013878447926906842
481130002011008,0.0013878447926906842
481130101021024,0.001473451669614878
481130100032126,0.0014973225312409355
481130105002036,0.0012574766322968045
481130082001001,0.0010633537415731947
481130093013000,0.0013878447926906842
481130091052007,0.0011953204828510204
481130116041007,0.0064242100597172985
481130208003040,0.0013878447926906842
481130084022017,0.0017279081758177104
481130111052005,0.001089149763653532
481130113003017,0.0013878447926906842
481130042011008,0.0014692179581262948
481130045002039,0.0009489137235249316
481130045001023,0.004525380400462023
481130022003037,0.0003641506893114846
481130042012030,0.0009533978318505644
481130096033010,0.0018932285418232588
481130095002004,0.0013878447926906842
481130206002026,0.0013878447926906842
481130082001004,0.0011864544522477603
481130108092001,0.0013878447926906842
481130065022045,0.0013878447926906842
481130065022039,0.0013878447926906842
481130096081006,0.0013878447926906842
481130107012023,0.0013878447926906842
481130136171006,0.0008489643314978323
481130077023000,0.0016397394598482848
481130081022011,0.012142893112581828
481130025003014,0.002136641364465795
481130025004008,0.0011478191274433556
481130093041020,0.0023572097370403748
481130165262024,0.00036785433374082223
481130067021024,0.0006168590125573095
481130073023006,0.003385628667786549
481130136072020,0.002155096558947085
481130171011045,0.004525380400462023
481130022003038,0.0005135782987525044
481130025004021,0.0013878447926906842
481130025001027,0.00029558262252467197
481130202001004,0.001195725776148148
481130056001027,0.00029577604043490064
481130166341048,0.0021261215231118532
481130057001030,0.0006237646350349187
481130072042013,0.0006593618492902626
481130170101021,0.0013878447926906842
481130136202001,0.0013878447926906842
481130085002035,0.0012750363851169212
481130210003036,0.003876774401516687
481130164121004,0.0013878447926906842
481130051001031,0.0009021909994511303
481130003001021,0.00033575216190726974
481130136051013,0.00031663367586037074
481130064021027,0.0018069174477251006
481130110022018,0.0013878447926906842
481130045001004,0.0013878447926906842
481130108092011,0.0006685081169282394
481130205001002,0.0016177906394177562
481130004092021,0.0013878447926906842
481130111032025,0.015141795869612947
481130136152002,0.007468039898329051
481130136221013,0.0013878447926906842
481130132011010,0.0001985831132290356
481130096082011,0.0007746101056440149
481130136052009,0.0013878447926906842
481130136072027,0.0002120252902549501
481130072042007,0.0875018152513418
481130012041000,0.0013878447926906842
481130140011051,0.00014522316855309866
481130077023009,0.0013403980080369433
481130094022034,0.00830494225613883
481130141572008,0.0013878447926906842
481130009012022,0.003180625837471522
481130128011006,0.0033166687116471393
481130129003015,0.002980694990467813
481130024003022,0.0008669964150929061
481130087032028,0.0001871303316502507
481130002011015,0.00016057405159846215
481130125011026,0.00016569688161748722
481130001001017,0.0013878447926906842
481130060012016,0.0013878447926906842
481130053001018,0.0005996659663573732
481130027032028,0.00042808304446973226
481130130071015,0.0013878447926906842
481130022001001,0.0013878447926906842
481130053002023,0.000336932602169942
481130004103037,0.004787153838657012
481130087013018,0.001734093978568031
481130015041018,0.00037680935123549216
481130115002069,0.00035012415822081774
481130167111027,0.00018814844274629605
481130115002077,0.0013878447926906842
481130108092003,0.0015794491581477088
481130108092007,0.0029670695611295453
481130092042002,0.0013878447926906842
481130206001000,0.0013878447926906842
481130136171014,0.0019238413957327924
481130122062009,0.0001082542794725904
481130190163006,0.0013878447926906842
481130190405039,0.0013878447926906842
481130071022017,0.00043962265748822996
481130136071003,0.0013878447926906842
481130096043014,0.0006168590125573095
481130190182005,0.0014253443215051112
481130096032002,0.0013878447926906842
481130108052011,0.0012348347539696948
481130090012030,0.0013878447926906842
481130125022007,0.0029670695611295453
481130127022031,0.0013878447926906842
481130136202006,0.0013878447926906842
481130165342005,0.002136641364465795
481130125021019,0.0013878447926906842
481130210003010,0.0002953134054092495
481130171011009,0.0013878447926906842
481130136172020,0.0013878447926906842
481130210001032,0.0033910788492877617
481130190343002,0.0013878447926906842
481130096091021,0.0013878447926906842
481130078281001,0.0013878447926906842
481130190184000,0.0013878447926906842
481130209001063,0.0013878447926906842
481130203001013,0.000459804248642784
481130100032124,0.000929328369427978
481130069002002,0.0005890440876361869
481130042022022,0.04928119057859464
481130085001041,0.0013878447926906842
481130085001032,0.001975529696770093
481130100014004,0.0023086011007632037
481130165333018,0.0009501732051097891
481130185063051,0.0015878355096354112
481130096033019,0.0013878447926906842
481130192081010,0.00231877811770309
481130078254024,0.0013878447926906842
481130122074023,0.0008085997950859241
481130055003041,0.0006441376083204253
481130136191007,0.0007286514814539869
481130165273016,0.0013878447926906842
481130212001012,0.00020897145797794635
481130136111027,0.001230851894550195
481130077011007,0.0013878447926906842
481130110033000,0.0007574221335330257
481130063012013,0.001959147661157839
481130099003102,0.0013878447926906842
481130008012015,0.0005134622178421576
481130008011008,0.0014538043458659157
481130125022037,0.0013878447926906842
481130065021020,0.0015706421683063605
481130100032083,0.013471486800484813
481130136103015,0.0001900023591555006
481130136101021,0.00121813923028133
481130165111022,0.0013878447926906842
481130077012013,0.0016495446538923536
481130132024020,0.004162086332315495
481130204022110,0.0001582593833325195
481130093012001,0.0013878447926906842
481130057003050,0.00014033861652385958
481130125012003,0.0017602295690680918
481130093043017,0.0013878447926906842
481130113003004,0.0004809206805494766
481130111051010,0.006117169783255267
481130053003008,0.0017602295690680918
481130107013005,0.0001917882900452572
481130050002026,0.0013878447926906842
481130096071016,0.0005563992853243069
481130101012003,0.005424669106626153
481130020021015,0.002846293460982222
481130096092031,0.002023385825092515
481130208004034,0.00020603549305890265
481130015023005,0.0020959950899189345
481130003001013,0.00025524902136853333
481130208002028,0.003937178028139622
481130208003004,0.001218231901108188
481130060012000,0.0013878447926906842
481130078122009,0.0004680028265844796
481130116032003,0.0013878447926906842
481130116042011,0.0013878447926906842
481130078092032,0.0013878447926906842
481130130052016,0.0018995876598076953
481130120003001,0.002703653896111327
481130087013006,0.0005135993010803252
481130111011003,0.0004464934565045575
481130004092039,0.0013878447926906842
481130136091008,0.0006181362591582806
481130067021005,0.003264524984878857
481130205003021,0.0004896381847917512
481130043001075,0.004641661164202659
481130100032150,0.0013878447926906842
481130129001025,0.0018804395310099303
481130111012000,0.0013624711172475544
481130099001012,0.0013878447926906842
481130095002022,0.010453047422475393
481130068002043,0.0007992615384507508
481130071022005,0.004026025581507016
481130073023013,0.0005332886239177532
481130022003011,0.0008999905706954714
481130096031003,0.0013878447926906842
481130136082010,0.1199222385802668
481130005021006,0.004667271511666694
481130105001017,0.0026521284754032373
481130091013012,0.0015775258583589833
481130091042013,0.00025358525417669284
481130071011005,0.0007327246177856085
481130135002032,0.023690910837283023
481130002023005,0.007393681700703156
481130204022042,0.00034875877495072686
481130061002012,0.0007286514814539869
481130061001008,0.00010380490054203666
481130063012005,0.0007442082636786303
481130068002032,0.0013878447926906842
481130165281010,0.0013878447926906842
481130057003006,0.0013878447926906842
481130210002021,0.009010601431224528
481130080003006,0.016634609044186066
481130171011010,0.0013878447926906842
481130165262011,0.0013878447926906842
481130079021013,0.0038516933641816508
481130130132004,0.0022268639846450317
481130073012001,0.00012058213146546188
481130064011039,0.0029891410368475075
481130106011042,0.018708046772272547
481130002012017,0.0013878447926906842
481130025004061,0.001419184366377858
481130068002046,0.0020934542020639504
481130094011008,0.0016376596946895109
481130099001074,0.0002942160387042905
481130131021018,0.0016771703340942936
481130004014006,0.010296300649039547
481130119022026,0.0023179824359902926
481130209001049,0.003369727415984471
481130113001024,0.00931963202643871
481130085002039,0.0013878447926906842
481130092041025,0.0013878447926906842
481130060022012,0.0013878447926906842
481130111013010,0.0006999743358033314
481130106022000,0.0009139148736826265
481130125022024,0.0019628271817646397
481130054002038,0.013345584084081152
481130167091022,0.0001822662777137196
481130084022023,0.0006496690470677695
481130047002011,0.0010615571845888523
481130125011014,0.0017756521177881353
481130113003020,0.0005043375386493916
481130050002050,0.0015455293672763716
481130027031016,0.0010477332578090986
481130044002025,0.0013878447926906842
481130002022014,0.00041731470390376694
481130127021017,0.002383708902231947
481130165272006,0.004307093978427909
481130108042007,0.0013878447926906842
481130042021008,0.00019554660122559532
481130059012016,0.010145873579612765
481130100032050,0.0013878447926906842
481130100032073,0.002136641364465795
481130062002019,0.0002032134398272144
481130060022010,0.00019026130363787648
481130110022022,0.002446338444412198
481130064022020,0.0001116299780631882
481130135001000,0.0013878447926906842
481130013021015,0.0019370502822704076
481130052002016,0.0003282466115593958
481130053004010,0.0028052741431191324
481130053004040,0.001163979957257506
481130107012020,0.0015872255875817704
481130063011026,0.0032406693791528873
481130024003014,0.005695074359893375
481130073023011,0.0005217564275623242
481130136092007,0.0003567936442575213
481130202001021,0.005304369128478763
481130054001037,0.0030020864522676983
481130055001005,0.0073726534105570465
481130122074029,0.001486098202349049
481130011013003,0.00280644763512436
481130165333019,0.0011419972402172886
481130084021027,0.0012845304453283286
481130045001022,0.0008487325601377446
481130108072032,0.0014002637552791846
481130044002004,0.05458720901345536
481130085002010,0.0030519716222662976
481130210004018,0.004989456785999575
481130085001016,0.0003619042748004121
481130125011004,0.0001236971813266365
481130109031015,0.0013878447926906842
481130087011012,0.0005332273646805063
481130107041037,0.003669317423697901
481130166341015,0.00448100485436929
481130060012027,0.0013878447926906842
481130108051012,0.0013878447926906842
481130088021008,0.0014374924294756027
481130100032076,0.000494487485549157
481130109031065,0.0013209812496181807
481130108092025,0.0010553300872431525
481130004101011,0.0050049249943358515
481130020011005,0.0013878447926906842
481130082003002,0.0017676969017935999
481130082003026,0.03753902554025786
481130016021007,0.0002793885055974493
481130136051024,0.002446338444412198
481130116031001,0.045393503560569926
481130096031008,0.0007914858170139033
481130129003016,0.0009710846612024526
481130025004009,0.0013878447926906842
481130057003033,0.0025323651484322747
481130091041013,0.0032253951425362643
481130165211007,0.0013878447926906842
481130099003037,0.001945364096977485
481130108091009,0.0013878447926906842
481130043001052,0.0010138985615192758
481130043001003,0.0039052802771546544
481130067021064,0.0019389461738054496
481130091051013,0.000857956785792567
481130093011026,0.0002638502150107751
481130115002006,0.0018932285418232588
481130128011013,0.0021273385594151244
481130006091004,0.0013878447926906842
481130136054013,0.0014163538673094564
481130106011006,0.0013878447926906842
481130080001010,0.0006438176320739011
481130112021005,0.0011525940988860507
481130077023033,0.0013380762942056704
481130077012003,0.00011927213698147036
481130202002007,0.0007065610696572738
481130088012017,0.0011555093137004776
481130063021007,0.001721182454280584
481130092041008,0.002136641364465795
481130096072007,0.0022179075062729275
481130203003008,0.0013878447926906842
481130015042008,0.0014177323693662345
481130210001010,0.0020296831828523227
481130088021017,0.0001641578070766424
481130190184003,0.0019389461738054496
481130136251007,0.011459186376366438
481130159002012,0.0013878447926906842
481130015021003,0.0002748427587499043
481130094022000,0.0013878447926906842
481130167091038,0.0013878447926906842
481130127022026,0.0013878447926906842
481130205003019,0.00016462421769151611
481130110021012,0.02033562111141288
481130132024000,0.0013878447926906842
481130136261003,0.0028844141596865392
481130206001050,0.0013878447926906842
481130079062005,0.0015791376998061674
481130130092005,0.0013878447926906842
481130136052003,0.0003605636117746821
481130192081032,0.0013878447926906842
481130078121013,0.0025519421059541024
481130027033008,0.002902843170463829
481130082004014,0.0013878447926906842
481130128022022,0.0013878447926906842
481130126011014,0.002553756487184998
481130019022011,0.01246119991184437
481130082004001,0.0013878447926906842
481130004092006,0.0002945411577324906
481130004092016,0.0001027656048072117
481130078101018,0.0013878447926906842
481130136201001,0.0013878447926906842
481130115002034,0.0013878447926906842
481130096042012,0.0013878447926906842
481130126042002,0.0013878447926906842
481130027032067,0.0013878447926906842
481130130101020,0.0013878447926906842
481130091042001,0.0029670695611295453
481130099003034,0.0013878447926906842
481130192081003,0.0013878447926906842
481130170102017,0.00013811223829686403
481130111012010,0.009377067605305404
481130109031012,0.00415298124711981
481130088012032,0.0009660339891512785
481130055002009,0.0002009821479681226
481130055002020,0.003996478340309778
481130055003018,0.00011494043281225978
481130126031009,0.0009511770306160426
481130107012036,0.00022748899219824232
481130073011006,0.0007933751618685602
481130192084000,0.0013878447926906842
481130079021009,0.0010220918208209107
481130045001013,0.001991678973320674
481130050002004,0.00046563669359201006
481130209001059,0.0007992615384507508
481130055003033,0.005620922360629599
481130079061021,0.0011040648335387824
481130072031008,0.00369538472305164
481130136252002,0.0013878447926906842
481130107013003,0.0013878447926906842
481130043001036,0.0013878447926906842
481130165212030,0.0013878447926906842
481130071025013,0.0015017176850010167
481130132024001,0.0013878447926906842
481130136101016,0.0010422371458346724
481130122062001,0.0013878447926906842
481130129002042,0.005829215964173315
481130081024017,0.004233808650227961
481130093011005,0.0015775258583589833
481130050002048,0.0006322904313912865
481130106011032,0.010246599156530334
481130076051032,0.0013878447926906842
481130063021008,0.0029003487797336306
481130100031000,0.0013878447926906842
481130096091010,0.0015871069970296984
481130097022003,0.0013878447926906842
481130099001108,0.00014876757676114758
481130171021020,0.00022041639807219839
481130212003049,0.0013878447926906842
481130003001023,0.00014516661502137393
481130108091008,0.002128185885431326
481130208001016,0.0010873304602566042
481130171022014,0.0020048413411355576
481130080005005,0.005663682863164725
481130080004000,0.00012142229649698678
481130130053000,0.0009260057299576857
481130209001066,0.0013878447926906842
481130092032021,0.0029058323886184826
481130088012002,0.002268448976891246
481130059021000,0.0008845233311163322
481130110032007,0.0007022293485643373
481130065012017,0.0015551497474416873
481130004091007,0.0013878447926906842
481130022003009,0.0004084878520796806
481130111013021,0.00289748020327972
481130095002034,0.0028215315546362535
481130095002020,0.0005277695995646874
481130129002006,0.0013878447926906842
481130130121009,0.0034945635480017625
481130119012024,0.0006894391154141286
481130057003038,0.0016625973907711121
481130055001040,0.0008784741677797764
481130069001014,0.003381625591831018
481130056002004,0.013226884801492802
481130059021001,0.00012614645807687553
481130120001001,0.004460722775851492
481130063012006,0.0017298506075350947
481130063012001,0.0032724977895759247
481130043001025,0.10157375674608153
481130165333001,0.0013878447926906842
481130135002015,0.0055914170224094385
481130210002012,0.0003740855004090015
481130076051017,0.023419958398881363
481130091042024,0.004321433318210733
481130096111004,0.0012986900301999041
481130126012014,0.002563036568434677
481130004011006,0.0022972212514297866
481130078352003,0.0012887707586488114
481130097011030,0.0016559341328173103
481130097011021,0.0024079267597450853
481130093041003,0.00014996085212336997
481130131021004,0.0013878447926906842
481130052002012,0.003206864405186289
481130052002040,0.000237785888632651
481130136081015,0.0008117973614894077
481130016021002,0.0005126343958729002
481130095001001,0.0016573022682600158
481130055001008,0.020250231114183878
481130108092022,0.0026769406961219128
481130043001016,0.0013878447926906842
481130136172039,0.001517761588806575
481130064022000,0.0013878447926906842
481130091042006,0.0015180268754677972
481130164121028,0.0013878447926906842
481130002023001,0.002675808941076217
481130084022040,0.0012596987175990222
481130111012015,0.0011534708825987649
481130010012001,0.002736079025522519
481130100032103,0.003387637731706658
481130130132001,0.0006154080784618402
481130096082000,0.0013878447926906842
481130025001010,0.00015780939683740218
481130100032098,0.0013878447926906842
481130067021040,0.0010843280599215541
481130073022004,0.0038404708892377905
481130096033011,0.00192803416197081
481130063021031,0.011913204503882361
481130062001021,0.0013878447926906842
481130063022009,0.018584173406354723
481130136285042,0.0001332110105175457
481130110022000,0.0010531756353806235
481130110022032,0.0009731556955356173
481130111032006,0.0010633537415731947
481130064022007,0.0013878447926906842
481130047002001,0.0006291460051026736
481130108042017,0.0013354678892121517
481130130101015,0.004367621607182569
481130076012018,0.004156859142177009
481130101012012,0.010457606581790378
481130078122000,0.0013878447926906842
481130078101003,0.00035718906850126385
481130055003045,0.0013878447926906842
481130100032177,0.00031742605108127256
481130136112005,0.0021106214045827423
481130092021013,0.0014185469910550715
481130132024016,0.0013878447926906842
481130136111009,0.0010808400723003007
481130080004019,0.0008590307866942825
481130210003028,0.002801872184795526
481130209001070,0.0013878447926906842
481130001003002,0.0003619042748004121
481130079021012,0.00021636490795210053
481130078241021,0.002843577199327002
481130108072027,0.002325330266765339
481130098021000,0.0019743166364905255
481130128023031,0.029312039771544222
481130027033040,0.0013878447926906842
481130012041005,0.0013878447926906842
481130116011013,0.0006962306095748193
481130076012001,0.0013878447926906842
481130170092003,0.0013878447926906842
481130109061004,0.001795277634462721
481130112011011,0.0013878447926906842
481130111032022,0.005003766053850097
481130136052004,0.0013878447926906842
481130110022024,0.011165592781277895
481130081021017,0.0005590730942574792
481130112021013,0.0008543000018663152
481130093043010,0.0004927430660897932
481130054002028,0.0009536319593964427
481130100012001,0.0013878447926906842
481130123012013,0.0013206571056334877
481130123012009,0.002030377269020664
481130127022006,0.0010793008108083482
481130084012008,0.0026732528666549727
481130091012012,0.00042676397740113657
481130211001024,0.000454051962967549
481130108052009,0.019107017555070546
481130100031040,0.0008291706311351064
481130053004023,0.0013878447926906842
481130053003025,0.001105954621947226
481130078052014,0.01335011576317588
481130113001005,0.0013878447926906842
481130136092019,0.000782297158066402
481130015041007,0.0005454657985180429
481130136192001,0.001594372424833126
481130059012012,0.0008740144857615224
481130088012012,0.009756704215874993
481130122061008,0.0010220918208209107
481130076041022,0.0019661346772323037
481130115002067,0.0006512949829502268
481130204012044,0.0004321608876898831
481130203003000,0.0013878447926906842
481130107015008,0.0013878447926906842
481130096042007,0.0009348671143575287
481130124004003,0.0016494236447884274
481130079032012,0.00034446025759440153
481130076042023,0.0013878447926906842
481130113003028,0.0013878447926906842
481130203002058,0.0016289569975082288
481130210001000,0.0013878447926906842
481130136072003,0.0013878447926906842
481130136072001,0.0013878447926906842
481130078292003,0.0006475708766735587
481130096051006,0.0015551497474416873
481130087051010,0.0009233017707888384
481130108042009,0.001506150816687916
481130073023004,0.002705200610000384
481130060011001,0.0013878447926906842
481130211001032,0.0005337202873998973
481130210001027,0.0013878447926906842
481130126031033,0.0013878447926906842
481130128023019,0.0013878447926906842
481130130103006,0.06181867489307207
481130209001068,0.0007857449600759397
481130098043003,0.0008757389396467671
481130024001005,0.0013878447926906842
481130025003009,0.0013878447926906842
481130122073005,0.0013878447926906842
481130105002019,0.00021846994840168807
481130063022015,0.0006288375697203319
481130091013025,0.00014716914386690344
481130079103000,0.0003046267610941715
481130112011006,0.0018831403126636167
481130192081004,0.002107327798098514
481130192132008,0.0013878447926906842
481130019022005,0.0014814017189797538
481130068002000,0.0063455319291847966
481130100032143,0.000143775101065176
481130121022007,0.00023437420966538594
481130013021019,0.0021106214045827423
481130190161004,0.0009303241272023226
481130185063047,0.0007286514814539869
481130135001003,0.0013878447926906842
481130209002017,0.0013878447926906842
481130101021017,0.0013878447926906842
481130001001002,0.0006136273866278012
481130116042027,0.0013878447926906842
481130167111031,0.008626841544044195
481130212002014,0.014872377361385067
481130094011012,0.0013878447926906842
481130127021011,0.0034476096157689483
481130079061018,0.002154703829394093
481130047002016,0.11688215144959137
481130043001069,0.006740297073356964
481130087013017,0.002216222618399157
481130016021001,0.002230410683272129
481130116011012,0.00068038548322009
481130047002021,0.0023531625141854154
481130020021012,0.03483500021525048
481130079161000,0.0013878447926906842
481130107041018,0.003085387649921062
481130080004003,0.0025061393303165277
481130109031066,0.0012348347539696948
481130057001024,0.0008750483693505068
481130014003009,0.0013878447926906842
481130119012005,0.0011000026452121763
481130081021013,0.0017986158652610535
481130108051009,0.0006671598810469717
481130136092012,0.000777836516518543
481130136102007,0.0013878447926906842
481130063013013,0.001852420113028067
481130206002019,0.0006475708766735587
481130206002021,0.0013878447926906842
481130136111020,0.001647843565649552
481130073023023,0.0018680431811451217
481130100012056,0.0013878447926906842
481130099001034,0.0013878447926906842
481130203003004,0.0015704408691526843
481130076042020,0.001511861965206464
481130085002011,0.0013878447926906842
481130001002020,0.01996403669207769
481130190353009,0.0028804896083473243
481130078251005,0.0013506642480197307
481130117013023,0.0013878447926906842
481130004103025,0.0013878447926906842
481130080005006,0.0028989989513599616
481130092021022,0.0009111887982316562
481130110032011,0.002235575881058956
481130136071018,0.0019290677473991808
481130097013009,0.0012574800748404672
481130192081034,0.003303784231273339
481130159002021,0.0013878447926906842
481130100032206,0.0024041976285420407
481130165342035,0.0013878447926906842
481130190405015,0.0013878447926906842
481130114012004,0.0013878447926906842
481130091011009,0.001013718393302661
481130170091005,0.0013878447926906842
481130078103010,0.000835708658575369
481130010011000,0.10503793045582799
481130211001035,0.0021498107241419593
481130100032010,0.0013878447926906842
481130091013018,0.0018470314552234799
481130159002022,0.0013878447926906842
481130067012020,0.0013878447926906842
481130025003015,0.002079058779189327
481130055001011,0.0011864544522477603
481130111032010,0.0005273568887700225
481130130132015,0.007534610291352301
481130099003009,0.002672947350701073
481130097013004,0.007742247840347639
481130011013004,0.001514848324379761
481130107043020,0.008124902092828035
481130131012046,0.000977406073638708
481130131011009,0.00023143694945858582
481130203003040,0.004084801840022995
481130016021003,0.004252280926306523
481130096032013,0.0013878447926906842
481130020021004,0.0007906791038345904
481130176052002,0.03324904036015708
481130118022010,0.0013878447926906842
481130080006000,0.005471219828673511
481130020011002,0.0013878447926906842
481130106011017,0.0013878447926906842
481130204022057,0.0007164586524756598
481130016011001,0.00010233879854318214
481130129003024,0.00045506740713396513
481130042011034,0.0013878447926906842
481130008012010,0.010185740505488447
481130128011008,0.0013878447926906842
481130128011022,0.004543861042962542
481130117023034,0.0008713733380778247
481130002011004,0.0013878447926906842
481130114011033,0.0008705182225218327
481130063022048,0.0013878447926906842
481130165331003,0.0013878447926906842
481130088022018,0.00333516137732781
481130062001003,0.0013878447926906842
481130062002013,0.0013878447926906842
481130053003021,0.00022681121916602083
481130060023015,0.00792620647691535
481130045001016,0.0036846451218223593
481130047002038,0.003166772115833478
481130166341049,0.0017207435721831653
481130135001008,0.003102736911563364
481130054003045,0.00010762387812842278
481130027031023,0.00024815359948428527
481130060012011,0.0025222119984128813
481130024003021,0.0006729317928204164
481130024003016,0.005920280639435015
481130051001011,0.0005269600218516474
481130067011001,0.0011864544522477603
481130096051007,0.0019702291737852054
481130080006017,0.00038472715235307185
481130122132013,0.0004239937105529914
481130027032051,0.0009328145799463337
481130119012018,0.0016529597580247028
481130165112028,0.0012161441013411867
481130165282021,0.0009829874302169459
481130210003035,0.014380769526656944
481130116012006,0.004705410475679749
481130114013017,0.00029744714838971035
481130056001011,0.003476837261071735
481130165282004,0.00033018669187319806
481130079022014,0.006834363913043358
481130084021006,0.001843812299715696
481130125011025,0.00014305691620735556
481130210001015,0.01176158217900916
481130130082019,0.0013878447926906842
481130170101000,0.0013878447926906842
481130108072034,0.0013878447926906842
481130084011021,0.001789934705192696
481130080006003,0.00109805751932396
481130001003015,0.0020287906340798914
481130001002003,0.0008367176688246728
481130012041014,0.00221632856758667
481130165211015,0.0008377499589798361
481130093013029,0.0008852467734751717
481130061002015,0.0013878447926906842
481130062002000,0.003620353446516421
481130111011005,0.0013878447926906842
481130110022028,0.0013878447926906842
481130167111022,0.0001564691350379824
481130111042000,0.0014538043458659157
481130108062020,0.0004704041692913861
481130073021010,0.00021315731463516585
481130020011012,0.0013878447926906842
481130136082021,0.020386973788921615
481130081024009,0.0008837197747142163
481130096031034,0.004803989492947373
481130136051005,0.001695733909943468
481130123011019,0.00047634438461458575
481130127012004,0.00016029205734951265
481130124002017,0.003553089925810795
481130129003005,0.0009168533692577144
481130121021015,0.001056314411452987
481130176051010,0.0012596987175990222
481130210004025,0.000837474227366006
481130079023023,0.0005332273646805063
481130128023014,0.00010876982093714032
481130093011031,0.0015051942608404214
481130062001032,0.0013868441453142577
481130053004018,0.0008085997950859241
481130015022012,0.004361445036117743
481130100032004,0.00021409963353655697
481130130082012,0.0005114788505774283
481130056001015,0.0005942281076436508
481130208002029,0.014260619601689027
481130078052021,0.00410113062623228
481130123021004,0.0005473037371459586
481130170051003,0.0016227454857484088
481130093043016,0.0013878447926906842
481130101012009,0.0009080435568751576
481130025003024,0.0014305429301735774
481130011011005,0.0024041976285420407
481130202002015,0.0002118043846469416
481130095001014,0.0017590043901261339
481130090021006,0.000627125825447634
481130171023015,0.001283803234174584
481130055003003,0.0013878447926906842
481130087013023,0.0012054401594430947
481130136072000,0.0013878447926906842
481130130053012,0.0014922025851905095
481130125021018,0.0010337754716458736
481130076051031,0.0059750678331050066
481130176052006,0.0015360907448620257
481130095001021,0.00016705516513134173
481130135002009,0.005708622675311327
481130163012016,0.0017264147732911446
481130129001034,0.0020048413411355576
481130130122014,0.0013878447926906842
481130190191004,0.0014344980164579424
481130084021035,0.0013878447926906842
481130130113001,0.0013878447926906842
481130097012021,0.0013878447926906842
481130128023032,0.0013878447926906842
481130178051012,0.0013878447926906842
481130096043006,0.0007763402953094631
481130136171015,0.0013878447926906842
481130208001011,0.029967948826234495
481130091012003,0.0037369076114449735
481130091042002,0.0013878447926906842
481130203003015,0.0013878447926906842
481130085002014,0.001506150816687916
481130005022018,0.0013878447926906842
481130084021015,0.00046129535848234187
481130045002026,0.0002867556455438364
481130096111014,0.00011077712897819543
481130167102013,0.0007475714295344117
481130130121017,0.0001215477740932623
481130020011023,0.0029161516910595217
481130003002008,0.0011801319509113818
481130209002099,0.001356411626887688
481130209001067,0.0013878447926906842
481130007062010,0.00993176224800535
481130097011013,0.00017075347960769405
481130192052009,0.0016737753219714243
481130165212070,0.0006824750924679862
481130136112006,0.0023531625141854154
481130212001014,0.0027903715946059307
481130165212005,0.0013878447926906842
481130100032018,0.0013878447926906842
481130027032035,0.002333021324049645
481130025003005,0.0013878447926906842
481130203001021,0.0007959775254870711
481130092041021,0.0013878447926906842
481130126012000,0.0006782553276814185
481130113001017,0.06944592923704303
481130050002027,0.0013878447926906842
481130063022017,0.005546228144447677
481130063022018,0.0019968381976113495
481130206002015,0.0011616472979382735
481130126031029,0.02766227660985598
481130071022008,0.0003509817025851942
481130005022008,0.0001635845977781475
481130136053012,0.00042886857975709737
481130136053007,0.001909725011077429
481130095002008,0.0008368242006654939
481130099001014,0.00042683300645016755
481130100012055,0.0013878447926906842
481130084011027,0.000861284090064226
481130205001025,0.0010192485037287407
481130096091013,0.0009519663670153689
481130013021016,0.011733250508722327
481130037002025,0.00017647198275797145
481130037002029,0.00493337155312733
481130085001029,0.0013878447926906842
481130208003012,0.004311191976678592
481130056001019,0.0014742663447417394
481130123024000,0.0031784772035927536
481130085002004,0.0013878447926906842
481130085002008,0.0008002898161003859
481130079032002,0.0009985563976235097
481130006082000,0.0006417927639173378
481130136052005,0.014071365764552512
481139801001006,0.0013878447926906842
481130130052005,0.0027100296173216197
481130093012000,0.0005080392622740327
481130087051018,0.0007327246177856085
481130056001029,0.0008214456401304589
481130059021010,0.0013878447926906842
481130100032090,0.0013558353992705544
481130136092034,0.0013878447926906842
481130098031017,0.0013878447926906842
481130165211012,0.0013878447926906842
481130081022023,0.002960688767561261
481130062003048,0.07363363869560138
481130096031022,0.0013878447926906842
481130211001017,0.0001611955561357046
481130095002002,0.0013878447926906842
481130096102005,0.0006607684581636401
481130096112020,0.0003010508510773254
481130124001003,0.000684434030346329
481130202002088,0.007687004051277885
481130015041014,0.0009107592357647927
481130202002024,0.0013878447926906842
481130130132021,0.004995843490124378
481130073023024,0.0013878447926906842
481130132012014,0.0018728113460008383
481130093042000,0.00019476206098606935
481130170052010,0.0013878447926906842
481130094022027,0.0006533346993883285
481130096081016,0.0012455888791503011
481130097022021,0.0046761178881679155
481130093043006,0.0013878447926906842
481130108051007,0.0002581198224711539
481130112012008,0.3090564471621024
481130125012027,0.0008334478682804425
481130121022028,0.0007011670529701849
481130091051000,0.0033910788492877617
481130165273000,0.00022147763167813006
481130108093015,0.004124657224317211
481130096092021,0.0017189164937957784
481130096081017,0.0013878447926906842
481130080002015,0.00020011760943448048
481130057003007,0.0004463260882265441
481130100014005,0.002385351935302065
481130138061073,0.0013878447926906842
481130096051025,0.000881120289328436
481130110042010,0.00044694957596179993
481130206001025,0.00027251652153624495
481130002023017,0.0018803526887453661
481130136103006,0.005256258459344747
481130100012040,0.01715446309956613
481130133001005,0.0011744749124359024
481130008012007,0.0011419972402172886
481130094012021,0.00018694894408382347
481130211002055,0.00010940705742109702
481130065022016,0.0029670695611295453
481130079032011,0.008702209423165746
481130108062022,0.003307002365035065
481130065022034,0.0010633537415731947
481130002022016,0.0012986900301999041
481130059012040,0.0018915223365271315
481130057001026,0.00014270250486247897
481130053001031,0.0011859820277154457
481130053001033,0.007136386078105073
481130170052004,0.0005514552934683085
481130042013011,0.0005863270769067215
481130042012000,0.16590955528487975
481130004072012,0.0007424725623876228
481130096033012,0.000947309139834224
481130135002011,0.0012614058976281697
481130165341002,0.0013878447926906842
481130051002008,0.0013878447926906842
481130045001011,0.0019915085306445998
481130190353005,0.0034405738899398654
481130107012050,0.0009519663670153689
481130053003016,0.0013878447926906842
481130115002036,0.0013878447926906842
481130159002018,0.0013878447926906842
481130134001000,0.0013878447926906842
481130136213007,0.0002202721079847552
481130096043010,0.00013796327266769374
481130131021027,0.006388013110883252
481130131021028,0.0016757522134727408
481130119021014,0.0010192485037287407
481130165111001,0.018059961991134688
481130092032004,0.0018739141755598197
481130025002016,0.00010271631564053022
481130211002075,0.0013878447926906842
481130117013008,0.0010801667954126173
481130052002027,0.0017741455655164917
481130165261017,0.0005716527782926583
481130110042014,0.0005517257064591938
481130076041002,0.00014660276647587012
481130211002042,0.0013878447926906842
481130116012002,0.0010422371458346724
481130059011028,0.006597628959840345
481130019022010,0.0001353209015698298
481130113003033,0.0008677235290115682
481130077011005,0.0013878447926906842
481130209001053,0.0013878447926906842
481130060011005,0.0013878447926906842
481130051002007,0.0013380762942056704
481130063021003,0.00014110555996471195
481130101021023,0.00016050796518658734
481130100011004,0.000737806079517462
481130084012027,0.005696383321445781
481130010011001,0.0013878447926906842
481130122061017,0.0008243837748018527
481130113002004,0.0015574803083005253
481130110033005,0.0028784360919119067
481130110022014,0.0013878447926906842
481130166341027,0.00018900471320495996
481130067012017,0.0012486473946169566
481130108082001,0.007311444735741951
481130111031008,0.002161358716784821
481130136092001,0.0013878447926906842
481130136071025,0.0005082205623585579
481130054002013,0.0002117952301248665
481130047002017,0.0006868095727148686
481130006072011,0.0014004193435000116
481130094013009,0.0016086546825453622
481130085001000,0.00015083230742886315
481130127021000,0.003998014960663256
481130124004006,0.012849024887382838
481130120003010,0.0013878447926906842
481130057002037,0.0012021594387955407
481130091031003,0.0007274021356070549
481130057002039,0.002779977581664458
481130106021035,0.002220331099581853
481130008011005,0.0013878447926906842
481130130052001,0.0029287186668251783
481130100032026,0.0013878447926906842
481130015033008,0.00047916878148324116
481130064011001,0.0013878447926906842
481130004103043,0.0001313857231461242
481130024002010,0.0039432643357175225
481130064021007,0.00047747283085257614
481130077023039,0.00034929860103504606
481130080001025,0.00029553641356472836
481130190163001,0.0013878447926906842
481130167102020,0.004901001906179513
481130088012016,0.0019590774580351307
481130055001007,0.0032283400934932475
481130079031007,0.0028045648548412905
481130024002023,0.0010220918208209107
481130078011020,0.002136641364465795
481130122062020,0.0006857825371304687
481130087041005,0.0006960512714608971
481130092041006,0.0013878447926906842
481130092041020,0.002199483530471619
481130170092005,0.0013878447926906842
481130209001035,0.0013878447926906842
481130136072045,0.0013878447926906842
481130190191000,0.0013878447926906842
481130190184001,0.0013878447926906842
481130096031030,0.0013878447926906842
481130096031015,0.0013878447926906842
481130136152008,0.21282298967067106
481130136112011,0.0013878447926906842
481130136261005,0.0013878447926906842
481130077023047,0.0013878447926906842
481130076051050,0.0013878447926906842
481130076042035,0.00035460556692582516
481130167091005,0.0013878447926906842
481130081023001,0.0010633537415731947
481130211002027,0.0009779778764982118
481130100031035,0.0013878447926906842
481130015023013,0.0007648714413303434
481130099003062,0.00010031395752823011
481130095002024,0.004525380400462023
481130130072009,0.00231759003171549
481130130113014,0.0013878447926906842
481130129004003,0.0013878447926906842
481130096041020,0.0013878447926906842
481130100032105,0.0013878447926906842
481130006062014,0.00041674709476755727
481130025004046,0.0013878447926906842
481130167111007,0.0013878447926906842
481130136202014,0.0049498683900366415
481130079025010,0.0013878447926906842
481130020011007,0.0013878447926906842
481130209001011,0.0013878447926906842
481130068002033,0.0010220918208209107
481130107015004,0.000760140655944758
481130132011032,0.0013878447926906842
481130084012031,0.0013878447926906842
481130092042004,0.0015697284123513428
481130108082005,0.0003536379853941335
481130013011015,0.001218231901108188
481130013011005,0.0013878447926906842
481130129004001,0.0009943303583700674
481130107011012,0.0002867939737821247
481130078292001,0.0010133649024527747
481130119012022,0.010706578848985534
481130009011000,0.00025654900702308254
481130136172032,0.001430893564809464
481130212002022,0.0013878447926906842
481139801001004,0.0013878447926906842
481130097011005,0.00044018163847976
481130042012020,0.0020588118845441734
481130096032021,0.00014296757231472114
481130063013020,0.0009246878382730885
481130110042002,0.00022747454277390096
481130072062004,0.003798406542968346
481130166353013,0.0013878447926906842
481130065012031,0.0013878447926906842
481130045002009,0.0007138657965810221
481130106011001,0.000743335840178677
481130106012004,0.0013878447926906842
481130111011004,0.0013878447926906842
481130071023003,0.00013231989557650284
481130136102032,0.0013878447926906842
481130092041033,0.0013878447926906842
481130024003008,0.00045477032956787734
481130008011009,0.0005899840723776893
481130108092041,0.0013878447926906842
481130108092032,0.004853272100206136
481130100021015,0.0010822155077688986
481130106021017,0.000512711902390308
481130125021005,0.0013878447926906842
481130071022002,0.018094941321949932
481130114012003,0.0002995318332539492
481130084011016,0.0001024959854118681
481130101011027,0.0013209812496181807
481130022003032,0.00011993290216745306
481130056002024,0.022845330203722657
481130027033006,0.0013878447926906842
481130208002034,0.00014270548094052785
481130057002023,0.0013878447926906842
481130136081031,0.001217066200156218
481130025003007,0.00034837746870380486
481130047001003,0.0018102022871271997
481130208003060,0.0021145953334014943
481130079142025,0.00011582780091014001
481130080003011,0.0026363596332486536
481130080006010,0.0006168590125573095
481130130093009,0.0005329277579845129
481130130053003,0.0032592503709349924
481130130071004,0.0003701375476727358
481130015022006,0.035128812332039974
481130110032009,0.000987685752134575
481130110032018,0.000609568600126579
481130111011009,0.0009090503402458021
481130199001045,0.0006067691977174434
481130096033016,0.0013878447926906842
481130100032197,0.00029043830932745304
481130096033023,0.0004785944123274899
481130096073002,0.005556733065810505
481130079061020,0.0013878447926906842
481130118012014,0.0004787946233533257
481130122072021,0.0032310831972911544
481130068003005,0.0007064489101400181
481130076041017,0.004513115076095906
481130135002038,0.0012573390562353214
481130127011017,0.0008778671805034082
481130096033017,0.0013878447926906842
481130210003008,0.0013878447926906842
481130045003001,0.0010690330004408354
481130054003026,0.001263315464464113
481130093012010,0.008001436048584375
481130063012002,0.001394634339667479
481130063012011,0.001302708008342503
481130165262000,0.0013878447926906842
481130132024011,0.0013878447926906842
481130109061013,0.0002022607484134671
481130056002027,0.0011953204828510204
481130042022005,0.0021701622360281317
481130130081013,0.0005390458812397443
481130073024003,0.0013878447926906842
481130053004026,0.0014969245675099687
481130042012009,0.009960115003140068
481130027031029,0.0008831473277106545
481130011013009,0.000729823756092444
481130117013027,0.0006403160111871355
481130050001004,0.0022507976183687678
481130078012009,0.0009647261567014663
481130111032020,0.0009045905036084231
481130054003033,0.0003065353107949318
481130092041031,0.0013878447926906842
481130111031013,0.0021438700482348787
481130002022020,0.003050634080379332
481130064022041,0.0013878447926906842
481130116041011,0.0013878447926906842
481130096082002,0.0013878447926906842
481130054002030,0.00022194603920317908
481130068002005,0.0013878447926906842
481130064011033,0.00023785048901696533
481130042013002,0.04897915415445504
481130052001033,0.002201996010438504
481130111052004,0.0022418910925419053
481130135002008,0.0013878447926906842
481130109031028,0.00040900045006153293
481130100031037,0.000225256069770149
481130110021008,0.006485078944395375
481130110022034,0.002203376691827099
481130111032027,0.0013843808038775367
481130042012016,0.003269614554785627
481130054001011,0.00026243788052765374
481130110032004,0.09792423799029062
481130008011000,0.0033034930364873472
481130086042009,0.0010066021421934524
481130037002001,0.0002909755501443559
481130099003025,0.12477560690528683
481130107012013,0.0018046516971386302
481130007062011,0.0013878447926906842
481130106021004,0.001967278101494267
481130136213008,0.0012609287114649238
481130077012010,0.0013878447926906842
481130011022015,0.0009565431994026699
481130082003003,0.0025826478079188763
481130093041009,0.0013486408940907595
481130071021011,0.0012400598071754527
481130210003005,0.0017602295690680918
481130210003014,0.0008197937059597225
481130054003019,0.0013878447926906842
481130211002056,0.010336728287573068
481130081012001,0.0007263005598887557
481130084012020,0.0013878447926906842
481130208003017,0.0024041976285420407
481130112022016,0.004620078969884582
481130113001013,0.0013878447926906842
481130078241032,0.0013878447926906842
481130042022000,0.0032131731989005403
481130097022035,0.002643254974783929
481130136182006,0.0006168590125573095
481130080003015,0.0013878447926906842
481130094022014,0.001809744352929316
481130037002056,0.001784328197661095
481130106022008,0.0005830238289617231
481130100032250,0.0013878447926906842
481130062001018,0.0007736012801280761
481130004102002,0.0005247940254056089
481130004101016,0.000923089782310492
481130096042000,0.0263330385338881
481130185063059,0.0013878447926906842
481130097022002,0.0014575042633952191
481130110033001,0.0003749602677740913
481130136072013,0.0013878447926906842
481130136082005,0.0010889419101760335
481130130092014,0.00036368088773052626
481130048001038,0.0011745457678719543
481130114011046,0.0013196909887949792
481130065011017,0.0013878447926906842
481130079061017,0.0013878447926906842
481130080005008,0.0037596351315231915
481130125022016,0.0012297474637802197
481130129003003,0.0027356261644578047
481130130132028,0.0004527418828422186
481130088021020,0.0008951432401600678
481130059013016,0.0024414727555906518
481130090012012,0.0019793894041081417
481130060012017,0.0015551497474416873
481130065011008,0.009635121884301007
481130010022015,0.009133843295684596
481130078283004,0.0013878447926906842
481130078121023,0.00038544787883393854
481130056002006,0.001483187017543813
481130130072028,0.0002408331589716698
481130025003011,0.0014295053349607674
481130057002001,0.00019067544420282495
481130080001014,0.0013878447926906842
481130167101026,0.003125354766649679
481130167111035,0.0013878447926906842
481130167091026,0.0052314340895776535
481130091052000,0.0007739591305675574
481130126031017,0.0009871035357423637
481130063021029,0.0005491452780341888
481130042011009,0.0012496216292705203
481130087011006,0.012825304786304845
481130077012000,0.0013878447926906842
481130131041000,0.0013878447926906842
481130072042015,0.026756903185783287
481130124001001,0.0015089866554241292
481130001002021,0.000171191054101933
481130081023013,0.00021315731463516585
481130092042009,0.0013878447926906842
481130092031001,0.0017857214789810789
481130096043016,0.0013878447926906842
481130077012018,0.001807460510438815
481130192132010,0.0006571183310247397
481130136053022,0.0013878447926906842
481130127022032,0.0013878447926906842
481130137272000,0.0006897523151863311
481130206001015,0.0011277201399552237
481130077023032,0.0004748909499865527
481130109062006,0.00011534910555424392
481130077022005,0.33398810402459156
481130106012031,0.0013878447926906842
481130024003006,0.0013624750444272533
481139801001042,0.0013878447926906842
481130095002013,0.0005474675555318168
481130165282009,0.0003638520848403791
481130084021018,0.007961540742755584
481130128023023,0.0013878447926906842
481130020011011,0.0015519620908395605
481130127011008,0.0013878447926906842
481130203001028,0.0013878447926906842
481130004092046,0.00020412112109483526
481130004092047,0.0013878447926906842
481130136062019,0.0013878447926906842
481130099001057,0.0013878447926906842
481130099001070,0.0013878447926906842
481130044002026,0.0038050022789106117
481130136061013,0.012429393995948005
481130093013004,0.0013878447926906842
481130167111008,0.0018496853466455382
481130079031001,0.0029350571152337653
481130073024005,0.0013878447926906842
481130072051001,0.002760729634882223
481130190161008,0.0006297285302110045
481130131012002,0.0013878447926906842
481130078291007,0.0013878447926906842
481130136182012,0.0013878447926906842
481130096112015,0.0013878447926906842
481130192081005,0.0017743263278747487
481130020012015,0.0007022293485643373
481130107043023,0.0004588123074685745
481130073023028,0.0013878447926906842
481130061002026,0.05310665339440707
481130165342022,0.00016553664735524594
481130052002021,0.0010144206588338952
481130064022027,0.005225074352492408
481130064022024,0.0031588658479029808
481130212001000,0.0016695666993801056
481130071025005,0.0003204740012585026
481130079062021,0.0013878447926906842
481130100032040,0.0013312172991708008
481130122132025,0.00020792192572506037
481130027032000,0.0013878447926906842
481130057003049,0.00374256002594616
481130125012023,0.0013878447926906842
481130012022017,0.0013878447926906842
481130024001014,0.0017781400379087945
481130024001006,0.0017743263278747487
481130212001033,0.0013878447926906842
481130106012024,0.0002557479629270854
481130011012001,0.0018220282973267228
481130004103041,0.0021741010599508922
481130111013013,0.002877745217040599
481130010012007,0.00386179534209262
481130208001003,0.0013317809979882934
481130098023021,0.0017529248660601306
481130080005016,0.002667356790551053
481130078291009,0.00043168349638830815
481130113003014,0.00010736777058795077
481130059011026,0.00274251461352112
481130110032001,0.0022371510004859517
481130101022004,0.009362353073345705
481130065012010,0.0036505757138207227
481130045003000,0.012835135578463086
481130052001023,0.0005814214687806872
481130100032085,0.0013878447926906842
481130136091012,0.00040077989683825094
481130076041015,0.0013878447926906842
481130111041021,0.001553630329639844
481130067021013,0.0002925252752444047
481130099001001,0.0013878447926906842
481130111042017,0.0002989874450428914
481130123025019,0.0013878447926906842
481130128023025,0.0009960308266895302
481130079061014,0.0029670695611295453
481130005022015,0.0040973032670721275
481130117023035,0.00023842173663357572
481130116042028,0.0008289293357052953
481130071025015,0.0004810132900235144
481130055002005,0.0017602295690680918
481130055003042,0.006010629131338344
481130136092021,0.0006475708766735587
481130061002023,0.0010127276829224776
481130060023016,0.009530159986435673
481130096033033,0.0021536736825980857
481130202002001,0.0029323927855223354
481130093043011,0.0009581923972007331
481130098031023,0.0013878447926906842
481130096032020,0.004342715496656574
481130060022015,0.0005729868726940175
481130064022026,0.0013878447926906842
481130076041029,0.0005757057055997371
481130073012016,0.001014287890600075
481130005022012,0.006946532062604986
481130106011047,0.004628346979774306
481130106011030,0.0010633537415731947
481130136081022,0.0013878447926906842
481130006061020,0.0005986129345441278
481130105002026,0.00020548349882720468
481130080006021,0.0017212245919118589
481130122131015,0.0013878447926906842
481130123011013,0.002418219020409802
481130202002078,0.0003353055930247621
481130126012013,0.024566428755480867
481130013022002,0.0013878447926906842
481130048001049,0.0010255622792611982
481130094013019,0.0013878447926906842
481130107012025,0.0005039414418596185
481130122113006,0.0008755948074239304
481130125011002,0.00280644763512436
481130121021006,0.0003297420687848772
481130063022047,0.0007652280253718951
481130004082002,0.0013878447926906842
481130128012004,0.004594723763488689
481130096092037,0.0024298016273560544
481130096091007,0.0018998861146608374
481130045002008,0.001319679622477098
481130110022016,0.0003348835812294615
481130110021021,0.0018932285418232588
481130212001003,0.0006168590125573095
481130100032092,0.0046802803930184956
481130100032027,0.0013878447926906842
481130096033013,0.0013878447926906842
481130206002059,0.0013789037600981937
481130071011021,0.0013292981613372559
481130165112022,0.00117910679095617
481130206001021,0.001506150816687916
481130076012011,0.00892389942637339
481130107041026,0.0015147304251187503
481130065021001,0.0045329812281686786
481130097022014,0.0006559999120982551
481130055003002,0.0004062992145301506
481130079023033,0.0005473037371459586
481130059021006,0.0012102426655461564
481130056003017,0.001304133403581249
481130113002027,0.0013878447926906842
481130054002015,0.0012099481798180714
481130068002039,0.00013086021496811143
481130073011013,0.00021315731463516585
481130136092008,0.0013878447926906842
481130136072012,0.0013878447926906842
481130141383018,0.0013878447926906842
481130129001018,0.0013878447926906842
481130203001001,0.0007096060632397797
481130202001003,0.00018835380755296852
481130208003043,0.0013878447926906842
481130208004020,0.0003483132690430709
481130130082021,0.0013878447926906842
481130165111002,0.0013878447926906842
481130064022003,0.0016061647915199284
481130004101004,0.0013878447926906842
481130136072023,0.0013878447926906842
481130085001010,0.0008425580815754529
481130127011019,0.00012986899026260374
481130127013019,0.00039459827982932087
481130208003062,0.0006935465331401442
481130084021029,0.0002198902469672143
481130117013021,0.0013878447926906842
481130060021003,0.0007286514814539869
481130060012028,0.0013878447926906842
481130064022042,0.001795415852646518
481130100015017,0.0013878447926906842
481130037001017,0.0015047065451033168
481130087032004,0.001232600506213363
481130170102015,0.0013878447926906842
481130111042009,0.0013878447926906842
481130111032008,0.0021261215231118532
481130108062010,0.002355129288147682
481130004092011,0.006530329639463336
481130020011017,0.001975529696770093
481130094022038,0.0019080404832488536
481130123011023,0.030510966862113905
481130124003001,0.0016373385093174436
481130117012012,0.001541428516624584
481130211001028,0.00010576963066633434
481130117013003,0.0013878447926906842
481130117011017,0.0023467606080417795
481130043001051,0.0011215538877170834
481130043001035,0.0016391907050453778
481130078121001,0.00031701454841646996
481130091042020,0.021660107830871057
481130132012009,0.0008415505059595939
481130107011008,0.005094398160240727
481130051001005,0.0013878447926906842
481130004072009,0.0005206546902331746
481130071011029,0.0017602295690680918
481130096111001,0.00023161972064207351
481130064011030,0.0013878447926906842
481130020021010,0.00016736975344186787
481130091041011,0.0025257266459471073
481130071025003,0.00028606341853342095
481130167111043,0.0013878447926906842
481130091032006,0.0001136051411060098
481130088012020,0.00019733028693936865
481130101012036,0.0008094988896931158
481130099001119,0.0013878447926906842
481130078101017,0.0020408200342890348
481130133001006,0.001218231901108188
481130096032017,0.007534630802151912
481130044002019,0.0013878447926906842
481130128023003,0.0013878447926906842
481130122061010,0.002703653896111327
481130015021011,0.0003344558840975689
481130112022013,0.0013878447926906842
481130037002044,0.0010154042340137282
481130116042010,0.0013878447926906842
481130071022009,0.0038021314241853885
481130136061020,0.0013878447926906842
481130136061019,0.0013878447926906842
481130136072002,0.0013878447926906842
481130096043017,0.0013878447926906842
481130190161003,0.0007327246177856085
481130109031062,0.0007286514814539869
481130100032106,0.011760682574590254
481130135001007,0.0023010133354397088
481130136092036,0.0005909932331337859
481130136092024,0.0013878447926906842
481130125022009,0.0014509627551811256
481130206001011,0.0007992615384507508
481130077023045,0.0004193123429165511
481130073023021,0.0013878447926906842
481130073023002,0.0009287734200225811
481130076011008,0.005732842063664574
481130096092007,0.0007429596032133344
481130078281004,0.0013878447926906842
481130071022014,0.0013878447926906842
481130136081025,0.0013878447926906842
481130096112023,0.0013878447926906842
481130078101005,0.0013878447926906842
481130099001082,0.0006048148383874507
481130190405035,0.0013878447926906842
481130042012011,0.0013878447926906842
481130100032186,0.0013878447926906842
481130079121009,0.0012513471083415312
481130079161001,0.0013878447926906842
481130192082001,0.0013878447926906842
481130125021025,0.0023111951346452965
481130130093015,0.0032053269390194903
481130203001019,0.0029582052821169147
481130012021000,0.0011953204828510204
481130127011004,0.001727621182306005
481130203003007,0.0009477646391393151
481139801001019,0.0013878447926906842
481130008021002,0.0013878447926906842
481130071012007,0.002005752733722542
481130105002028,0.0007516564784975223
481130076041019,0.035887555426603504
481130078121025,0.0014538043458659157
481130078053019,0.010513729442919213
481130096111005,0.0160200795386257
481130045002038,0.0013624750444272533
481130087051004,0.0013600861315449918
481130091051016,0.013915964997611217
481130118012004,0.0003278984624946335
481130096072012,0.00024449677692628196
481130096032016,0.030874050250074458
481130001002002,0.0009851963873762787
481130133002006,0.0005013143400445717
481130043001054,0.0001073249254425877
481130004103005,0.0013878447926906842
481130072052005,0.0032756797318047705
481130088011015,0.0013878447926906842
481130100031031,0.0012450170801241618
481130019022020,0.0028802727712322128
481130050002041,0.0013878447926906842
481130129002033,0.0013878447926906842
481130065022030,0.003958580052008576
481130100032035,0.00031774526849208596
481130027032026,0.0022008178597313906
481130092041002,0.0019389461738054496
481130052002006,0.0007365745184517856
481130117022002,0.0013878447926906842
481130063013015,0.002703653896111327
481130002013005,0.0019401230084403163
481130068001002,0.0013878447926906842
481130136072008,0.0013878447926906842
481130099003022,0.0013878447926906842
481130208003063,0.001506150816687916
481130011022013,0.006062046377603093
481130015023011,0.0008250912484066466
481130112012003,0.0029477066803392056
481130078121012,0.003210755759069076
481130004092044,0.0005362007490330474
481130123013004,0.001185259673633786
481130114011014,0.0009061349475188082
481130084021020,0.0024688312045739146
481130169021015,0.0013878447926906842
481130115002035,0.0013878447926906842
481130080001001,0.029951162984877183
481130130051008,0.008611095998474944
481130130052018,0.005699452807631835
481130088022001,0.0009246878382730885
481130059021024,0.000968155797948632
481130044003014,0.0004489199472877316
481130123025014,0.0015017176850010167
481130126044002,0.0013878447926906842
481130045001009,0.00041143701439434407
481130101021037,0.0013878447926906842
481130165342026,0.007844597556651591
481130116032010,0.0013878447926906842
481130116031022,0.002376244670407811
481130116042012,0.003951066989462839
481130125012020,0.0009855605581446448
481130111013007,0.00018229243424305378
481130111042013,0.0006428273357275872
481130093041021,0.02221894896783868
481130078053014,0.0013878447926906842
481130190405018,0.0013878447926906842
481130059012037,0.004074672657113606
481130095002001,0.00027636888371672993
481130054002022,0.00010234708505376012
481130085002025,0.0008372477269813505
481130078102013,0.0046737127819645044
481130063021000,0.0036576058552057708
481130130132033,0.0035047657464782173
481130165212002,0.0013878447926906842
481130108091005,0.00011450750870539799
481130076051020,0.0013230658154086172
481130206001030,0.00019619421847480968
481130079022016,0.001053796857146032
481130192082010,0.00014784611850852275
481130130121006,0.00042730307991155006
481130100012046,0.01534131150296001
481130106011012,0.0007322842812369712
481130106022020,0.0013878447926906842
481130204022123,0.0043036901581213665
481130019022016,0.002238598686837642
481130050002019,0.0004161818931270521
481130064022048,0.0013878447926906842
481130176051012,0.0013878447926906842
481130002011019,0.00021192408758537312
481130126043003,0.00025188781685933604
481130125021023,0.0017398492803332704
481130128022008,0.004132460777502594
481130130081004,0.010618109918833944
481130048001039,0.0010630696404883584
481130048001031,0.0009519663670153689
481130056003010,0.0023824155914006755
481130094022022,0.0006030288344279753
481130097022024,0.0013878447926906842
481130013011003,0.0012986900301999041
481130077023030,0.0013878447926906842
481130020012014,0.007402337614096212
481130107012061,0.0013878447926906842
481130130052004,0.009917275381393273
481130088023007,0.002914759360915077
481130042012012,0.0004748587212723893
481130212001025,0.0013878447926906842
481130171012012,0.0020941230645864476
481130056003008,0.0013878447926906842
481130121011004,0.0013878447926906842
481130190181003,0.0007276492414936728
481130097021014,0.0013878447926906842
481130107012018,0.000753173588041221
481130007062004,0.0026717063865029085
481130079023013,0.005228698829122493
481130122121002,0.001108461003061865
481130027032055,0.0013878447926906842
481130063012000,0.0017815943726421373
481130087012004,0.0016290607373463698
481130093011015,0.005308114413068149
481130136072030,0.00017779718569988932
481130010011004,0.00046935639755896165
481130002021010,0.002752119073198867
481130202002051,0.0013878447926906842
481130055002038,0.0002810387508118419
481130122061028,0.0003686502515854392
481130113003009,0.0013878447926906842
481130171011030,0.00031117249497184245
481130064022016,0.0008833505370758939
481130067021059,0.0010614090171757408
481130109031005,0.0008221631400565777
481130165271011,0.003264310190515914
481130127013015,0.0014817613122199396
481130012031003,0.0004238080129692784
481130012041001,0.010453709880781361
481130012041002,0.0020646908232024815
481130133001009,0.0007327246177856085
481130108062000,0.0013878447926906842
481130110031013,0.0013878447926906842
481130064022051,0.00023681060143061004
481130203003044,0.0016111351333534343
481130165342010,0.0007877744471125203
481130099001028,0.0025217525938809916
481130108061009,0.0010317289264697082
481130107043004,0.0013878447926906842
481130004092028,0.0006980211148347039
481130071022003,0.0002920555676619325
481130073023022,0.002179048569816837
481130091013008,0.0001241041911557528
481130078101020,0.0013878447926906842
481130088011005,0.0013878447926906842
481130063022046,0.0013878447926906842
481130077023028,0.0017201948080829638
481130129002025,0.0008519505108427104
481130117013032,0.00012298794618082406
481130088012026,0.00019288709371017697
481130052001029,0.006263107679882693
481130012031007,0.0013878447926906842
481130062001010,0.0013878447926906842
481130043001101,0.001044504768728322
481130128012010,0.0013878447926906842
481130010022003,0.00920481307417681
481130130052013,0.000766597796149616
481130202002017,0.004348533142365251
481130063021018,0.0030964138199390547
481130128021003,0.00013804408739725809
481130124001006,0.0013628184206443445
481130131021034,0.00035809020892875953
481130012023009,0.0019343407406779884
481130096052005,0.0009345816322693638
481130078011014,0.0013878447926906842
481130122062019,0.0006061052075839666
481130092041005,0.004525380400462023
481130211001019,0.014672283561011506
481130211001018,0.002017448996988568
481130211002062,0.0005705698078430079
481130136152022,0.0013878447926906842
481130079062018,0.0013878447926906842
481130202002058,0.0013878447926906842
481130130122022,0.0013878447926906842
481130136242001,0.0012513471083415312
481130171023041,0.00018122920527769202
481130090012015,0.011946945964980105
481130192081029,0.0013878447926906842
481130076042030,0.0004071463476955824
481130015041009,0.022153882702484893
481130113002013,0.0006320664822186097
481130132024029,0.0013878447926906842
481130135002004,0.0006963064732082376
481130135002005,0.00321999568410033
481130136052000,0.0013878447926906842
481130106011051,0.0007468995610267748
481130073012014,0.0031810915431367015
481130078121008,0.0016926593555635677
481130126043001,0.00014501338452589167
481130130113007,0.00046060849747076537
481139801001046,0.0013878447926906842
481130071011031,0.0013878447926906842
481130051001027,0.0004877590035416192
481130004091005,0.0022080463503166984
481130020011022,0.0013878447926906842
481130004103053,0.0002720079993248381
481130132024033,0.0013878447926906842
481130027032038,0.00015604966002724646
481130063022006,0.013006205604686773
481130044002007,0.012218253571269459
481130078222010,0.0013878447926906842
481130079122001,0.00018964484279664225
481130071023012,0.00042808304446973226
481130079031005,0.0013878447926906842
481130081023024,0.0013878447926906842
481130090012002,0.0013878447926906842
481130121022018,0.0008291996222129312
481130088012031,0.05514457532623307
481130071022018,0.0017743263278747487
481130136061022,0.002582309199760899
481130136181012,0.002914984593450648
481130116011001,0.0126302791683982
481130171021010,0.0013878447926906842
481130012023000,0.00020792192572506037
481130067021052,0.0022394116424844165
481130061001022,0.0020807409575633257
481130096042031,0.0015017176850010167
481130159002020,0.0013878447926906842
481130091042007,0.001218231901108188
481130073021017,0.001975529696770093
481130073023027,0.0013878447926906842
481130067021048,0.00045292950459588805
481130131072001,0.000558421658701669
481130064021008,0.003307002365035065
481130078091004,0.0013878447926906842
481130011011011,0.00042153457867671255
481130057001015,0.014921314325106249
481130059012034,0.002496861117452828
481130059012022,0.0005377622367600538
481130012022016,0.0013878447926906842
481130113003034,0.0007367120689878722
481130113001018,0.00010343176698712222
481130079061002,0.003746666590238357
481130136103007,0.0032334598182757386
481130063013006,0.0005993582392898856
481130109031019,0.0015180268754677972
481130101012030,0.0008670850442559038
481130166341004,0.00040153040831022264
481130136063009,0.00031099882565711445
481130096081011,0.000852152482385426
481130096081013,0.0005903230257439119
481130099001084,0.009691578878553417
481130010021009,0.0007292262050122055
481130208001025,0.0004185713071376762
481130165212062,0.029379724268157652
481130007052009,0.003990350478153044
481130206001004,0.0009246878382730885
481130129002004,0.0009938095786536636
481130181442000,0.0013878447926906842
481130136182010,0.0017266957154317161
481130130051001,0.001908875507921911
481130056002005,0.0036020800018009475
481130027031021,0.0004320351293126421
481130136091001,0.0012037191049174892
481130165341003,0.0013878447926906842
481130076012021,0.0013878447926906842
481130120002009,0.0013878447926906842
481130076051030,0.0042972003098239635
481130084021010,0.0032914482978225854
481130096051017,0.0011794814846598463
481130053002001,0.0005229655392642076
481130165271016,0.0026791182372250632
481130078052016,0.0010837487930218173
481130111032031,0.0007892515208360253
481130025001028,0.00028335056662563826
481130130132018,0.0011800703656854956
481139801001003,0.0013878447926906842
481130014003005,0.0012496216292705203
481130108072013,0.0006967466923527157
481130135002006,0.0013878447926906842
481130210003034,0.0025878208399012725
481130192052000,0.0013878447926906842
481130006091000,0.001700325982393533
481139801001043,0.0013878447926906842
481130079061023,0.0013878447926906842
481130165212045,0.0013878447926906842
481130170091001,0.0013878447926906842
481130121022020,0.003123788336648715
481130165261007,0.00017745172397507959
481130116011024,0.4380022128898252
481130105002014,0.0012459242754095396
481130025003019,0.0021379086148229226
481130122132014,0.001123046107765499
481130107012051,0.0001765464812463298
481130092023012,0.00855897938335089
481130166342006,0.0013878447926906842
481130136053001,0.0010969014266650969
481130202001009,0.0013878447926906842
481130087042002,0.010580329079603627
481130078281000,0.0010801667954126173
481130020011016,0.00034392525264783264
481130126031005,0.002480539747163283
481130002011009,0.0014205092522798588
481130093032031,0.028452517086023404
481130117023039,0.0006263988521063887
481130210003015,0.00032643467368127457
481130204022007,0.004704499620255741
481130126011019,0.00333055043632604
481130167091006,0.0013878447926906842
481130087041011,0.0013878447926906842
481130202001000,0.0017933166134518317
481130050002031,0.0003040644008453937
481130050002033,0.0012935103170988397
481130051001004,0.0013878447926906842
481130060022000,0.0013878447926906842
481130110033015,0.0004624276473837299
481130006091026,0.0021710188997277257
481130100012058,0.0017951326653490585
481130093044009,0.003199657964549174
481130130082010,0.0026791182372250632
481130053004045,0.0014634567849747399
481130053001016,0.0013878447926906842
481130065012014,0.0013878447926906842
481130078052002,0.0013878447926906842
481130108072029,0.001160411609558832
481130165262022,0.00042808304446973226
481130134001012,0.00041597859805765625
481130134001015,0.0011222978073748403
481130079023037,0.0013878447926906842
481130079023018,0.0008582608945624236
481130078291003,0.03263947083351674
481130056002012,0.0032297968108741504
481130115002054,0.0013878447926906842
481130099001080,0.040211861299026486
481130165262019,0.0013878447926906842
481130110042015,0.00031635217381224085
481130002023019,0.0010142940228789947
481130203002051,0.001263839216813398
481130113002034,0.0017881550147246146
481130059013015,0.00037132743197462406
481130059013017,0.003443808831737755
481130054001033,0.0013846280690999978
481130109031051,0.0010059390786541903
481130116042017,0.005939031361196981
481130063013030,0.0006560865874018074
481130080005015,0.0013878447926906842
481130208003066,0.0001710258142497582
481130045001031,0.0009880197033130579
481130045001021,0.0003895243994486232
481130108053008,0.005657971308532484
481130108072000,0.00016410419853594939
481130042011012,0.00030215773588251915
481130136111010,0.0013878447926906842
481130084011020,0.0004863940815818399
481130084022015,0.0013404515197566705
481130084022019,0.004106831517696237
481130059012026,0.002459464492305037
481130113001006,0.002380354711935518
481130167091039,0.0005609667204560234
481130050002029,0.00724977813520852
481130110022001,0.0013878447926906842
481130111031002,0.19438702652128093
481130165211013,0.0011850451277937144
481130136172038,0.0013878447926906842
481130016021013,0.0008823275279715038
481130100032134,0.0013878447926906842
481130080001018,0.0013878447926906842
481130129003000,0.0015755282305381412
481130054002010,0.0006885975233145059
481130055001020,0.011390078179733263
481130044002002,0.0018206172213035931
481130108062002,0.0008649373227845309
481130060022005,0.0013878447926906842
481130123012006,0.0023992514585592676
481130079032022,0.0024328668010600795
481130165281004,0.0017798585720328517
481130006071005,0.0005125503265400455
481130015021018,0.0001826833954656974
481130078102011,0.0010801672220491876
481130130053022,0.00165758543944975
481130077023001,0.001392192677791451
481130087013027,0.0005473037371459586
481130131011004,0.0006275716457840317
481130105002021,0.000332610205312855
481130093032021,0.0009538911840902412
481130059012003,0.0094980264278974
481130204022021,0.0013878447926906842
481130130081007,0.0002666410672804875
481130042022001,0.0007685455538726793
481130106011027,0.0013878447926906842
481130106011009,0.0007011670529701849
481130132012004,0.002196471927378385
481130126012019,0.004370572577154876
481130019021010,0.0016732088291645506
481130013022018,0.00024040629038594728
481130208004006,0.00014351151702454801
481130122131013,0.00034992660557551944
481130190163008,0.0013878447926906842
481130094022006,0.0013878447926906842
481130111012005,0.00033110537876963306
481130111032034,0.0013878447926906842
481130099001061,0.006010629131338344
481130091011001,0.0013878447926906842
481130206002047,0.0013878447926906842
481130205003011,0.0013878447926906842
481130101011022,0.0013878447926906842
481130095001013,0.0013878447926906842
481130095002027,0.0013878447926906842
481130136103017,0.0013878447926906842
481130099001068,0.0013878447926906842
481130130122023,0.0007286514814539869
481130130072021,0.0013878447926906842
481130097022000,0.0013878447926906842
481130130072019,0.0013878447926906842
481130136112002,0.0008775284153937661
481130094013020,0.013983252761644579
481130100032128,0.0013878447926906842
481130100012022,0.006244615406698679
481130006091007,0.018961827661717376
481130141301039,0.0013878447926906842
481130096111009,0.002968923667474598
481130136152018,0.0013878447926906842
481130121021012,0.0007010614969147446
481130085002032,0.0023531625141854154
481130084011022,0.0013878447926906842
481130079021004,0.00035360803693315694
481130079024008,0.0006588438440181541
481130071023005,0.0010220918208209107
481130096043003,0.0013878447926906842
481130126012018,0.0013878447926906842
481130013012002,0.0013878447926906842
481130001002009,0.00036196902204370986
481130068002012,0.0013878447926906842
481130088012033,0.0009168525449142704
481130016011013,0.001975529696770093
481130129002048,0.0013564802469205439
481130095002007,0.0013878447926906842
481130015041011,0.000689858077950768
481130206002014,0.002251983932214318
481130092023027,0.0025932099439900567
481130045001020,0.001044504768728322
481130171023001,0.0013878447926906842
481130108072001,0.0013878447926906842
481130131021041,0.001212087567567731
481130093012007,0.00011824672129654042
481130004103016,0.0013878447926906842
481130079061012,0.00021673114996124238
481130132011025,0.0003597982368810177
481130081024022,0.0007234494137749658
481130052001014,0.0038876035754548365
481130050002038,0.001057101728849722
481130108053003,0.21177654995944042
481130082003038,0.0002102609343451231
481130136101001,0.0007992615384507508
481130123011004,0.0016494569691701045
481130128022010,0.0007397559646508979
481130081024020,0.0004952070926083135
481130081024002,0.00010643615277406683
481130054002032,0.004150029706466185
481130171023004,0.0013878447926906842
481130171023005,0.0006621290507664785
481130053003028,0.0013878447926906842
481130212001008,0.0013878447926906842
481130050001011,0.00016419915866228664
481130068002015,0.002091445935157442
481130167111016,0.009474409516348165
481130096073003,0.0009779215676894235
481130136051008,0.0011864544522477603
481130084021026,0.0013878447926906842
481130166072008,0.0009574484423862757
481130020022020,0.0013878447926906842
481130096091012,0.005542980019187729
481130170102000,0.0034259029881680866
481130099001029,0.0013878447926906842
481130115002071,0.014340122837417752
481130013021009,0.0020902316626082475
481130122091010,0.000364734515584472
481130025001013,0.0009628240667724355
481130208001007,0.002158722540818381
481130208001013,0.0013878447926906842
481130208003010,0.0013878447926906842
481130024002032,0.00031421008782401536
481130025004006,0.006222487904844498
481130078102001,0.0001265399580493543
481130080004007,0.00020529746765825293
481130042012006,0.001700325982393533
481130208003046,0.0030934048304131975
481130084022035,0.001165064149519804
481130084012014,0.0013878447926906842
481130121011009,0.0015775258583589833
481130130051005,0.0346796616370889
481130056002002,0.0001010080406537755
481130059011003,0.0012495036765557428
481130166353014,0.00011976311942930405
481130098031013,0.0014689548730035676
481130098031005,0.0013878447926906842
481130056003014,0.0005066009852676433
481130165262014,0.000954861861918448
481130205003026,0.0003592506923115138
481130004092013,0.00010907357800049762
481130095002026,0.0031871965782465485
481130080004025,0.0011794814846598463
481130100013002,0.0012986900301999041
481130115002028,0.0013878447926906842
481130202002037,0.002599484948149574
481130166341025,0.0029519127083371217
481130090011007,0.00015654359690046767
481130063013026,0.0013878447926906842
481130129003025,0.0017486251960509341
481130211002013,0.01295498737218109
481130052001043,0.18123222780811885
481130079025013,0.0017264100307389058
481130106022011,0.00014793145074483497
481130134001023,0.0026604656283538983
481130096042003,0.000362679284341668
481130115002047,0.0004934148889536139
481130114013004,0.0032007262277779567
481130122074007,0.03158447019038994
481130117022018,0.016071746376931005
481130113003030,0.0006204204739657775
481130091052011,0.34042660432971755
481130065012013,0.0005348212085472173
481130192081036,0.00020609417483506942
481130046001035,0.0013878447926906842
481130079025012,0.002856375121427425
481130106012000,0.002136641364465795
481130002023022,0.0004548470238755311
481130073012015,0.00048067132255708576
481130063022016,0.0013878447926906842
481130053002002,0.0011849945704619767
481130053002013,0.0017792956972736273
481130106011038,0.0021261215231118532
481130002012007,0.0008713493814165182
481130165211020,0.0013878447926906842
481130062003008,0.012915909607234695
481130062002010,0.0025778841776472167
481130062003039,0.0009450028059556402
481130020011020,0.0003076690450709432
481130125011019,0.00035809080371235875
481130105001001,0.0007737141526619446
481130129004018,0.000760140655944758
481130093013012,0.0013878447926906842
481130091052022,0.00273490441355931
481130091052004,0.0006318573537775849
481130096092038,0.0012081939040229504
481130011022008,0.0013878447926906842
481130205001007,0.0020596847260342973
481130167111032,0.0015308104946797805
481130063022049,0.0010759585848007305
481130108072033,0.004525380400462023
481130127013000,0.011372191575311622
481130100031039,0.008373278593159863
481130100032030,0.005683934633985134
481130135001016,0.0013878447926906842
481130108061002,0.0003385519572243016
481130101011001,0.00029472382935134107
481130078121014,0.0015465268002680724
481130109063015,0.00549322032839696
481130108092033,0.0037689741126502043
481130045002047,0.0024586342633698523
481130140011076,0.0013878447926906842
481130134001009,0.0005473037371459586
481130096031006,0.0013624750444272533
481130131021008,0.0017828142900579152
481130081022033,0.0013878447926906842
481130081024006,0.005858523034090451
481130081021015,0.002745917832376104
481130061001006,0.0013878447926906842
481130077023024,0.0013878447926906842
481130210003012,0.0013878447926906842
481130116031016,0.0013878447926906842
481130109063000,0.0013878447926906842
481130067021017,0.0012741929523479112
481130076051028,0.003913352645700735
481130080004028,0.0026163264719618086
481130130131025,0.0003663651106730858
481130210002015,0.005471219828673511
481130116031017,0.0013878447926906842
481130059013009,0.0001652579216313488
481130059011029,0.0025414897129262754
481130080001011,0.003416531253072359
481130170091004,0.0013878447926906842
481130171013003,0.001598733962572698
481130006061010,0.00026404297094907513
481130098022002,0.11559575348924017
481130203003018,0.0006835685719490063
481130127013002,0.0019444958893277701
481130127011016,0.001835695749998345
481130024003011,0.003223756701561152
481130167111049,0.0013878447926906842
481130109031017,0.002907777305305
481130109031006,0.0013878447926906842
481130109063019,0.0007696447511131997
481130117013007,0.01175026971376133
481130064022032,0.0013878447926906842
481130100021011,0.002596610593238574
481130076011015,0.0027702600298333078
481130087032021,0.001187728751101549
481130116012012,0.0003949942137405338
481130073012029,0.00032155317315233213
481130136063025,0.0012513471083415312
481130165272010,0.0023187783716256878
481130073024000,0.0018253289617242267
481130108043003,0.006623303695279507
481130107041031,0.0012348347539696948
481130004092024,0.0013878447926906842
481130006062012,0.002028397322375023
481130136191004,0.00269701950959596
481130136053011,0.001975529696770093
481130130091016,0.0026650814118104973
481130024002004,0.0019481466094595998
481130064011010,0.0026683507763973313
481130123021006,0.0012986900301999041
481130057003029,0.00787813903743975
481130093031015,0.11644124548703443
481130057001011,0.0006816410966649029
481130002013012,0.0013878447926906842
481130002012000,0.0023337400059172744
481130101021042,0.0003619042748004121
481130042021016,0.00036296788893338617
481130022003014,0.002170406360713046
481130078053002,0.0004632073283086136
481130078053007,0.004804333067774632
481130123011025,0.0013878447926906842
481130165212042,0.00416698790826523
481130045001025,0.0005573722811513861
481130131011017,0.0013878447926906842
481130073011011,0.0007792083304226537
481130126031020,0.0013878447926906842
481130176052010,0.00011675739260369907
481130044001014,0.0013286887432405296
481130097013014,0.0013878447926906842
481130078251004,0.00015906127449668984
481130133001007,0.017068719801594207
481130012023008,0.00018364079099913495
481130081022014,0.004149342599474717
481130081022037,0.0003609311879110426
481130090022008,0.00028402232536599964
481130124002006,0.00036175392057343506
481130190343006,0.0013878447926906842
481130132023004,0.0013878447926906842
481130136081000,0.0006298062867652354
481130078012000,0.0013878447926906842
481130125021021,0.0013878447926906842
481130132012000,0.0012126719285719648
481130020022019,0.0013878447926906842
481130130091008,0.00016662351836505205
481130084021033,0.0013878447926906842
481130128023034,0.0025222196394071653
481130115002032,0.0013878447926906842
481130071011003,0.0013878447926906842
481130130053018,0.0013878447926906842
481130140021004,0.0005473037371459586
481130081021001,0.00025403450503219926
481130096072001,0.0019389461738054496
481130077023015,0.0005509888225503835
481130129001013,0.0013878447926906842
481130107015011,0.007295543538146834
481130122102017,0.0011794814846598463
481130130051011,0.0006754824398675043
481130025003032,0.0013878447926906842
481130081023010,0.0015180268754677972
481130081023004,0.0010801667954126173
481130208002039,0.006946011006604282
481130128012014,0.0013878447926906842
481130068002042,0.0005830756999909758
481130122072004,0.0013878447926906842
481130122074025,0.0013878447926906842
481130042012019,0.003078411281941379
481130055003031,0.00014920364668548176
481130122073008,0.007014435511870656
481130110022012,0.0013878447926906842
481130071024022,0.0013878447926906842
481130099003113,0.0013878447926906842
481130136111026,0.002053334373235771
481130130091006,0.0013878447926906842
481130095002010,0.0013878447926906842
481130064021018,0.0013878447926906842
481130088012009,0.0013277350665105892
481130107043014,0.0017106545452714944
481130054003012,0.001013718393302661
481130167091000,0.0013878447926906842
481130037002050,0.0013878447926906842
481130110033008,0.0015908079509513388
481130016011008,0.0013878447926906842
481130050001020,0.0013878447926906842
481130019022017,0.012488389505919826
481130079103004,0.0005756460790566954
481130006063007,0.0013878447926906842
481130079021006,0.0017935868611574021
481130078051006,0.021410173399707064
481130079062023,0.0023220863503002134
481130136101010,0.0009621414675512668
481130204022108,0.0006984324712913193
481130059012035,0.0010976689828747514
481130091042015,0.004089506323739977
481130091013015,0.0012057509589683062
481130024002024,0.002236930727487766
481130093041006,0.0013878447926906842
481130113001027,0.00012574905754978685
481130076051034,0.002926244277410417
481130136053019,0.0013878447926906842
481130056002008,0.00020915002785782636
481130006072008,0.006514672326260593
481130027033016,0.01786080013436629
481130208003006,0.00021402314103200756
481130059011002,0.0007022293485643373
481130190405027,0.0013878447926906842
481130078292000,0.0013878447926906842
481130130132031,0.0013878447926906842
481130079032007,0.00029749123298442346
481130004103001,0.0013878447926906842
481130080006011,0.00042366303558057376
481130130053008,0.003312915182000277
481130130072023,0.0013878447926906842
481130130102003,0.0004983237564427196
481130210001021,0.0037013563249636244
481130167111019,0.0013878447926906842
481130086042001,0.00043304853302473796
481130110033012,0.0008781554036973927
481130111011006,0.0040459184124504175
481130044001011,0.0001774753881807824
481130111051000,0.0003261378852026025
481130043001055,0.0013878447926906842
481130076051039,0.0013878447926906842
481130027033027,0.0001707504638232806
481130209002043,0.001901203861159705
481130136172002,0.0013878447926906842
481130164122000,0.0013878447926906842
481130114011003,0.0025856644088888803
481130111013005,0.00797174022167025
481130005021001,0.0005871301771342936
481130136054002,0.0003641123144352744
481130202002077,0.0013866740016399116
481130094021002,0.003088887181143942
481130073023038,0.0040897253948641845
481130013013010,0.002869121677835038
481130096033007,0.0026905310837556607
481130106012027,0.0013878447926906842
481130110042008,0.003243720199344757
481130099003068,0.0005522626008794794
481130099001106,0.00114236641532972
481130091051005,0.0010192583036570896
481130047001007,0.0012936976436376453
481130136285026,0.0013878447926906842
481130086042007,0.0002506130633453935
481130108053010,0.000251539182717423
481130042012031,0.002254914488712167
481130078092021,0.00013572315288216922
481130185063032,0.00016764777030106563
481130027031005,0.00034570160500909113
481130136063018,0.0009714492062227579
481130204022005,0.0036875468170019534
481130190192003,0.0013878447926906842
481130001001015,0.004976455383220733
481130100032149,0.0013878447926906842
481130078352004,0.003084842804526659
481130136052016,0.0007874920610682831
481130108092040,0.0008085997950859241
481130065014010,0.005238228543548672
481130124002002,0.00021406954940528372
481130129001023,0.0016201955599829056
481130128022006,0.00015259394002626838
481130013013004,0.0004229786237259369
481130124001016,0.0005676297667067568
481130059012027,0.0034668040850079004
481130116041008,0.005781273517891741
481130108092020,0.0005614067711091435
481130126031027,0.00013013697405900323
481130171021027,0.0022608620091710088
481130064011000,0.0013878447926906842
481130079025008,0.0003126468028423967
481130130071013,0.0004219770167070749
481130055001029,0.0010471218464122671
481130045002000,0.0050214102102187465
481130045003031,0.0003102336652511185
481130110022020,0.00037487768642012427
481130050002012,0.0001800507317114341
481130050002003,0.0004717633173492745
481130100032037,0.0019921761126872124
481130117023022,0.001380845883458977
481130165261002,0.005803027611225002
481130053003020,0.0013878447926906842
481130053004012,0.0011889418139906024
481130096082012,0.0036239751412482147
481130096042016,0.0011953204828510204
481130027033036,0.0006863366711016464
481130108051003,0.0013878447926906842
481130109063008,0.0014538043458659157
481130212003057,0.0013878447926906842
481130071021016,0.0026791182372250632
481130136072031,0.0006168590125573095
481130171011040,0.002086667826110361
481130080004023,0.0011761648664931964
481130202001007,0.000244913357191513
481130117023016,0.0013878447926906842
481130054001041,0.0013878447926906842
481130080006005,0.0002920322149144121
481130027032073,0.0013878447926906842
481130113001008,0.00016795405664303062
481130076042025,0.001044504768728322
481130165112019,0.0013878447926906842
481130108072019,0.0004948017121033774
481130044001023,0.00023663928062874908
481130208002004,0.00017299590365161795
481130131021020,0.0013878447926906842
481130117013002,0.00021315731463516585
481130060011002,0.0013878447926906842
481130192081028,0.0011721444311927015
481130037001011,0.003630291624333449
481130088022028,0.00028855974009106853
481130088021000,0.0010194397433785619
481130209001007,0.007355785346872389
481130020022014,0.00015296361951016427
481130065012005,0.0013878447926906842
481130110022023,0.0013878447926906842
481130091041010,0.0004185107436125767
481130067012022,0.003833497300637124
481130109061010,0.0013878447926906842
481130100032028,0.0013878447926906842
481130048001033,0.0006441425321101722
481130136182005,0.0013878447926906842
481130123021001,0.0005137997172631694
481130127012002,0.004414378724868612
481130124004001,0.0016242286056584545
481130079031014,0.009419171188460624
481130093031005,0.003312738301558249
481130106021033,0.0013878447926906842
481130064011007,0.00036381303407131055
481130117011005,0.001225640976642264
481130043001107,0.002834217558369251
481130053001001,0.0010795650010003589
481130078052011,0.0044011628857276545
481130208003053,0.00439717274352808
481130128012020,0.0036288133496455233
481130127011018,0.0014807860578175858
481130090011013,0.00013585805607967548
481130091041005,0.0013878447926906842
481130079024009,0.0013878447926906842
481130122102015,0.002288368270289976
481130052002037,0.000574765998148314
481130096112011,0.0013526804988818449
481130001001007,0.0004713807846503776
481130071024006,0.0006301997399615631
481130076042008,0.0014538043458659157
481130204022027,0.0013878447926906842
481130057002017,0.011823048277053229
481130122102012,0.00022822874394693525
481130165331000,0.0013878447926906842
481130054001034,0.0019929572874698574
481130106021010,0.012795399669424822
481130114011028,0.0001486733880465609
481130190405020,0.0013209812496181807
481130212003061,0.0013878447926906842
481130091051009,0.0002752723944162889
481130132021015,0.0013878447926906842
481130060023002,0.0013878447926906842
481130192131002,0.0013878447926906842
481130085001001,0.23798377292899583
481130120003022,0.024498329207346885
481130127022030,0.0013878447926906842
481130171011007,0.0027658813516545392
481130136103027,0.00044699313187085855
481130052002000,0.014064640153637608
481130048001002,0.0013878447926906842
481130167091002,0.001052619925069038
481130167091011,0.01784470945026205
481130135002007,0.0013878447926906842
481130136101023,0.0013878447926906842
481130091013004,0.006235134055133579
481130013011014,0.005821127216914033
481130079032019,0.0013878447926906842
481130128021033,0.0013878447926906842
481130129001017,0.0013878447926906842
481130048001036,0.0013878447926906842
481130076051008,0.0013878447926906842
481130097022007,0.002908084673530017
481130097013000,0.0013878447926906842
481130098044002,0.0008356235532878203
481130107011010,0.0013878447926906842
481130129001005,0.0012224962223276901
481130100013001,0.005245775952715978
481130068002027,0.0011098402517397852
481130203003019,0.0009250367113390591
481130019021001,0.00011160629937558665
481130096042023,0.0013878447926906842
481130108081003,0.0007403048178345582
481130107043026,0.0013878447926906842
481130055002026,0.000681945914175593
481130176051001,0.002450033809171781
481130024002019,0.0018506859278297736
481130051002002,0.0018983036084018307
481130043001089,0.0015070747506424394
481130043001105,0.0010152801636160273
481130047002013,0.0004272304017880637
481130060022016,0.0013878447926906842
481130091031016,0.0013878447926906842
481130072031000,0.001191008099454137
481130047002009,0.0013878447926906842
481130101021001,0.002383708902231947
481130099003109,0.0013878447926906842
481130082001013,0.0023404221696367825
481130064022018,0.0006558057351368378
481130042012022,0.0024735240824958027
481130211001005,0.0013878447926906842
481130123024002,0.0002923232426995285
481130071011022,0.0008085997950859241
481130100032017,0.0013878447926906842
481130136103009,0.04333958854198598
481130093013020,0.0010192485037287407
481130119011001,0.0013878447926906842
481130076051029,0.002179279178564716
481130063022026,0.0022305291126455597
481130063011003,0.0012513471083415312
481130136191009,0.001991678973320674
481130084021031,0.001849876585290988
481130084021042,0.0013878447926906842
481130205001005,0.12582508065845566
481130020022023,0.0001646116227435811
481130136062003,0.0006893926236725497
481130096092022,0.002998164748417112
481130096091018,0.0003326003330739362
481130099001076,0.0013264015035929335
481130076042026,0.0013878447926906842
481130076051004,0.00248037923749014
481130171011006,0.0013878447926906842
481130202001024,0.00016294824143528162
481130208002025,0.0019528924801927676
481130010012004,0.0009296226756607984
481130130071006,0.001167817695335942
481130087051011,0.10819250620081891
481130114011012,0.0004581182687662324
481130092032019,0.0006031816368624055
481130110031010,0.0013878447926906842
481130111011023,0.0017894991747585255
481130052001028,0.0001612771490393338
481130004092002,0.0014969245675099687
481130165342028,0.000358615715743376
481130212001024,0.00037395422912958793
481130123011000,0.0003502694285451543
481130206002060,0.0011864544522477603
481130116012019,0.0013878447926906842
481130118013008,0.0032854296702420445
481130099001046,0.0009261005880271811
481130091013009,0.002615961280418952
481130116041003,0.0006695722795817281
481130135001010,0.002280131562677557
481130130053007,0.003307002365035065
481130211002046,0.009527961045594254
481130165212031,0.0013878447926906842
481130004072002,0.000762369781218058
481130100032022,0.0021261215231118532
481130059012032,0.0015230260312396604
481130112022001,0.0013878447926906842
481130113001011,0.0013878447926906842
481130136063015,0.007626880720537045
481130117022016,0.00030118685854596956
481130113003013,0.0010220918208209107
481130130132025,0.0008970634235549743
481130117013026,0.0013878447926906842
481130087051015,0.006161629473639514
481130043001013,0.0005473037371459586
481130119011004,0.007108089418111522
481130136102031,0.003085387649921062
481130121022000,0.0020802486734549748
481130131021019,0.0013878447926906842
481130027031009,0.00017239339631731248
481130056001000,0.00018222602866690618
481130056003020,0.0006994385645504732
481130056003015,0.0007607514063876553
481130131011006,0.0008135992222933618
481130204022121,0.0004787946233533257
481130002012003,0.001858282417490508
481130093011004,0.0005727251551715304
481130073012019,0.0023188667927157643
481130062003000,0.0013878447926906842
481130004103038,0.0013878447926906842
481130052001021,0.00042669783414240274
481130110031011,0.0013878447926906842
481130111012012,0.0012466093046837544
481130054003027,0.0026791182372250632
481130106022023,0.0023230251834524766
481130002022023,0.002446338444412198
481130014003012,0.00013362279102818747
481130127012001,0.0012139120022839035
481130059012017,0.08392016303854528
481130117021018,0.0013878447926906842
481130211002005,0.00447213826945987
481130108042006,0.0010192485037287407
481130064011009,0.0013878447926906842
481130006102005,0.0005655286645263354
481130135002010,0.0024123614291102755
481130088022015,0.0013878447926906842
481130063022050,0.0013878447926906842
481130045002011,0.001044504768728322
481130064022014,0.0013878447926906842
481130019021011,0.0018932285418232588
481130084021002,0.0012908219118989807
481130208003022,0.00014208312374944338
481130063021030,0.0022760549946348636
481130078053004,0.0015084567264640571
481130108093012,0.001909355532331181
481130065022031,0.00046731422898863006
481130067021001,0.0018014706219244064
481130053003024,0.0018749946800992485
481130042011044,0.00029338078748855395
481130106021015,0.007639196856555859
481130134001024,0.0013878447926906842
481130165342031,0.0013878447926906842
481130063011019,0.0004259693353203786
481130165111016,0.0015062016091490682
481130065013004,0.0014038660345953723
481130073022010,0.007796014561327723
481130211002052,0.0017994086517016156
481130120003013,0.0016757522134727408
481130113001007,0.0033910788492877617
481130077012006,0.0005925750711327596
481130165112021,0.00032117448437355377
481130122072016,0.0011635041509026
481130085002016,0.000677505434841519
481130116011007,0.0001003215701378152
481130108062005,0.0004053876741676491
481130060023000,0.0013878447926906842
481130100032152,0.0001818308472520674
481130166073003,0.0020048413411355576
481130088021010,0.0001427112862700941
481130088023009,0.02165015159389754
481130106012023,0.000919306761947909
481130043001127,0.002606172188704015
481130059013001,0.0013878447926906842
481130108091012,0.0013878447926906842
481130004101014,0.0013878447926906842
481130110021003,0.0009891328855366765
481130136182003,0.0009711694152945436
481130132011016,0.001368376819743816
481130167102000,0.005593338515877141
481130129004019,0.04012185589937335
481130120003026,0.005060582312005169
481130130132002,0.0021261215231118532
481130091052014,0.0034581281406080152
481130057003015,0.0013878447926906842
481130013012012,0.0013593849979322867
481130014003025,0.0015180268754677972
481130087051005,0.0009140372840442013
481130060012029,0.0013878447926906842
481130027031007,0.002138535571309151
481130101021012,0.0013284365612656341
481130010022002,0.0025407165723314545
481130202002010,0.0005473037371459586
481130062002006,0.00467577091512656
481130047002022,0.0009652136895088902
481130165212032,0.0002915088627157741
481130006091009,0.000580572003001528
481130080001015,0.0007272588156836077
481130202002013,0.0013878447926906842
481130167091032,0.00041537202717542793
481130093013015,0.0013878447926906842
481130079025007,0.0012994418624154163
481130211002020,0.0025597286850735546
481130185063050,0.00044529666391716617
481130116032013,0.0013878447926906842
481130006091029,0.01066150423050376
481130072052006,0.0011320706572602263
481130072062006,0.0024151646637380004
481130204022016,0.0013878447926906842
481130122062013,0.004816894821440937
481130081023015,0.0008951432401600678
481130090022006,0.0033445838746521124
481130209001048,0.00484174075621526
481130090023005,0.0012128553650012812
481130163012012,0.000760140655944758
481130165212047,0.0013878447926906842
481130136061015,0.008326961328004073
481130024002022,0.0032141432317533895
481130130121005,0.0003840547731850785
481130165342025,0.00496157968986632
481130167111044,0.007076302552322475
481130136092039,0.0013878447926906842
481130192081016,0.0015180941434731977
481130192081022,0.00042598116867761807
481130065014005,0.0013136163121384766
481130094022005,0.0008951432401600678
481130073011002,0.0013878447926906842
481139801001007,0.0013878447926906842
481130048001003,0.0013878447926906842
481130095002031,0.0013878447926906842
481130096092026,0.0013878447926906842
481130084021034,0.0013878447926906842
481130130092006,0.0013209812496181807
481130071023004,0.0008140166227923935
481130129004030,0.0013878447926906842
481130136101011,0.0010192485037287407
481130136101035,0.0007286514814539869
481130165212016,0.0013878447926906842
481130020022002,0.0013878447926906842
481130107015013,0.0013878447926906842
481130090012013,0.0013878447926906842
481130100031001,0.0007273659600769708
481130091031002,0.0001678878750685881
481130165272002,0.00033018669187319806
481130112011005,0.0024041976285420407
481130125021010,0.0024160696497663886
481130126012023,0.0021846036682675513
481130081023019,0.0013878447926906842
481130100012003,0.0013878447926906842
481130073022002,0.0013878447926906842
481130084021032,0.0018183562629277422
481130025002014,0.0024342463971210476
481130073022003,0.0009636091949502859
481130071021009,0.0011126722874706717
481130136182021,0.0018932285418232588
481130136181003,0.0029688595544673712
481130076051013,0.0013878447926906842
481130192084003,0.0021106214045827423
481130136102018,0.00042808304446973226
481130100032229,0.005161695277119597
481130211001021,0.00032765266345624594
481130087012009,0.0013878447926906842
481130087041010,0.0015311683894620872
481130096083002,0.005624065750906067
481130126011022,0.002494879236214802
481130108061019,0.005275312233847889
481130112022012,0.0011676419258900704
481130072042017,0.0021407539941910563
481130094012020,0.0013878447926906842
481130004103009,0.00117523012610991
481130108052019,0.01092341958559523
481130097011026,0.0003289888430270228
481130006091015,0.00027904505580165226
481130093043024,0.002647472190043535
481130071025012,0.0003002980779507237
481130042011004,0.00015099747601615796
481130165211009,0.001991678973320674
481130130131004,0.0013209812496181807
481130211001012,0.0013878447926906842
481130100021013,0.0013878447926906842
481130171023019,0.00037981219225786543
481130071024010,0.0022072434838348153
481130136103010,0.0002661269042985518
481130136101012,0.002067582203594906
481130131012011,0.002274935847485473
481130008011003,0.0012348347539696948
481130093041013,0.0006067130096697874
481130113003011,0.0012478002671079376
481130128011021,0.0010801667954126173
481130165273018,0.0023262030457957368
481130053003034,0.0013878447926906842
481130136092005,0.0021261215231118532
481130212001020,0.0013878447926906842
481130002013003,0.0013878447926906842
481130094022041,0.001547644748454666
481130136172007,0.0009519663670153689
481130101012021,0.0016639565773447272
481130020022000,0.0013878447926906842
481130097022004,0.002136641364465795
481130096092036,0.004525380400462023
481130037002055,0.00035145294647711693
481130013022001,0.012676193418859016
481130128012005,0.0026506520987108527
481130208001014,0.0006138222952188705
481130084012040,0.0010863338656291548
481130210004014,0.0010807494879343288
481130117022027,0.00039507862985751113
481130078122006,0.006257744322210234
481130178061015,0.0013878447926906842
481130087032026,0.0022080463503166984
481130065022012,0.0010801667954126173
481130042011018,0.0015954746460681503
481130166353011,0.0013878447926906842
481130005022004,0.00018738658332556713
481130037002054,0.01573607977454158
481130190343005,0.002248894663050506
481130130091012,0.00011947754735159404
481130190181005,0.0003276614771844021
481130025004025,0.0019347265058591078
481130078292018,0.0014785825042020104
481130059021013,0.0013878447926906842
481130108093023,0.0009250367113390591
481130185063017,0.002490360382719321
481130099003106,0.001975529696770093
481130095002015,0.0017237378252083135
481130053004001,0.0009081610542845168
481130010022000,0.003378235733121686
481130100012005,0.0013878447926906842
481130082004016,0.0021251752131711105
481130063012003,0.0009246878382730885
481130165271008,0.005439018951997123
481130084021014,0.0006411412005686549
481130004092017,0.002333025706362858
481130079032021,0.005373520215473051
481130079025021,0.0006856545926546477
481130117012011,0.0003686998307154245
481130055003027,0.0013683416033118026
481130165333003,0.0030896794971954525
481130046001002,0.005829753229591083
481130099003013,0.002703653896111327
481130120001010,0.0011724471220926635
481130134001004,0.0013878447926906842
481130185063008,0.0008370865811862554
481130056001017,0.008895442180114286
481130073012035,0.0008211244588949228
481130190405007,0.002760010419612777
481130071023006,0.00030713085909150244
481130054001015,0.007199832236040179
481130062001015,0.0003923431647286123
481130062003007,0.0012986900301999041
481130118013007,0.00028731786553588985
481130006061005,0.0008507640633242276
481130100032129,0.0013878447926906842
481130130071017,0.0061732978946095795
481130057001037,0.0025184609828874053
481130093013018,0.0024585699239071104
481130117023036,0.002744680754975857
481130050002052,0.0021498107241419593
481130098021005,0.0004854830790796779
481130042011028,0.0033123391007111687
481130101012035,0.00022705230312584343
481130101011039,0.001583882497584678
481130107043018,0.002093981357730497
481130116041001,0.015551006333516745
481130116042000,0.0006517919404614108
481130096042027,0.00023931805012398404
481130045002034,0.004133503880296316
481130116012016,0.0007214218154515227
481130088022016,0.0013878447926906842
481130045002001,0.0013878447926906842
481130062002003,0.0013878447926906842
481130060022003,0.0024256255737697824
481130053004038,0.002503581281788077
481130037001015,0.0026422390526734244
481130129002050,0.0013878447926906842
481130096041013,0.0013878447926906842
481130132011012,0.0013878447926906842
481130134001030,0.0003921192945779975
481130132011031,0.0013878447926906842
481130131021006,0.0002759501230120906
481130082003012,0.0013878447926906842
481130052001046,0.0004671656618173544
481130165262007,0.0699218109821108
481130165261020,0.00048718079746360793
481130165112036,0.0013878447926906842
481130073011009,0.0015676639815775156
481130071025001,0.00027417694210276586
481130210003031,0.00023721707957056183
481130059013026,0.004197961905766895
481130088011000,0.18881999512560776
481130055001015,0.0017296807991164418
481130055002027,0.0005600666019446388
481130111013009,0.0013878447926906842
481130065012004,0.0008577417653249248
481130136172025,0.0015867004285683166
481130115002062,0.10973062313890002
481130123021003,0.0009510856019469345
481130093011034,0.0013878447926906842
481130087041001,0.0014969245675099687
481130060011010,0.0013878447926906842
481130057002018,0.0012399947019279215
481130100032166,0.00011573476103948545
481130101012008,0.0013878447926906842
481130076011004,0.0013878447926906842
481130037002014,0.006953269977417619
481130088022011,0.0038715171111161502
481130209001030,0.00041729273277047975
481130037002037,0.0016271955653771896
481130170102010,0.0013878447926906842
481130170102011,0.0013878447926906842
481130020022016,0.0013878447926906842
481130112021002,0.0013878447926906842
481130130093004,0.0013878447926906842
481130108081005,0.0002361843958718979
481130093042003,0.012222111350268728
481130079061005,0.0013719986702881775
481130096031021,0.00012444188999017328
481130123011018,0.006032775492238025
481130171022017,0.0016711888424635005
481130136062007,0.0013878447926906842
481130136062004,0.0013878447926906842
481130118022013,0.0003564840194636244
481130043001063,0.000607533926654077
481130053004034,0.0013878447926906842
481130128011009,0.0006741784196486184
481130208003051,0.00235518536987069
481130113003032,0.0007156670183293321
481130015032007,0.001734858498621133
481130100012014,0.003085387649921062
481130053002000,0.0009243525313975487
481130071025009,0.00033259569090498544
481130100012010,0.00015915720220892145
481130004102007,0.0004028040156552494
481130106011007,0.0013097951426661847
481130087032027,0.01939017926679098
481130088012010,0.0018526757024749888
481130076042021,0.0022668146110845235
481130204022142,0.0013878447926906842
481130167102012,0.0011276827295488615
481130088012013,0.0004032250080999448
481130211002070,0.0022913963185653575
481130064021041,0.0013878447926906842
481130131021030,0.0002478062719900684
481130022001003,0.0011461732025215162
481130057002015,0.00087067539770711
481130137221000,0.0013878447926906842
481130117023028,0.0036829046056155966
481130096083008,0.0013878447926906842
481130096031001,0.003327434307391246
481130128022020,0.0013878447926906842
481130077023002,0.0013878447926906842
481130043001082,0.001017541389886736
481130136081020,0.0004139154808412596
481130136091006,0.0013878447926906842
481130136152010,0.0011277201399552237
481130081023033,0.0013878447926906842
481130079023005,0.0008662241950589923
481130128022021,0.0013878447926906842
481130130072033,0.0013878447926906842
481130126044001,0.0017994086517016156
481130130113013,0.0013878447926906842
481130122071005,0.0011830720242243442
481130122071011,0.0013878447926906842
481130136101019,0.0013878447926906842
481130096111000,0.0025733973431539157
481130004103057,0.0013878447926906842
481130121022022,0.0013878447926906842
481130027033007,0.0006324656405115396
481130084011035,0.0013878447926906842
481130100012021,0.006895432127897995
481130093012003,0.0013878447926906842
481130096042015,0.0011794814846598463
481130203001003,0.0013878447926906842
481130079024002,0.001700325982393533
481130068003006,0.0013878447926906842
481130122071013,0.0013878447926906842
481130178051010,0.0008221631400565777
481130077022008,0.001783807366117458
481130132024024,0.0013878447926906842
481130004011005,0.0011794814846598463
481130004012006,0.004401749894021314
481130055002019,0.00221632856758667
481130121022011,0.00020291849533322383
481130121022013,0.0026452671360270097
481130008021010,0.002386355888536868
481130084022041,0.0013878447926906842
481130024003003,0.0004259693353203786
481130190161000,0.00010388532649838895
481130006061006,0.0006571397030434512
481130078012010,0.0009082936622687047
481130167111039,0.0033247503632496803
481130091031001,0.0229605659300612
481130092021023,0.0031266734944193097
481130096091017,0.0012496216292705203
481130027033034,0.0017522393224042945
481130067012015,0.004710210392075941
481130127011007,0.04668607223338607
481130011012013,0.0003267474739146729
481130002022012,0.0024041976285420407
481130130122024,0.0013878447926906842
481130096031011,0.0012986900301999041
481130050001010,0.001926758272106005
481130099001105,0.0025914697882487717
481130099001085,0.010301627100340882
481130047002034,0.0011864544522477603
481130115002002,0.0013878447926906842
481130109043003,0.0013878447926906842
481130071011011,0.0011864544522477603
481130123011006,0.0028989403269291327
481130209001024,0.0007359528494479611
481130113002015,0.00016767319504958214
481130209001012,0.0021307994615214596
481130108071018,0.0011121569066857334
481130096092027,0.00037317648663225535
481130136051020,0.0010561213348814524
481130101011005,0.0032100667588103506
481130099003082,0.002390591004171755
481130092023029,0.001700325982393533
481130117013018,0.0010343470329913346
481130119022027,0.0013878447926906842
481130078103004,0.09373033310086636
481130076041014,0.008477736755100189
481130080002013,0.0013836943193374703
481130078254022,0.00020436809278619495
481130209001019,0.0001530139751390746
481130001003008,0.0003033288233734555
481130113003041,0.0013878447926906842
481130059021003,0.002713464226457241
481130059013031,0.05831117940669076
481130044003018,0.000393302094505454
481130042021003,0.0020048413411355576
481130136102004,0.0004474422393041953
481130097011029,0.0013878447926906842
481130065013002,0.0007785571408664098
481130108071009,0.0013878447926906842
481130067021007,0.00028356347845615704
481130100032189,0.004452763354946765
481130206001052,0.0013878447926906842
481130171021030,0.0003011481010900405
481130209001001,0.0005401993863011394
481130116031013,0.002703653896111327
481130117013024,0.002196471927378385
481130099003086,0.0036940317858945924
481130004091002,0.00042808304446973226
481130212003058,0.0013878447926906842
481130004101009,0.0013878447926906842
481130093011019,0.0010801667954126173
481130096033037,0.0013878447926906842
481130012023015,0.0007488794214698085
481130167102002,0.0005328110506989904
481130117012015,0.0025309189229780604
481130099001117,0.0002452840578250633
481130087012018,0.0017503324093087046
481130165331005,0.0034094800828755245
481130079021014,0.0006820424472937512
481130121022010,0.003555406537332507
481130087011010,0.0013878447926906842
481130002023010,0.0030360089502205977
481130165212003,0.0013878447926906842
481130097012017,0.000330070163973167
481130206001041,0.0013878447926906842
481130192082006,0.0026512050957252617
481130076042011,0.0013878447926906842
481130014001000,0.000682722595887164
481130053002003,0.002675808941076217
481130052002030,0.0008971709682371971
481130106021031,0.000760140655944758
481130002012019,0.0013878447926906842
481130006081015,0.0006858887659714669
481130087051027,0.0013878447926906842
481130118012020,0.0017743263278747487
481130136201007,0.00042371750007319926
481130100032184,0.008444487814276666
481130093032017,0.001445665814125838
481130080004024,0.00025668532121281686
481130116042026,0.0013878447926906842
481130171013016,0.0013878447926906842
481130119011005,0.0002458082717470219
481130071011019,0.00221632856758667
481130020012007,0.0015775258583589833
481130079023001,0.003307002365035065
481130117011026,0.0013878447926906842
481130111052003,0.0014396546991281506
481130052001018,0.0008086632818047517
481130047002040,0.0010784422227933783
481130100021008,0.0018665213876054604
481130163012005,0.002446338444412198
481130100032011,0.0004214964559015343
481130013021007,0.00011801236771771941
481130136213003,0.00019422597787451676
481130063012018,0.0004023348791107077
481130059023008,0.004060819724712205
481130012041024,0.00030212315559757346
481130108093010,0.00021315731463516585
481130078222005,0.0013878447926906842
481130209001005,0.0017820917914263895
481130006111003,0.18130486501612122
481130106021027,0.0013878447926906842
481130185063070,0.00035475943787869073
481130093031009,0.0007031412317695046
481130131021023,0.0017060114748070464
481130011021006,0.0001594532237288479
481130211002060,0.0013878447926906842
481130093013011,0.002493535625203056
481130053003015,0.0022638879350995924
481130065013000,0.0013878447926906842
481130045003038,0.0022291625738127658
481130073022007,0.0025042853940423736
481130076051043,0.0013878447926906842
481130203002068,0.0008309178865040577
481130115002070,0.007572502706104589
481130055002011,0.003085387649921062
481130078291000,0.002834217558369251
481130111051015,0.00017193960246901553
481130125012000,0.0013878447926906842
481130115001001,0.00033767857146781475
481130078241031,0.0013878447926906842
481130171012015,0.0033097177315256333
481130165212057,0.0013878447926906842
481130001002014,0.0012812037638412369
481130012023019,0.0024041976285420407
481130113002001,0.005438527775356705
481130203003042,0.0011906737113632506
481130037002008,0.0012952000569926264
481130057003004,0.0010233627201799687
481130136172013,0.0013878447926906842
481130108093005,0.0015088547525502728
481130005022011,0.00034790941466429843
481130110021018,0.00805882686293044
481130136152012,0.0011953204828510204
481130105002029,0.024441180398218368
481130108093026,0.0013878447926906842
481130078053018,0.0006240257169916421
481130107013001,0.0012531923626076837
481130166341016,0.0013878447926906842
481130094012015,0.0003334413109977812
481130094012012,0.0023709200021297065
481130090012001,0.00026485617632981295
481130129002000,0.0025720801259814055
481130117013029,0.000305642777093583
481130055003014,0.0014302463362312358
481130055001025,0.001218231901108188
481130110042018,0.0008344663023260306
481130087032003,0.00214045505143567
481130204012061,0.001003408022507941
481130043001117,0.0013878447926906842
481130052001003,0.0013878447926906842
481130053004003,0.0013878447926906842
481130053004014,0.00018449448115989022
481130128012017,0.0038258336417322882
481130012022005,0.00010972979808564819
481130165273006,0.0013878447926906842
481130078053013,0.006882701816368706
481130165282010,0.0013878447926906842
481130192081013,0.0008325930457895132
481130064022029,0.00010912845184546231
481130080001016,0.0020582095510179154
481130077023017,0.0006140068851945951
481130115002058,0.0013878447926906842
481130167091025,0.002308705855780476
481130002023021,0.005165308652052193
481130096051010,0.0012273744357002676
481130078092016,0.0003619042748004121
481130087031011,0.0028935174437680106
481130078012013,0.0003839658509725467
481130110021023,0.001991678973320674
481130106011020,0.0005327297900472514
481130043001134,0.0005039414418596185
481130091032012,0.00016544152968507077
481130078231003,0.0013878447926906842
481130203002057,0.0032277035584081406
481130130093019,0.01059039854203497
481130124001028,0.001289197941242293
481130003002002,0.0029670695611295453
481130081022028,0.0013878447926906842
481130015021008,0.0002475878822800876
481130132021010,0.0013878447926906842
481130136193017,0.0013878447926906842
481130136191002,0.0007977205400600434
481130076012012,0.0013878447926906842
481130090012023,0.0013878447926906842
481130165333005,0.0013878447926906842
481130210003001,0.0034822440309892526
481130081024014,0.0013878447926906842
481130042012027,0.0013878447926906842
481130211002007,0.0008656126109432255
481130019022018,0.0001063315011841588
481130094022020,0.0008407606667891748
481130130113022,0.0013878447926906842
481130004092027,0.023800729013615022
481130165212019,0.0003921039913806088
481130108052015,0.0013878447926906842
481130084012038,0.0010777580012078446
481130079024005,0.0013380762942056704
481130079092003,0.0005088098516715488
481130079121007,0.0013878447926906842
481130119012003,0.00018710668657672392
481130165272004,0.0023691069831837303
481130116032020,0.0012556171934937864
481130078122024,0.0013878447926906842
481130130093014,0.0013878447926906842
481130130072016,0.002446338444412198
481130203003006,0.0013878447926906842
481130068003013,0.0009246878382730885
481130098022007,0.006506870248775604
481130122074034,0.000729247209330251
481130055003023,0.0028623523166276975
481130121012003,0.000727558762609894
481130010021001,0.012140624517017754
481130185063043,0.0013878447926906842
481130190405024,0.0011680042749523589
481130131041001,0.12059184698808137
481130082003024,0.0006174242026312942
481130171011025,0.0025244988745568137
481130114011048,0.0007867607441134103
481130096071015,0.0004603206242821179
481130045001024,0.0004790167820481321
481130025001012,0.0005782358860215925
481130054001031,0.004090741406976516
481130073012034,0.0014060416932228843
481130027033015,0.0013878447926906842
481130059021005,0.0016327294992021398
481130037001025,0.004504502472709361
481130043001112,0.024816358856631852
481130091052019,0.0018886570502595478
481130115002056,0.0013878447926906842
481130062001025,0.000438858649878005
481130065021015,0.00345023441359831
481130048001045,0.0013878447926906842
481130055003000,0.0017743263278747487
481130100012036,0.008782427383596188
481130105002013,0.0008274228803640643
481130011014005,0.0023256072844261445
481130057001004,0.005083521721130668
481130027032030,0.0013878447926906842
481130024003019,0.0017075556465816506
481130113001015,0.00016227528003755567
481130082004011,0.0021498107241419593
481130100021030,0.0013878447926906842
481130105002018,0.002674857848221395
481130101012007,0.00012574037288576656
481130099003021,0.0013878447926906842
481130122073001,0.0013878447926906842
481130037002018,0.0027323212045231634
481130056003003,0.0013878447926906842
481130025001004,0.003177194885538456
481130208002030,0.0013878447926906842
481130078241009,0.00029048595668486874
481130065021002,0.0003776417180839931
481130080006018,0.0012348347539696948
481130080001004,0.0020047377811322066
481130080005014,0.0018242568008012858
481130078092004,0.00028363670514651944
481130130102004,0.0012230747209159112
481130052002009,0.0005039253104945772
481130100032077,0.0015342862880286055
481130096041006,0.00032471945545511634
481130136063033,0.0013878447926906842
481130170051019,0.0013878447926906842
481130130122012,0.00011805787965564055
481130060022014,0.0013878447926906842
481130088022006,0.0013878447926906842
481130125011009,0.001658354065206226
481130006052007,0.0022677254208785173
481130093011033,0.002709424826952475
481130024003018,0.00221632856758667
481130117011023,0.008142269100498267
481130055001021,0.0015180268754677972
481130122072011,0.0007532033119017555
481130165282012,0.0013878447926906842
481130109061005,0.0031884050446584593
481130135001019,0.0002405631963659414
481130002013010,0.003048892150052126
481130096033002,0.00010640756579254968
481130006072007,0.0006414887469101026
481130171023026,0.0013878447926906842
481130165212056,0.0011680042749523589
481130097011009,0.0017743263278747487
481130078241040,0.001228472532383186
481130120003027,0.02131587219097248
481130096082005,0.02521289677461175
481130122132029,0.0008571547544982683
481130027032008,0.0012886293469701869
481130073012022,0.00033706591886864713
481130107012054,0.00015172946563660357
481130052002041,0.002353920866663475
481130190405023,0.0013878447926906842
481130093031008,0.001367747703660092
481130165211003,0.0012465900388495968
481130167101017,0.001334092351169319
481130054003035,0.0021261215231118532
481130118022009,0.0006595220438801843
481130119021011,0.0006764254457001607
481130060022013,0.012515513191289669
481130020011029,0.0013878447926906842
481130002022026,0.0011113829578251306
481130128011004,0.0004778188891976468
481130128011015,0.003100759647247137
481130128021007,0.0029670695611295453
481130013021013,0.0008715476032329276
481130090012009,0.0012819528798819597
481130059012030,0.00360502454177535
481130059012036,0.00020309604900409047
481130093042004,0.000992052127073061
481130091052010,0.00062028175646561
481130002022027,0.0003037930036670891
481130117021019,0.0013878447926906842
481130114011038,0.0013878447926906842
481130108042010,0.0002868160111235944
481130064011026,0.0024041976285420407
481130108072022,0.00488105956404989
481130065021005,0.07032535349864397
481130067021062,0.0009303241272023226
481130065013003,0.00020434882036187614
481130111051009,0.0001801389459567976
481130096031040,0.00022965802841977726
481130111052002,0.002970727545688787
481130050002032,0.0004960776725470409
481130110022010,0.0020205401841158406
481130135002026,0.0007791375414126528
481130110033009,0.0001972671782740927
481130086042003,0.0013209812496181807
481130108092043,0.0013878447926906842
481130068002030,0.007298823343220091
481130111011012,0.00023633926219888342
481130047001000,0.0002532871035410231
481130050001001,0.00034477325610089623
481130136211003,0.0036735087640642618
481130131021025,0.000159092862215477
481130081022006,0.0021498107241419593
481130082003034,0.000726386926290534
481130027033035,0.00020626894105342636
481130061001011,0.0002313277862276862
481130065013006,0.0009308143300568442
481130068002021,0.00032821323720461104
481130071022016,0.0016693679278196123
481130073022024,0.000208581303268577
481139801001041,0.0011680042749523589
481130024002011,0.0013878447926906842
481130112012010,0.001204139151249926
481130208002022,0.02803197441294255
481130113003012,0.0013878447926906842
481130078241023,0.0013878447926906842
481130171012004,0.0013878447926906842
481130100011002,0.007199832236040179
481130165342011,0.0013878447926906842
481130133001011,0.0007454079790825263
481130096051013,0.00046119302987408854
481130037002045,0.0004493185138375995
481130113001002,0.0013878447926906842
481130087032002,0.00017088717140568301
481130106012007,0.0013878447926906842
481130136202005,0.00012535772135001446
481130111011001,0.005450648178494662
481130113002008,0.0016737753219714243
481130171012010,0.0013878447926906842
481130108072008,0.0013878447926906842
481130108092004,0.006826613508334472
481130067011015,0.0002732411738751532
481130166341003,0.0013878447926906842
481130136054008,0.0010019183403496832
481130185063076,0.0013878447926906842
481130095001022,0.0004741139826235187
481130210002023,0.0006166579220124407
481130091041015,0.00011103339741238781
481130132011018,0.0013878447926906842
481130097021020,0.0008540098639619422
481130125011023,0.0013878447926906842
481130192052003,0.000623246683934691
481130117011001,0.0013878447926906842
481130043001078,0.0023499865717175323
481130046001010,0.009539215976129403
481130128011011,0.014965597789414664
481130130071011,0.0016648306920077386
481130022003013,0.005507450196715923
481130010022001,0.0016758183581061742
481130127022002,0.0019121051380294389
481130081021019,0.005280840613269144
481130053003005,0.0002638763327604322
481130053003026,0.002951714956696454
481130067012025,0.0016757522134727408
481130071011016,0.0013878447926906842
481130167101023,0.0007286514814539869
481130167102016,0.0040804849984897185
481130093032026,0.0013380762942056704
481130088012008,0.0007577509022865534
481130078102008,0.004387358678746284
481130092021017,0.0054443234167497875
481130087051002,0.0010844842886689962
481130015033002,0.021219753036695974
481130015041001,0.03152958309143123
481130093032001,0.0013878447926906842
481130192052007,0.0012756377090754817
481130128022016,0.0009567460443639671
481130190342006,0.0013878447926906842
481130163012013,0.0032979790862964252
481130136172026,0.0013878447926906842
481130019022023,0.0007411065741250422
481130130093005,0.0024041976285420407
481130090012017,0.0014969245675099687
481130107041027,0.0006107301665299122
481130079062001,0.0013878447926906842
481130122071000,0.0013878447926906842
481130109063017,0.000886880822715668
481130123012003,0.0013878447926906842
481130063021001,0.0018166171045020363
481130181442014,0.0013878447926906842
481130106012017,0.0013878447926906842
481130071023010,0.0002760474075230663
481130130122021,0.0013878447926906842
481130100032089,0.0013878447926906842
481130084011000,0.0013878447926906842
481130097011010,0.0013878447926906842
481130078103009,0.0007933751618685602
481130076041032,0.003083403734474114
481130002011017,0.0024160696497663886
481130096073009,0.0007751148615908422
481130027032056,0.003307002365035065
481130078091008,0.0014538043458659157
481130118022002,0.000796005931083584
481130120002000,0.0013878447926906842
481130204012063,0.0013878447926906842
481130099003042,0.0013878447926906842
481130108043004,0.0009762818704558387
481130069003005,0.00033590295324929526
481130100032218,0.0013878447926906842
481130203001035,0.0013878447926906842
481130067011010,0.0013878447926906842
481130136282000,0.0013878447926906842
481130013021004,0.00022797764811894813
481130012023023,0.00045017256975533377
481130167091030,0.05375713820132396
481130203003013,0.003085166899384781
481130126011002,0.007039577905961141
481130093011013,0.0021498107241419593
481130098023029,0.0004002359690127513
481130128021008,0.00020762432474698912
481130078092018,0.008707228214224698
481130212002006,0.0013878447926906842
481130136203000,0.005639134995828696
481130129002046,0.0005585698517513723
481130009011002,0.001327067872055132
481130009023001,0.00024764690465773443
481130025002006,0.0002323842072911296
481130057001010,0.0015403205395871007
481130112021009,0.0016129854004828534
481130091051003,0.0013496208154331144
481130108093000,0.00021412450794428616
481130206002037,0.0001600758761996901
481130076012015,0.0007903142248753501
481130105002024,0.0008015473732225196
481130011012005,0.00023497952256452555
481130063021019,0.003899332254373238
481130063022021,0.006383891335237007
481130096092014,0.0006959000916525959
481130208003079,0.009815747447864589
481130002021001,0.00020397573462686784
481130080006016,0.001642530428063783
481130126011008,0.21727886128690097
481130114013010,0.0009943303583700674
481130078051005,0.0020577750002555564
481130076041013,0.00019767764075283723
481130165282001,0.0006199573573638487
481130167101015,0.00038442716543715113
481130093013023,0.00010800210576459508
481130005022019,0.0013878447926906842
481130080001007,0.0209094266568319
481130042022021,0.00036924123247949385
481130116032016,0.0011399853148114014
481130087042005,0.00023692620941294333
481130052001032,0.0013878447926906842
481130052001034,0.003871696421903482
481130097013003,0.005805400578531954
481130108071017,0.002107327798098514
481130042011038,0.0002852778229653922
481130082004002,0.0013878447926906842
481130126031006,0.0003272181773723866
481130117023007,0.0012581067105625553
481130098021010,0.0056953425467586
481130098021011,0.0006132299877990088
481130006072003,0.00011479759057758001
481130020011018,0.0004171339769891939
481130116031002,0.002617341677059152
481130100012047,0.0013878447926906842
481130090021001,0.002640507833771022
481130013022013,0.0009605387676046368
481130108062021,0.0011487755615743988
481130004101018,0.0003553178716973426
481130005032004,0.00015266227836675098
481130108042003,0.0002978152381742765
481130079032000,0.001633371901757994
481130100032056,0.0009437393856201422
481130136103008,0.001700325982393533
481130063011025,0.0019389461738054496
481130140011079,0.0013878447926906842
481130100021042,0.0013878447926906842
481130092022009,0.004890638730050486
481130087051017,0.00020376154848139645
481130015022009,0.00025407002636811045
481130051001010,0.004719371506361294
481130079022007,0.003326010030614983
481130002011000,0.0024041976285420407
481130078241036,0.003307002365035065
481130131012035,0.00165904071236922
481130056001021,0.00037440109067428493
481130107012047,0.0005332273646805063
481130052002032,0.0006545991459958367
481130119021001,0.00013616310633234234
481130118012019,0.0005171636463155808
481130050001022,0.0013878447926906842
481130100021010,0.0033910788492877617
481130118022001,0.0013878447926906842
481130117011007,0.00045429183050947185
481130118012022,0.0005503481823501273
481130118022006,0.00037545043705529044
481130078122020,0.0004173521110786388
481130062002018,0.0033649052576378243
481130044001019,0.002522750643011467
481130100032113,0.00017706038438583015
481130105001011,0.0007361255095279216
481130105002035,0.0013371103789729423
481130126031002,0.008113035656992514
481130125021014,0.0017602295690680918
481130128011023,0.004817687319026953
481130130093003,0.00020564218485518397
481130048001035,0.0013878447926906842
481130210003002,0.0008877667486304728
481130044002003,0.00012414148303984746
481130044001001,0.0011745457678719543
481130053002016,0.002182020528108995
481130002021008,0.001050448854989028
481130209001013,0.0008576117087902727
481130112012016,0.0016415690171920482
481130170052006,0.000828649223675967
481130109062001,0.0016305964951398428
481130096033021,0.003209813328510773
481130004012014,0.00012125933745647887
481130113003040,0.002598591629986281
481130111051021,0.0028146351918583597
481130096031032,0.006203325932217743
481130064022015,0.0013878447926906842
481130100032038,0.00651958750883345
481130171012017,0.0003132489015524106
481130054001010,0.0018642291092696313
481130128022004,0.0009671122905215397
481130209001002,0.0005112341919917796
481130050002023,0.0013878447926906842
481130100015013,0.00012364711515938553
481130096042019,0.0013216682028432836
481130133001023,0.0013878447926906842
481130185063011,0.000548706693209814
481130082003033,0.0017743263278747487
481130190411017,0.0013878447926906842
481130190161007,0.007376218611443491
481130093011023,0.0013878447926906842
481130130052008,0.0015575980048323484
481130109063002,0.0027440288039074713
481130025004011,0.0013878447926906842
481130211002059,0.0006874767640447965
481130059013028,0.001140030079285734
481130088023015,0.0007926389933805211
481130080005003,0.003085387649921062
481130171011038,0.003023404723865639
481130097022017,0.0021094506851159554
481130085002002,0.0005871399983180996
481130012041011,0.001266326551512102
481130024003013,0.022246746336880736
481130087032020,0.00020787805908377587
481130100032160,0.006837508325203276
481130019022021,0.0015213023867867036
481130088021009,0.00032272696211226324
481130092042001,0.0013878447926906842
481130110022026,0.0018029711803274643
481130084011036,0.0021228762949286497
481130071012000,0.004548485576243764
481130065014006,0.004013516130685088
481130004091003,0.0013878447926906842
481130167091021,0.0013878447926906842
481130136082015,0.002107327798098514
481130025004014,0.0052608295522999695
481130206001029,0.0005852861396814372
481130111032035,0.0013878447926906842
481130127022022,0.001991678973320674
481130084012025,0.00010470426331243011
481130088022013,0.00037462373662246646
481130134001049,0.0012299573562354357
481130062002023,0.0013878447926906842
481130015042002,0.017109255746244594
481130208003067,0.0013878447926906842
481130012023001,0.0024041976285420407
481130002023007,0.0009246878382730885
481130130082008,0.003196108038800692
481130127013018,0.006603338992872214
481130012041009,0.0012056618942677877
481130012041026,0.005548389345859853
481130117023012,0.00022244103244944727
481130077023016,0.0015667835787401166
481130071024000,0.0005556641095652087
481130204022031,0.0013878447926906842
481130078101023,0.001141713883953485
481130015023007,0.004967566639494748
481130166341034,0.0014962137671437757
481130106011021,0.00020792192572506037
481130093043021,0.00010369560112696231
481130205003009,0.0004284458162573253
481130112022009,0.0013878447926906842
481130064011031,0.0012875930735392043
481130204012055,0.0005098292949424857
481130204012059,0.0013878447926906842
481130078222006,0.0013878447926906842
481130001002029,0.0013878447926906842
481130037002059,0.0022717859435196362
481130190342000,0.0006694428011242048
481130136061021,0.0013878447926906842
481130127022019,0.0013878447926906842
481130165282013,0.0003079210289195967
481130113002037,0.0013878447926906842
481130113002023,0.0002817430173508336
481130053002011,0.004163650314062961
481130077021004,0.0013878447926906842
481130079122005,0.0013878447926906842
481130062003040,0.0013878447926906842
481130135002036,0.0013878447926906842
481130100021002,0.0013878447926906842
481130211001025,0.06264864246956824
481130211002034,0.0013190918925391865
481130099003076,0.0013878447926906842
481130096091027,0.0015058548771271776
481130065013007,0.0013878447926906842
481130126031008,0.0013878447926906842
481130098044004,0.0013878447926906842
481130100032183,0.025293492093996405
481130063021005,0.0020169220086884887
481130065011010,0.0021261215231118532
481130078052003,0.0013878447926906842
481130097012005,0.0013878447926906842
481130084022001,0.0013878447926906842
481130130113016,0.0013878447926906842
481130068002009,0.00010360003485373115
481130096111012,0.0010890865727474644
481130211002010,0.0018893243539120316
481130077023025,0.0013878447926906842
481130064011035,0.0016537528729484666
481130042013013,0.00021436494195695721
481130116041002,0.0013878447926906842
481130171012006,0.0013878447926906842
481130059011019,0.0024041976285420407
481130132012016,0.0013878447926906842
481130093043019,0.0013878447926906842
481130108042019,0.00013505163094759478
481130043001058,0.0012597321066707347
481130065022014,0.0013592011464135727
481130165212029,0.0013878447926906842
481130100032014,0.0013878447926906842
481130136103016,0.00048369129129868056
481130125022038,0.0005112524650562571
481130204022134,0.003847545332987857
481130079032013,0.001078268196647773
481130125012016,0.001651603810979018
481130171023010,0.0013878447926906842
481130171021004,0.0005672498736478469
481130202002018,0.0012900925078545334
481130107043007,0.00021530577879913843
481130107041033,0.0013878447926906842
481130063021013,0.0013878447926906842
481130063011004,0.002031349486636878
481130069001019,0.0006074907036729364
481130101012013,0.0037841450941471424
481130006052003,0.001218231901108188
481130020022011,0.0006955073271156631
481130092022007,0.001620667345744106
481130022003001,0.0013878447926906842
481130037002023,0.0013101874091221565
481130190181012,0.0017332424529456312
481130123011007,0.003009822481829966
481130208004009,0.0060182436227665895
481130136182015,0.003651363945177634
481130136052006,0.0008021236164928915
481130079022000,0.0013878447926906842
481130078291013,0.002662730966433913
481130048001000,0.0033898067981845068
481130093011029,0.0013878447926906842
481130052001030,0.0017690537744434098
481130004072000,0.0004546395331995584
481130095002005,0.0013878447926906842
481130117023019,0.005246948269587423
481130084021021,0.00021405885675806238
481130123011001,0.018226385624211926
481130099002012,0.0009946439524329044
481130071024002,0.0114744832692984
481130055001006,0.0023029983168298546
481130136063027,0.0010667488275348303
481130055001018,0.0021103730496983167
481130117021006,0.010364910957777126
481130025002007,0.0004917145280027495
481130124004004,0.0015180268754677972
481130087013002,0.0005569308273720349
481130131012014,0.00015323268637682397
481130096033008,0.00225473451401934
481130122074002,0.0013878447926906842
481130130091010,0.0004572175137452498
481130106011010,0.0007109035865879366
481130096042021,0.0021505417909335168
481130087043003,0.00023117589313226763
481130135001009,0.001044504768728322
481130208002033,0.00011387992088447101
481130117023021,0.0019265950320703086
481130057002031,0.00030863420028328997
481130101021034,0.0013878447926906842
481130046001029,0.00013683678192236224
481130042022008,0.014290703871494115
481130211001041,0.006585856416062064
481130078092001,0.0014151056885258536
481130099001047,0.00013391837779858673
481130206001037,0.00045419206841421995
481130100032248,0.004103214763291187
481130132021014,0.03057472176054425
481130054001012,0.004390282929059229
481130107011014,0.0013878447926906842
481130131011015,0.0008616824210332381
481130190194002,0.0012646032074381012
481130116031023,0.0013878447926906842
481130118012001,0.0013878447926906842
481130118021014,0.0005094405690835945
481130190181001,0.0026791182372250632
481130130092008,0.0025992870137109885
481130130082011,0.0014016705195434068
481130130082005,0.0006822041292552187
481130122074015,0.0008040356186830422
481130003002028,0.002292703592197029
481130122074032,0.002661464185270483
481130122121004,0.0019491858290679837
481130079023012,0.00036596385757098717
481130080003000,0.0013878447926906842
481130171023000,0.0013878447926906842
481130112022027,0.002535361645181455
481130004012013,0.0004469190185158121
481130204022012,0.0007377317468271778
481130060022009,0.00042159474312424624
481130135002033,0.0004642807403582621
481130190341004,0.0010984160294939367
481130056001004,0.2496907159972357
481130171021015,0.0011216047175737983
481130171021006,0.0014685620384132215
481130051001013,0.0011579206094778421
481130079023031,0.0037159024398163397
481130211002076,0.0006260129267884132
481130165111018,0.0013878447926906842
481130045003032,0.00591878848047995
481130165261016,0.00019807097381552462
481130109063016,0.002197747267572781
481130192052001,0.00038570278450170587
481130116012009,0.003221578889865849
481130087031009,0.010893905429533191
481130057002028,0.0008951432401600678
481130093032009,0.0005333292223220451
481130165261023,0.0007022293485643373
481130109063012,0.0013878447926906842
481130042011030,0.0009246878382730885
481130044002020,0.0013878447926906842
481130098044005,0.0006349225159199493
481130012031004,0.00018074952281337363
481130011022005,0.002453421533186055
481130117011006,0.001339827303773773
481130117011013,0.0013878447926906842
481130108071011,0.00025069203671882417
481130108071012,0.0010140605802009292
481130206002034,0.0008025692056303536
481130037002019,0.000346549300593123
481130088022030,0.000158035766441781
481130100032253,0.002196471927378385
481130111032029,0.00021315731463516585
481130108061020,0.0018725891406146328
481130004092018,0.0012685421711896416
481130099003085,0.0013208673683975803
481130171013021,0.0007678797507825765
481130130072004,0.007672914964627062
481130065022021,0.0015954746460681503
481130076042017,0.0012684939547059708
481130111042019,0.006291291295492256
481130094022008,0.0009246878382730885
481130096081010,0.0004801556043906108
481130211001009,0.0008953073968777622
481130088012021,0.0009540471184254556
481130091041016,0.0013878447926906842
481130059013030,0.0016892076528499066
481130088012001,0.0013878447926906842
481130011011003,0.0006032720197708473
481130134001011,0.0015425949100701822
481130118012021,0.0021106214045827423
481130053001005,0.0013878447926906842
481130012031014,0.003153999249224781
481130121021000,0.0001617359070538743
481130211002079,0.0029748165209408702
481130094022030,0.0016401441476340366
481130112021018,0.0015907159159156323
481130057001005,0.0009352929779273016
481130057001018,0.00280644763512436
481130076041012,0.005213336003636904
481130167111009,0.0016109189360364862
481130057002029,0.00015732871479290752
481130055001032,0.0004836861657759398
481130037002057,0.023051896078556025
481130092042006,0.00024915125740801897
481130190343008,0.0014429314391599826
481130132021009,0.0013878447926906842
481130181351029,0.0013878447926906842
481130024001013,0.0013878447926906842
481130101012025,0.010455074299653477
481130048002031,0.0013878447926906842
481130136052012,0.0013878447926906842
481130120001000,0.0004678786429979411
481130211001011,0.0013361531475684712
481130100021016,0.0013878447926906842
481130096092004,0.0012465900388495968
481130190405030,0.0013878447926906842
481130084022010,0.0013878447926906842
481130129001035,0.00020792192572506037
481130099001091,0.001523279735815676
481130082003039,0.0015860976065821476
481130043001115,0.0066732235261390575
481130100032100,0.0013878447926906842
481130091051012,0.001573728223381904
481130136062020,0.0013878447926906842
481130206001034,0.002368553727882107
481130136081006,0.0013878447926906842
481130209002021,0.0013878447926906842
481130100032169,0.001975529696770093
481130091041000,0.0013878447926906842
481130130051018,0.0013878447926906842
481130081022034,0.0006475708766735587
481130068002019,0.0013878447926906842
481130042022014,0.0011020012311156535
481130003002006,0.0013878447926906842
481130073023018,0.0013878447926906842
481130136221012,0.002136641364465795
481130121022016,0.0004379150324422601
481130062001014,0.0004930539592622748
481130044002023,0.00902971342767547
481130013011010,0.006819124668713136
481130131012030,0.00020792192572506037
481130027033032,0.0013878447926906842
481130093012009,0.00017156627762900968
481130012023024,0.0013175926619064117
481130130132005,0.00046457473518224813
481130067021065,0.0013878447926906842
481130062003010,0.0020929607875091742
481130087043006,0.0013878447926906842
481130065022005,0.004485573124478645
481130063013012,0.0013878447926906842
481130062003020,0.0003795008386287123
481130079162000,0.00042808304446973226
481130136292000,0.00014616798810061684
481130045003033,0.0013878447926906842
481130125022019,0.0013878447926906842
481130132024007,0.0013878447926906842
481130204022050,0.00046696116170946754
481130129002036,0.0014621715839666647
481130087032014,0.0015775258583589833
481130013021006,0.0001546757999295055
481130209001041,0.00011447545686787652
481130011012004,0.0057982025229747595
481130128011025,0.0030346662327733094
481130136071021,0.0008386953530280271
481130136211008,0.00019452001285535697
481130084021008,0.0002482233762386548
481130099003038,0.00026483856839086377
481130165282006,0.0003382906856935179
481130122121005,0.0012001243121058877
481130122062010,0.003095068074872118
481130003002026,0.0003100076742498563
481130114011027,0.005169142347095774
481130084011028,0.00019506153702807008
481130020012009,0.0011037119229761875
481130088011016,0.0002898132560945136
481130086042002,0.0009756728905418445
481130042012025,0.0021448795944764565
481130079023015,0.0013227159946107114
481130080003002,0.0037774267988347184
481130092032023,0.0005329732863918687
481130056002029,0.0074335037916164965
481130046001043,0.06286713936952242
481130136091004,0.0013878447926906842
481130123025004,0.0037380555492101887
481130108062012,0.0013878447926906842
481130101011041,0.001062312094665018
481130165342023,0.0004292137541170027
481130116032012,0.0013878447926906842
481130111012018,0.0006657837284363722
481130111042022,0.0004571361784676406
481130004092030,0.0004686128893285815
481130013022004,0.005734800472731942
481130010022011,0.0004575668375550703
481130093032006,0.0008171022426918987
481130136082002,0.00596271363558426
481130027032069,0.0013878447926906842
481130165212061,0.0005473037371459586
481130140011085,0.0013878447926906842
481130170101012,0.0013878447926906842
481130094022009,0.0008221631400565777
481130107041020,0.0016114250316046207
481130129003007,0.0022504113456707163
481130124001024,0.00014307684972487028
481130022003022,0.005726093475346785
481130106021007,0.0015390660219213887
481130059023007,0.0019968061354895335
481130027031008,0.003708426286514849
481130130132014,0.00011693929817902254
481130210004013,0.0004055319042288364
481130079022017,0.0005332273646805063
481130099001010,0.0013878447926906842
481130047001019,0.004368861393390517
481130165333011,0.0013878447926906842
481130119012017,0.005471219828673511
481130106022007,0.0011633029273481115
481130190405021,0.0013878447926906842
481130140011048,0.0013878447926906842
481130054001038,0.0013545889869226771
481130087012016,0.0005637675688337123
481130136172008,0.0004687221354176361
481130063011024,0.011057946687970761
481130025004060,0.0002866712349433408
481130006062007,0.0028574979860677974
481130131011008,0.0013878447926906842
481130111012009,0.0034204890192901967
481130004103018,0.0010422371458346724
481130054002024,0.0038178399217798646
481130208004011,0.001478018949182503
481130111032024,0.0029848120718497647
481130002012009,0.00013629018754896349
481130100032239,0.0016757522134727408
481130105002002,0.002107327798098514
481130130091009,0.011026953411634966
481130013022000,0.0013878447926906842
481130130071003,0.006096551664848741
481130097013020,0.0008074711392470883
481130095001009,0.0014692179581262948
481130014003013,0.006487019802401205
481130092041015,0.0038487392510633033
481130077023027,0.000301188054657928
481130064011006,0.0013878447926906842
481130171013005,0.0008085997950859241
481130076012003,0.0017925875546910342
481130111012003,0.0013878447926906842
481130111011019,0.0013878447926906842
481130065022022,0.0003108436554922644
481130065012027,0.0004873734565440751
481130051001007,0.00036575866612711483
481130042011039,0.0005117180765381617
481130096091028,0.0013139806924358697
481130006081002,0.0003053906577132186
481130132011030,0.00012315539557666136
481130131021033,0.0011942409450652032
481130082004005,0.0021556002796625125
481130093013028,0.0013878447926906842
481130052002015,0.001506150816687916
481130045002044,0.0013878447926906842
481130165262004,0.006313521304341847
481130067021011,0.011729116888887647
481130111041012,0.0008332141647355905
481130171011028,0.0015619671256413418
481130136192006,0.0013878447926906842
481130084022043,0.0013878447926906842
481130012022023,0.0002990260991254884
481130185063024,0.00118377479179441
481130108051011,0.003530851127667935
481130060023010,0.009684398847369824
481130059021018,0.0027402347625536953
481130133001020,0.0006873740801814769
481130020021005,0.0025957817272372155
481130096111010,0.0031758830261901538
481130119021022,0.001044504768728322
481130047002010,0.0007783751724185585
481130211002072,0.0005630652924619409
481130071011006,0.00225473451401934
481130108092000,0.004567919690260125
481130081022007,0.00022522635413721188
481130082002003,0.0016188020428691422
481130114011016,0.0011469296481118297
481130094013021,0.0027118646893603926
481130001003010,0.0011680042749523589
481130123024005,0.0011628552636000669
481130078122012,0.0003580448950200535
481130088021014,0.0010764815304153028
481130088021002,0.006244702635184824
481130067011006,0.08729705789042497
481130046001014,0.001044504768728322
481130046001024,0.001069910442396077
481130128011000,0.0013878447926906842
481130015031001,0.007386623186622472
481130072032004,0.0006618072067414032
481130128023026,0.0013878447926906842
481130090022009,0.0009214383008106828
481130087032030,0.0016849211256094133
481130100032020,0.0013878447926906842
481130055002014,0.00013293155747807404
481130071011027,0.0023137249872378844
481130096072014,0.010849945688118904
481130004103045,0.00019932261494229306
481130043001064,0.0013878447926906842
481130059011027,0.0022543768925331327
481130004072011,0.0008426078033005012
481130093031016,0.0007525140377523779
481130203003003,0.5294446863698921
481130078092033,0.0007528831472653324
481130098031030,0.00019202414496535879
481130015042003,0.0013878447926906842
481130024001026,0.006431478508960046
481139801001016,0.0013878447926906842
481130108092028,0.0013071039792404784
481130072052000,0.007226838270074598
481130015023009,0.004837565603979553
481130130093002,0.001228120074858402
481130090022003,0.0009443545887915223
481130090022014,0.0001215123706929548
481130087011000,0.00032746593253622623
481130084011018,0.0015232734864505091
481130128021024,0.002146914286226916
481130071021007,0.0009246878382730885
481130136211006,0.0013878447926906842
481130132011019,0.0013878447926906842
481130190412017,0.0013878447926906842
481130190343007,0.0013878447926906842
481130136102008,0.0013878447926906842
481130128022019,0.0013878447926906842
481130136283000,0.0013878447926906842
481130206002058,0.0013878447926906842
481130136111021,0.0013878447926906842
481130165261006,0.0023347984195015853
481130136101025,0.0013878447926906842
481130128021034,0.0013878447926906842
481130128023000,0.002350155834349256
481130190163012,0.0007592762383955281
481130025003031,0.0013878447926906842
481130084022007,0.0007022293485643373
481130128023002,0.001877741597043351
481130129002014,0.0008048896634950672
481130071023001,0.0013878447926906842
481130203001030,0.0004016536609582921
481130020021013,0.0031942790183001083
481130107011001,0.0013878447926906842
481130136251003,0.0013878447926906842
481130136221016,0.014298628908346912
481130025004010,0.0013878447926906842
481130165333020,0.00014123386670308367
481130185063034,0.0018470314552234799
481130185063007,0.051034111301112746
481130185063075,0.0013878447926906842
481130081023029,0.0013878447926906842
481130069001018,0.001591097515409629
481130069001015,0.0013878447926906842
481130121012005,0.004939863418262768
481130081011007,0.0021106214045827423
481130165271000,0.0013878447926906842
481130135001002,0.0013878447926906842
481130133001015,0.0012684264823858932
481130176051000,0.0019321921873890237
481130027031010,0.00025421733993956667
481130211002011,0.0012411016719126328
481130062001007,0.00010191630818381117
481130210001017,0.0013878447926906842
481130117023011,0.00038087020660305384
481130067011013,0.004210863602631983
481130116012021,0.0013878447926906842
481130130113024,0.0073941094404429974
481130093032012,0.0013878447926906842
481130062003019,0.0010023050480398937
481130048001046,0.0013878447926906842
481130211002083,0.0025176454295666962
481130100012029,0.0013878447926906842
481130165212066,0.0013878447926906842
481130004072006,0.0012632266214962255
481130105002008,0.0003740969891480904
481130204012052,0.0013878447926906842
481130081011001,0.002949802655247659
481130081022032,0.00010417341766158229
481130025004024,0.002030377269020664
481130025002003,0.0012424690971397628
481130136111022,0.0013878447926906842
481130091042004,0.0013878447926906842
481130209001025,0.00036618142269244554
481130078052012,0.007839427639417805
481130165212049,0.0009238078528052551
481130205001009,0.0007304785008298766
481130068002013,0.0031661293841360573
481130136072007,0.0003675457711484129
481130101011036,0.003959409092462235
481130100021041,0.0013878447926906842
481130136062005,0.00047367325449004284
481130096092010,0.009754804365014082
481130099001019,0.0013878447926906842
481130210002020,0.0013878447926906842
481130003001007,0.0011833593284077456
481130003001003,0.0035695533189795767
481130010011006,0.0037604769945496705
481130114011019,0.03462803350023462
481130167111004,0.0002448469631085862
481130057002003,0.0009299704665695548
481130112022004,0.0008672356211528509
481130079021017,0.004916432177952238
481130006081010,0.0006571484538015496
481130079032017,0.0013878447926906842
481130098023027,0.0007022293485643373
481130012031019,0.0004460100839167125
481130209001046,0.012562462496924057
481130114011024,0.0013878447926906842
481130056001028,0.005778801140015003
481130101011032,0.002198611059484537
481130123025002,0.0013878447926906842
481130091012001,0.000833946560260462
481130111042012,0.0015908489851104617
481130181442015,0.0013878447926906842
481130096102001,0.0013878447926906842
481130096112003,0.00024993379744925933
481130073011012,0.000653286554422061
481130073023032,0.0004625469643559757
481130127013013,0.0010559323355602466
481130128012013,0.024549387348351926
481130119022034,0.0013878447926906842
481130055001003,0.0007286514814539869
481130118013014,0.005438578192366168
481130037002003,0.0017415013629991183
481130091013002,0.0014319036129575558
481130170101038,0.0009332514047391701
481130014001004,0.00044127368580461476
481130063012008,0.0015775258583589833
481130096031026,0.0008750483693505068
481130044002011,0.0013878447926906842
481130100032219,0.0013878447926906842
481130108061013,0.0038583595328946976
481130132024015,0.00014689331668716607
481130053002006,0.0013878447926906842
481130094013002,0.0008850862578939062
481130130093012,0.007165347326392676
481130078241008,0.00760538150400193
481130110022006,0.00019629265077864924
481130100014009,0.00020422822896279735
481130131012041,0.0001832214926170717
481130053002010,0.00022815522230420408
481130006081012,0.008939914852340606
481130130131020,0.0016757522134727408
481130211001029,0.00011746150744018916
481130114013013,0.0010706683764706976
481130171013001,0.008795995755298238
481130171013000,0.0018851678663133462
481130096111006,0.005301769409936106
481130025003022,0.0005975924299808336
481130064011016,0.0013878447926906842
481130108053004,0.0025247716003562568
481130108092002,0.0013878447926906842
481130107041044,0.0013878447926906842
481130020022010,0.001656362460215316
481130027033002,0.0013878447926906842
481130125021015,0.0006616189691037104
481130130132007,0.0003945073771568537
481130059012011,0.006736632240119523
481130116041004,0.0013878447926906842
481130117023003,0.0013878447926906842
481130108093007,0.0013878447926906842
481130050002045,0.006085175220833695
481130002012016,0.0010952547858037872
481130165272009,0.0008401996598503778
481130053004048,0.0009163756965074575
481130065021013,0.0013878447926906842
481130042013010,0.00039503403212003395
481130042012001,0.0081924088341878
481130212001007,0.00018758792158973957
481130136081016,0.001700325982393533
481130206002022,0.0013878447926906842
481130011012011,0.0005432149421898857
481130107012012,0.0003619042748004121
481130165212035,0.0017994086517016156
481130078121005,0.0013878447926906842
481130171023009,0.0008927821793405415
481130203003045,0.01948783124284396
481130045003039,0.001832620157067794
481130097022029,0.004494960093732763
481130006081000,0.0013878447926906842
481130076051002,0.0012673471601588012
481130136213004,0.0024698892791510905
481130078282004,0.0013878447926906842
481130022003028,0.0006643567221263014
481130081022001,0.00032151289780299664
481130056003027,0.0018749946800992485
481130052001037,0.0018526757024749888
481130010011003,0.002120991637785292
481130203002073,0.00022720284291780337
481130116031021,0.0007209841771605464
481130059013007,0.008241991744036928
481130055002030,0.0005978638706912696
481130011013001,0.0013126275610914973
481130106011026,0.0009250367113390591
481130165212039,0.0057813596330272615
481130112022020,0.0002101838974904004
481130063022044,0.004934029409971004
481130027032062,0.0013878447926906842
481130012031001,0.001220871739764757
481130122132028,0.011769504465957696
481130109031036,0.0013878447926906842
481130088022020,0.0013878447926906842
481130061001003,0.0013878447926906842
481130006081006,0.00021438772825285265
481130064022049,0.0013621902531915483
481130087032018,0.0013878447926906842
481130136062018,0.001976827711440697
481130130093017,0.0013878447926906842
481130108091006,0.0033910788492877617
481130024002007,0.020219941214476532
481130130091007,0.0005666912635852165
481130012041004,0.0011277201399552237
481130167091036,0.0018030470819931684
481130132024030,0.0013878447926906842
481130085001020,0.0023556253919381465
481130082004007,0.001506150816687916
481130127022008,0.001132182569141526
481130124004015,0.001046966448912637
481130011022000,0.0001479000594459319
481130165272015,0.0013878447926906842
481130046001006,0.0017507814374639775
481130122082003,0.0005019893095062452
481130078053017,0.0013878447926906842
481130122091000,0.043095708876245406
481130130113015,0.0010552003768829895
481130052002022,0.0017330094629301469
481130064011017,0.0009246878382730885
481130063011008,0.0011597869345878356
481130044001012,0.00014836171336998942
481130008021006,0.007728238750118623
481130202002003,0.00040717223184038806
481130122072020,0.0014929661616855168
481130093032018,0.0009246878382730885
481130125012025,0.0024782484948228014
481130097013018,0.0028976650223003454
481130130071009,0.0011340838670301486
481130106022021,0.0011864544522477603
481130096041021,0.000290141823282125
481130106011002,0.0013878447926906842
481130203002012,0.0013878447926906842
481130078052004,0.003291719308782667
481130015021006,0.006636850812812992
481130090023002,0.0010620393594645155
481130190405034,0.0013878447926906842
481130079061009,0.0011934002032410005
481130132024023,0.0013878447926906842
481130092021009,0.0021439881834350648
481130090022001,0.0013640641430646154
481130125022002,0.0013878447926906842
481130206002004,0.0033910788492877617
481130077023013,0.000997190928954253
481130205003015,0.00030521637538098945
481130206002057,0.0013878447926906842
481130077012020,0.0013878447926906842
481130135002013,0.0013878447926906842
481130096072002,0.003948763462676198
481130126011015,0.002196471927378385
481130130072015,0.0013878447926906842
481130076051053,0.0013878447926906842
481130044003021,0.0021261215231118532
481130071011014,0.0017532641290317818
481130071012006,0.0013878447926906842
481130100012004,0.0021498107241419593
481130100011006,0.0013878447926906842
481130004091006,0.0013878447926906842
481130165283003,0.00014055375779546624
481130170102016,0.00014449503557430153
481130024001022,0.01120094563821225
481130012021004,0.0013878447926906842
481130123025008,0.0016177165474247001
481130096041019,0.0021498107241419593
481130013021005,0.0018470314552234799
481130126012016,0.0013878447926906842
481130081022031,0.000818191292789585
481130082003014,0.0016178481051103025
481130081023027,0.0013878447926906842
481130165262003,0.0015354771656311318
481130045002021,0.002136641364465795
481130044001010,0.002196471927378385
481130052001041,0.0018946817419355068
481130015022001,0.0030085005836743336
481130185063035,0.0013878447926906842
481130079023026,0.0013878447926906842
481130192082009,0.0013380762942056704
481130020021007,0.012192125915185942
481130004012015,0.0008838663322862708
481130065012028,0.0013878447926906842
481130059013025,0.0011864544522477603
481130107012041,0.0013878447926906842
481130052001045,0.0017743263278747487
481130093043003,0.00042373246162263016
481130053004043,0.008736884570982692
481130016021017,0.001054972908537353
481130116011011,0.0013878447926906842
481130166072016,0.0013878447926906842
481130064022037,0.012351330074418554
481130045002005,0.000760140655944758
481130071024016,0.0011419972402172886
481130071025011,0.0006737107816058807
481130136102003,0.0021901588411108756
481130204022097,0.0013878447926906842
481130204022052,0.0022397919240787273
481130082001012,0.0010371304997257504
481130057001017,0.004525380400462023
481130093013021,0.0012749500274907234
481130002013015,0.0013878447926906842
481130024001024,0.0028491671944238326
481130126031000,0.0013878447926906842
481130113003008,0.0013878447926906842
481130136071012,0.0023032127750144283
481130107043027,0.0013878447926906842
481130096071008,0.021347852321220058
481130126031031,0.005694141025802818
481130096091011,0.0002557104445580825
481130073021005,0.0008134120903089678
481130101012027,0.000302964175638837
481130043001056,0.0006415567219116864
481130006052000,0.0013878447926906842
481130106022005,0.00015349712080957127
481130099001077,0.002817517197844315
481130054003032,0.0011645044299681366
481130010012002,0.0004320338221659135
481130004101007,0.000520935754792937
481130210001028,0.0013878447926906842
481130210001012,0.0013878447926906842
481130011021008,0.0002573050499034598
481130001003017,0.0012126323468618994
481130130121015,0.004082851793734401
481130208003076,0.00016462027326463545
481130087051022,0.00020918584594200953
481130165271010,0.003885900489532054
481130098031000,0.0013878447926906842
481130061002010,0.0013878447926906842
481130165211008,0.0013878447926906842
481130006091008,0.0006182172907444997
481130071025002,0.015212906130239949
481130069001007,0.027694508888433434
481130055003028,0.0013878447926906842
481130068002004,0.0013878447926906842
481130064011003,0.0013878447926906842
481130108061001,0.002686500330279129
481130063012015,0.0008787379658827849
481130063012009,0.0002345183405148633
481130096031013,0.0013878447926906842
481130057001020,0.006415157945376865
481130047001004,0.00026134209636148744
481130045001007,0.0013878447926906842
481130096032009,0.0033410024649724915
481130130132003,0.001712001134728642
481130096031019,0.0018598593854892828
481130131061000,0.0013878447926906842
481130080004021,0.0014538043458659157
481130076042029,0.0010024301538163994
481130078241035,0.0013380762942056704
481130100032237,0.00018508090767019843
481130014003016,0.0013878447926906842
481130011021014,0.04065267199742716
481130014003027,0.0008568863258918163
481130068002024,0.0031080843082559213
481130096091023,0.00041539128588423814
481130118021003,0.0131118505673225
481130185063067,0.0013878447926906842
481130079023002,0.007351963496982341
481130054002009,0.0012755847916079218
481130042011023,0.0013558268720667878
481130126012020,0.0062268158507677
481130002022019,0.0037433977441484493
481130129001026,0.0013878447926906842
481130130082018,0.0002113721923900476
481130130132008,0.0017706001057373449
481130013013005,0.0013878447926906842
481130122102010,0.0006259085862401681
481130027033026,0.003307002365035065
481130092041024,0.0029670695611295453
481130002013016,0.0018284700152291981
481130112022022,0.0013878447926906842
481130053003004,0.002446338444412198
481130208001022,0.00010072102534296834
481130091013021,0.007443094883472326
481130053004033,0.0011864544522477603
481130076051035,0.0004007286232564616
481130056001005,0.0029229140652605335
481130206001056,0.00017721564164302676
481130101012026,0.0019427038164316027
481130108092026,0.0005663853099531736
481130108092013,0.0018663775574262879
481130107012010,0.003802460742044252
481130136112008,0.0013878447926906842
481130077023037,0.0013878447926906842
481130122113002,0.0006292555705212387
481130082003007,0.0019389461738054496
481130082003009,0.0008085997950859241
481130082003023,0.0013878447926906842
481130082004004,0.0001844025470367108
481130092023016,0.009750273115848921
481130108072010,0.003503217921197258
481130099001045,0.0046811928627576126
481130211002086,0.17619431376471065
481130165261000,0.0013878447926906842
481130073011016,0.0013878447926906842
481130136071013,0.0005064643625709964
481130098023007,0.0026172326200914835
481130130131003,0.0025500437624750953
481130211002049,0.0008377636830525349
481130059013014,0.00030101225012812353
481130059013021,0.00214747133195254
481130204012042,0.00010352923472788798
481130202002062,0.0017743263278747487
481130115002063,0.0013209812496181807
481130208003075,0.00024812008437888344
481130078241005,0.0013878447926906842
481130085002033,0.0013878447926906842
481130080002003,0.0013878447926906842
481130097021007,0.004105391636248821
481130109031023,0.0013878447926906842
481130192131001,0.23267320051694776
481130064011014,0.0003811232937379261
481130076011024,0.001700325982393533
481130076012008,0.010734475378678216
481130097013006,0.016496680084141683
481130111052000,0.0013878447926906842
481130108051000,0.0013878447926906842
481130192132011,0.003467271805076004
481130065014004,0.0001566682426620632
481130004102003,0.0019494372921962883
481130004102008,0.00036908079155528436
481139801001037,0.0021261215231118532
481130006082009,0.00011989076419031656
481130110021000,0.0013878447926906842
481130020011001,0.0021106214045827423
481130043001085,0.002539651351582917
481130100032047,0.0013878447926906842
481130078122019,0.0013878447926906842
481130078103002,0.00016992161050406076
481130111032033,0.002581900543654811
481130111042028,0.002345079234521632
481130094022019,0.0005607406525407277
481130124004018,0.0011270797086241095
481130129001012,0.007316279223816043
481130120003028,0.0013878447926906842
481130211002018,0.03249513840260481
481130054002006,0.012793926572298385
481130055003016,0.00073733831542613
481130087032005,0.0023314817624888406
481130165211006,0.00017629187311417693
481130057002025,0.002196471927378385
481130014003023,0.0006168590125573095
481130101021004,0.00321999568410033
481130053003002,0.01095397681889597
481130004082001,0.00011436869780437234
481130169021016,0.0013878447926906842
481130099001042,0.0009250367113390591
481130130102005,0.00259784751767809
481130073011014,0.00033675863281432036
481130037001009,0.0001533911493779831
481130091032007,0.00024271923890304832
481130088012019,0.010302218009667071
481130205001011,0.0013878447926906842
481130106021020,0.0065735567863101085
481130087031005,0.0003309312056301375
481130053002018,0.002119570813531178
481130126011016,0.0013878447926906842
481130022001000,0.0014811435610073572
481130208002037,0.0005395619127962398
481130071012014,0.001218231901108188
481130136063004,0.0013878447926906842
481130096031017,0.0013878447926906842
481130190343004,0.001727621182306005
481130171011008,0.0010767713590348377
481130078011023,0.0013878447926906842
481130167101011,0.00021948941770603197
481130136103025,0.0007767512328955818
481130062003043,0.0013878447926906842
481130076051023,0.0013878447926906842
481130136191001,0.0021261215231118532
481130130122005,0.0013878447926906842
481130079062012,0.0011277201399552237
481130190181014,0.0013878447926906842
481130092022008,0.0004203574542556267
481130067021038,0.0006980211148347039
481130100032013,0.0013878447926906842
481130122072003,0.0013878447926906842
481130136101015,0.0007648499725743461
481130136152005,0.0013878447926906842
481130100032137,0.0013878447926906842
481130078121007,0.0019290839856703607
481130136202013,0.000760140655944758
481130091041004,0.0013878447926906842
481130112012009,0.006990859988077955
481130165333023,0.0004943834966522344
481130165272001,0.00027878616049907746
481130130093016,0.0013878447926906842
481130013012009,0.0013878447926906842
481130130101009,0.0033910788492877617
481130129001006,0.0013878447926906842
481130119012002,0.002043056471038908
481130073023020,0.0024041976285420407
481130192132004,0.000894035096002889
481130052001040,0.003215776303891355
481130073022012,0.0013878447926906842
481130165273007,0.00430709596388996
481130130092004,0.0013878447926906842
481130067021050,0.0025631416376840923
481130004012000,0.00014915841326921847
481130093013027,0.0013878447926906842
481130013012010,0.0023440688589155784
481130004103013,0.0050568801845137
481130115002003,0.0035217605562644365
481130067011012,0.00048146754825729874
481130107013004,0.002136641364465795
481130071011028,0.0015017176850010167
481130204022117,0.001478618438955639
481130128021014,0.0002510218558466849
481130128021023,0.0007286514814539869
481130001003012,0.0015308104946797805
481130093011016,0.0013878447926906842
481130067021015,0.0013878447926906842
481130100021022,0.003844038449509993
481130106012026,0.0013209812496181807
481130076051038,0.0020161506209237625
481130011012000,0.00018444540506653027
481130165262010,0.0013878447926906842
481130140021200,0.0013878447926906842
481130002013004,0.0027004424616541354
481130122132006,0.0016757522134727408
481130022001035,0.0006187447695970344
481130015021009,0.0013878447926906842
481130208001024,0.0013878447926906842
481130112011014,0.0017336640244627014
481130055002035,0.00663057764374596
481130078241019,0.005405284615089548
481130136191012,0.003085387649921062
481130080006012,0.002580768410350587
481130001003016,0.0010801667954126173
481130130052015,0.0027761325107820635
481130025004016,0.0020776921748111546
481130087043005,0.0002978847796948357
481130092032012,0.005801371682771076
481130088011009,0.0010034333034065984
481130110032016,0.00012236080891498893
481130004092008,0.0013878447926906842
481130136092033,0.002194028652925329
481130071024007,0.00017180035497561688
481130165212037,0.0013878447926906842
481130084012011,0.000788800063507653
481130142091000,0.0013878447926906842
481130004101013,0.00019673593228554246
481130072042006,0.00019267858710904657
481130090011010,0.0006198755839979397
481130091042025,0.00022400472225995218
481130097013022,0.0013878447926906842
481130042021015,0.0003070863010641908
481130204022104,0.006582615169090239
481130094022035,0.0022926564512245
481130119012007,0.0012079762853875085
481130097011027,0.002626988026782934
481130004103039,0.000158847573952179
481130079023007,0.0014789411107847478
481130136103030,0.0002111908893779034
481130076041001,0.0013878447926906842
481130014001010,0.0011950224075294785
481130056002009,0.0006415131529425884
481130099001048,0.00022660154905719616
481130204022119,0.004525380400462023
481130015033010,0.01074510252212327
481130190192008,0.0011864544522477603
481130096031005,0.0003795794898507993
481130159002008,0.00021315731463516585
481130212002013,0.0006358955450564184
481130054003001,0.0008501546358722457
481130118013009,0.00010011193647975742
481130003001025,0.03926904073938272
481130065021023,0.0014873500776925572
481130002023015,0.0007022293485643373
481130097021008,0.001788413384542938
481130011021012,0.005173269180141152
481130022003033,0.0013878447926906842
481130071011015,0.0010192485037287407
481130004052004,0.0033910788492877617
481130055002018,0.0010422371458346724
481130051001020,0.0019632241428767434
481130110021014,0.003408135361641694
481130110042016,0.0070716970877795935
481130113002007,0.0013878447926906842
481130067021042,0.001804348854904505
481130065012009,0.0013878447926906842
481130209002082,0.0013878447926906842
481130096091019,0.0002633808927987012
481130096082008,0.00037534554657018
481130027031028,0.0031412724980341344
481130140011045,0.0013878447926906842
481130045002025,0.0013878447926906842
481139801001020,0.0013878447926906842
481130071025000,0.0021225099465383506
481130079062014,0.001322821955891221
481130124001009,0.0004306943618661819
481130130131015,0.0013878447926906842
481130022003042,0.0016414824171160133
481130059013000,0.001653318611591434
481130202002065,0.00021228147252340385
481130054003040,0.0021406477514346912
481130085001027,0.0002570633419501403
481130208003054,0.0023331425353126335
481130078222004,0.0013878447926906842
481130078012001,0.0013878447926906842
481130065012012,0.001506150816687916
481130012031013,0.0015198389121985662
481130116011015,0.004153172950774355
481130123012011,0.00030632740896968923
481130084011010,0.0013878447926906842
481130059011018,0.000902637868841637
481130100032139,0.0013878447926906842
481130100021044,0.0013878447926906842
481130076011016,0.001059540679820702
481130087032009,0.015474920769996228
481130203003046,0.0011958687221626507
481130209001009,0.0001686342754869327
481130020022009,0.0007067943059554043
481130212001035,0.0005039703754527385
481130205001003,0.0003427049328991283
481130004092026,0.0013878447926906842
481130073023000,0.0012348347539696948
481130111032023,0.001996811121224459
481130096083001,0.0003516353748211697
481130096083017,0.0003167905347404354
481130136072033,0.000392110762692509
481130136072046,0.0029886490646445114
481130130072008,0.022355585377854738
481130012031009,0.0030686722765335835
481130054002031,0.0013878447926906842
481130165212051,0.0013878447926906842
481130094022011,0.0015159570577481995
481130094022024,0.001116579625477746
481130085001019,0.0006736930440394687
481130084012013,0.000849640104940863
481130211002032,0.0003506086263414399
481130054002008,0.0013848949021527876
481130078052005,0.002897563372090772
481130057003036,0.00014950682432040074
481130091031006,0.015581902581758388
481130108082012,0.0013878447926906842
481130185063055,0.016961041936474946
481130013022010,0.0013878447926906842
481130093011027,0.000616213017566625
481130080003012,0.0011864544522477603
481130122061022,0.00017512123579669576
481130126011012,0.0061518730015037515
481130124003002,0.00016996446658972927
481130078254007,0.008735868178568584
481130053001002,0.0003432697677454064
481130203002008,0.0013878447926906842
481130010022018,0.003153324109043755
481130078053015,0.00023842503095509383
481130206001049,0.0013878447926906842
481130063021004,0.0006666029981071036
481130065011013,0.00023925097386611672
481130064022006,0.0013878447926906842
481130080004022,0.0008314430770192336
481130167111015,0.000963309513705577
481130093031021,0.0020546157102449844
481130125022041,0.004554784324855545
481130037001000,0.004525380400462023
481130055001041,0.0013878447926906842
481130171023039,0.0013878447926906842
481130203003056,0.0013878447926906842
481130122113008,0.000134104285375828
481130208004014,0.0006526078255923275
481130084021009,0.00020792192572506037
481130045002017,0.0038278873748686377
481130136072041,0.0013878447926906842
481130136211000,0.0013878447926906842
481130015041020,0.0009904225005057782
481130136111008,0.008761153570201493
481130076051016,0.0013878447926906842
481130125021020,0.0013878447926906842
481130108082008,0.0013878447926906842
481130095001018,0.0013405404753378345
481130078011011,0.0009787907180553825
481130136101028,0.0008819810330642759
481130115001006,0.00020201576648680179
481130073011003,0.0013878447926906842
481130136222002,0.0672277998061349
481130027033009,0.0018300864474358807
481130114011044,0.006297327469993522
481130079023025,0.002196471927378385
481130129002010,0.0018470314552234799
481130129004000,0.003958341169711366
481130128021018,0.004845719516510354
481130084022011,0.0026204095852295443
481130126031003,0.0013878447926906842
481130126012003,0.000760140655944758
481130204012056,0.0013878447926906842
481130130113019,0.0013878447926906842
481130206002030,0.0013878447926906842
481130128012015,0.0013878447926906842
481130025004045,0.0013878447926906842
481130107014001,0.0013878447926906842
481130165283005,0.003085387649921062
481130165212026,0.002420447346945957
481130015021019,0.0023900023388758185
481130020022018,0.0013878447926906842
481130208002009,0.0014654708684627587
481130027032065,0.0006458655193343738
481130078091003,0.0013878447926906842
481130118012016,0.010224894463043907
481130165281005,0.0006168590125573095
481130079061004,0.0013878447926906842
481130081023011,0.0013878447926906842
481130068003012,0.0008969554561065418
481130064021024,0.0009519663670153689
481130121022009,0.00024170130718683834
481130078011019,0.0011070014223692017
481130131021032,0.0016757984292490068
481130027032076,0.00042808304446973226
481130043001011,0.0020014818836285504
481130108052013,0.0015200545030515569
481130037002028,0.0003159837359090529
481130111012008,0.0013845803979295765
481130099003018,0.0020048413411355576
481130099003043,0.0013878447926906842
481130109061011,0.0020188358983693716
481130136201009,0.001579649803980674
481130006091005,0.0005440479945161452
481130136102015,0.0012326681452341356
481130132024031,0.0013878447926906842
481130057003017,0.0047560821551686245
481130024003009,0.004345811506711041
481130171021017,0.00370566213157206
481130045001017,0.0016409479176410185
481130108092024,0.027835846075551226
481130051002021,0.0008313795156817512
481130069003000,0.0001537605080026377
481130020021006,0.003203315959725037
481130122061020,0.0008060731292583221
481130204022035,0.0033910788492877617
481130112012014,0.0002717099103315576
481130117022007,0.00048827345077321385
481130165212055,0.0013878447926906842
481130045003026,0.0013878447926906842
481130112022005,0.00982839475673364
481130136051017,0.0011794814846598463
481130001003006,0.00020522667234270435
481130078292010,0.02076224869022806
481130087013026,0.0013878447926906842
481130088011002,0.0012206461244913109
481130210004011,0.00045900997649800504
481130044002012,0.0013878447926906842
481130071024013,0.0013878447926906842
481130004092004,0.0013878447926906842
481130004092032,0.0013878447926906842
481130009011005,0.0037846697959694644
481130116032021,0.0012348347539696948
481130212001028,0.0013878447926906842
481130053004031,0.0013878447926906842
481130055001045,0.004525380400462023
481130119012023,0.0001501229189098591
481130004103019,0.0015570023892864878
481130004101006,0.003148881173578887
481130209002048,0.0013878447926906842
481130086041006,0.0021862989673104892
481130054003004,0.0013878447926906842
481130067012008,0.0007286514814539869
481130208001018,0.0012736831421808967
481130057001039,0.0013878447926906842
481130012022013,0.09767783277976765
481130100032046,0.0013878447926906842
481130025004039,0.0013878447926906842
481130206001016,0.0013878447926906842
481130011021003,0.0010526157497080307
481130043001023,0.0011184792518549893
481130006081016,0.00045742476752872493
481130106011046,0.0005431360484914045
481130002012014,0.0010415875059214903
481130122073006,0.18665494901644242
481130078254010,0.0010146904661355483
481130136172035,0.001456100665403761
481130165281000,0.0013878447926906842
481130126043007,0.004980986314441259
481130140021188,0.0009250367113390591
481130125021013,0.0012178495329782677
481130128011007,0.0013878447926906842
481130093032028,0.001579497242183005
481130059012031,0.0008670799081239254
481130062002009,0.0014124880057577443
481130181263028,0.0013878447926906842
481130002013007,0.0011467641420484125
481130203002010,0.00021132598497906253
481130170052000,0.0013878447926906842
481130064011020,0.0010318568180057816
481130042013004,0.0007340778303752413
481130015023001,0.00045623432603136474
481130111051020,0.0033224193608606305
481130096092035,0.0037635643705969477
481130076011006,0.000361775015362586
481130164121000,0.0013878447926906842
481130164121001,0.0013878447926906842
481130045001026,0.001129293486706628
481130056003012,0.0013878447926906842
481130190181000,0.002794215022422699
481130001002001,0.00269227364667015
481130165261024,0.0005798833553927656
481130065014007,0.0008404596776061187
481130113002016,0.0005332273646805063
481130108092042,0.00038537473105867065
481130064022040,0.0013878447926906842
481130047001002,0.0017930810250411378
481130100015005,0.0008757069287470146
481130134001032,0.0007979867863602193
481130096033024,0.0010220918208209107
481130078012011,0.002485289875349023
481130037002011,0.0013313784306916722
481130120003025,0.002227990199550592
481130165111023,0.002196471927378385
481130020022021,0.0010328604186383892
481130098021009,0.0007700236537543173
481130079021018,0.004343690774506821
481130022002026,0.004231622505992661
481130022001030,0.0007892168793389232
481130059013004,0.0041456521184084555
481139801001023,0.0009664823771548478
481130065012008,0.0013285865755688336
481130063011011,0.0005395338703120853
481130044002000,0.0013878447926906842
481130042011011,0.00014610512051081953
481130042011027,0.000576776647200114
481130085002029,0.0010919467285098517
481130085001021,0.00040800334045148915
481130085002024,0.0025951454393890122
481130127013011,0.00016107949498126415
481130087041003,0.0018470314552234799
481130087051003,0.0007759206426941826
481130190405033,0.0013878447926906842
481130073012024,0.0008090434246156929
481130100032052,0.0013878447926906842
481130129003010,0.0015202525371824627
481130112021016,0.002445557479596356
481130096102004,0.0015477621314376776
481130111041007,0.0013878447926906842
481130111042007,0.0013878447926906842
481130111032028,0.0013878447926906842
481130064021014,0.00042213203993346856
481130067021021,0.0022728800005840134
481130004091001,0.0017141508638683052
481130073023010,0.0012984720665616494
481130096083010,0.0004083491304097268
481130096083012,0.003517347771296186
481130006082002,0.00013899183561550912
481130016022004,0.0022080463503166984
481130123025011,0.0013878447926906842
481130099002016,0.0018470314552234799
481130072042016,0.0003878633746108001
481130001001013,0.0006539483707521476
481130123021008,0.005242817325406148
481130078251011,0.002136641364465795
481130190341007,0.0006379617406296076
481130057003032,0.002652601629084515
481130117012003,0.08079239913684201
481130079032006,0.0010489609340555103
481130107041012,0.0013878447926906842
481130117012010,0.005820911626397169
481130053001006,0.0013878447926906842
481130022001016,0.0009519663670153689
481130022003010,0.00010499348631851812
481130078053016,0.0004727312230820968
481130118012002,0.0015775258583589833
481130064022034,0.001373846202129641
481130115002049,0.00231853273647999
481130167111023,0.0006764032658212527
481130093031001,0.0033943180992896007
481130063013008,0.005419866680826428
481130087051024,0.0004497743107688255
481130114011005,0.00013039870839259103
481130129002019,0.0013878447926906842
481130130132019,0.0008345405866130423
481130212001001,0.0013878447926906842
481130072061000,0.006499352685900521
481130124001023,0.0001285999127147834
481130012023022,0.002044735352274344
481130087041009,0.00035068617357782855
481130092032003,0.00011069604080356869
481130087013010,0.0005473037371459586
481130171023037,0.0013878447926906842
481130136111002,0.0006475708766735587
481130024001011,0.0013624750444272533
481130120003024,0.002901270191119595
481130136101030,0.0035722184045750794
481130097013024,0.001354911839568329
481130073012004,0.0013878447926906842
481130099003060,0.0013878447926906842
481130084022031,0.0013878447926906842
481130125021022,0.0013878447926906842
481130136101009,0.0013878447926906842
481130121022005,0.0013878447926906842
481130118022018,0.001044504768728322
481130108093013,0.0010352139356868397
481130208002027,0.0001573354816056975
481130080004004,0.0013878447926906842
481130119021003,0.00012515325206650187
481130108082009,0.0013878447926906842
481130096041015,0.0013878447926906842
481130190406019,0.0013878447926906842
481130013013014,0.008023077888854731
481130027032059,0.0025127141325090316
481130171021013,0.0003268383919962363
481130121022027,0.0008788088651688026
481130013012001,0.0013878447926906842
481130130103000,0.004551807452825405
481139801001035,0.0013878447926906842
481130092041022,0.0003051099175451437
481130027032017,0.0005576436625528119
481130116042005,0.0005332273646805063
481130009012017,0.0010450296518569665
481130042011016,0.0011680042749523589
481130170101003,0.0006575009267031737
481130022003027,0.0024399347570011913
481130061002033,0.008155854741220832
481130082004013,0.012055405374768124
481130093032008,0.0003459915847707887
481130065021011,0.0011715750248621252
481130067011007,0.00021354713576362432
481130108092017,0.0004678844198490893
481130165212025,0.0013878447926906842
481130071025006,0.0017986212273163465
481130128021013,0.0014993816469616133
481130128022009,0.0010556477203745509
481130025001019,0.00032147978851680546
481130002013008,0.0004927859211215581
481130013012000,0.0013878447926906842
481130202002031,0.0013878447926906842
481130063022019,0.00012296305032577832
481130002023014,0.002196471927378385
481130097022022,0.0005005618262031484
481130165342032,0.0013878447926906842
481130063011018,0.001973720278717518
481130205001012,0.0013878447926906842
481130101011034,0.00047736671153485833
481130099001031,0.0009267016152347951
481130122102011,0.004844538436231497
481130084011019,0.0020872561052330744
481130208002015,0.004068743484500271
481130057002004,0.0006031162791544359
481130078121004,0.0024041976285420407
481130076042019,0.0014021972411816653
481130115002018,0.0013878447926906842
481130015021000,0.005966333819201198
481130210001044,0.00019253817065332686
481130003002030,0.001142889645351198
481130130053001,0.0010157084324756204
481130190181006,0.0007225838587497023
481130087051020,0.0013878447926906842
481130114011023,0.0031037738152129026
481130210004012,0.0013878447926906842
481130136071024,0.0013878447926906842
481130076042018,0.0011800711586568522
481130167091072,0.0013878447926906842
481130004082004,0.0008652861493857318
481130016011016,0.017371293903319512
481130110031005,0.0006551093524004774
481130109063010,0.0042888889420662326
481130170101033,0.001987340982234745
481130111012006,0.009774767271155949
481130099002011,0.0013878447926906842
481130015041015,0.00019065511554304648
481130128011019,0.0013878447926906842
481130130072002,0.005242408747385293
481130088022014,0.0011453051849769158
481130011021011,0.00023918025876337157
481130130093000,0.0013878447926906842
481130057002022,0.00014498040696773844
481130100032161,0.0063893843615204044
481130053004000,0.002834217558369251
481130127012006,0.003941489031070518
481130125022034,0.0003045209577493288
481130068002041,0.0013878447926906842
481130099003063,0.00032954206015614097
481130208003077,0.0013878447926906842
481130202002012,0.0018552234902221992
481130117022026,0.00013683374531238011
481130130131018,0.002821558148120318
481130045001006,0.0013878447926906842
481130118011019,0.0013878447926906842
481130027032013,0.005556443679569752
481130025004017,0.001033933564757897
481130206001026,0.0013878447926906842
481130181592002,0.0013878447926906842
481130130132020,0.0008455490652583826
481130043001017,0.0013878447926906842
481130106011025,0.0013878447926906842
481130209002001,0.0015551497474416873
481130016021018,0.0026791182372250632
481130100031033,0.050496310609864974
481130054002043,0.0006266616045216475
481130108062018,0.001044504768728322
481130119021000,0.0037563957445868523
481130111051006,0.0006472228404111672
481130073012028,0.0013878447926906842
481130101022005,0.0012451325528191678
481130047002028,0.0003430412140778654
481130128021006,0.003518692887893379
481130112021014,0.014108134303806983
481130096092020,0.00048575455083927136
481130097022015,0.0013369454391405757
481130014003021,0.0013878447926906842
481130092023024,0.0013878447926906842
481130002021007,0.0034570556517792414
481130116042025,0.001044504768728322
481130202002076,0.00015838227312510032
481130053004009,0.0013878447926906842
481130079032010,0.0017820857978255115
481130045001018,0.0010422371458346724
481130042013017,0.0023662253451566815
481130100032230,0.0004548872358388428
481130171013011,0.0011880876336915157
481130067021002,0.0013878447926906842
481130109031009,0.002674932660236265
481130081021020,0.0003253857373238001
481130057001028,0.0023785073075453583
481130211002035,0.0014401672684002014
481130086041005,0.0013878447926906842
481130093041022,0.0006339237150428129
481130053004005,0.0013878447926906842
481130073022011,0.0024958903387624232
481130100021046,0.0015775258583589833
481130100032002,0.0013878447926906842
481130022003031,0.0005580728354424645
481130210003037,0.0007429526700161948
481130054001017,0.0013878447926906842
481130115002060,0.0013878447926906842
481130078241020,0.0015180268754677972
481130111012020,0.0013878447926906842
481130042011029,0.001231502118638363
481130098031016,0.0013878447926906842
481130084011009,0.0013437052397740916
481130109031011,0.0013878447926906842
481130057002019,0.0011953204828510204
481130087043013,0.002196809338674191
481130051001030,0.0011976974651557626
481130063021009,0.0010941732414315385
481130165212036,0.004779368253374756
481130037002036,0.0019221802635330796
481130133002017,0.002158735757299129
481130109041008,0.0013878447926906842
481130057002005,0.0016041074404873788
481130061001007,0.004077283012499153
481130071012012,0.005802657511276396
481130108092014,0.0013878447926906842
481130073023005,0.0004043761608758412
481130081022017,0.0009345644592417987
481130136072032,0.0011444191934141617
481130095001003,0.0006907985202200435
481130129003029,0.00038985476604735383
481130129003006,0.0016178340748582765
481130203001011,0.0014262788875287007
481130130081001,0.0013878447926906842
481130091013003,0.018081863399103934
481130211001038,0.0015294527405769673
481130057003021,0.000125563867383262
481130002011003,0.00035659586567390417
481130117022015,0.00022850646226224423
481130165282023,0.0013878447926906842
481130063011017,0.0030945090084288276
481130006082001,0.0002455888574308469
481130046001027,0.0009750327453661295
481130053003027,0.00011265543539344589
481130078121022,0.0014250597031597158
481130078052000,0.08141013626037351
481130093043027,0.0019882217054861553
481130088022002,0.0003593362312740335
481130093013017,0.0031746120337074937
481130130093018,0.0010869781328487263
481130087011005,0.008059526740774004
481130050002007,0.0015836475332382707
481130099001024,0.0013878447926906842
481130105002005,0.004081863918738597
481130057001034,0.0028135700424184286
481130170092007,0.002703653896111327
481130167101010,0.006694100463228853
481130002012011,0.00011042612850471474
481130044001013,0.0014177065071717665
481130130072007,0.0003371961499174221
481130133001018,0.00030126495555234
481130087043016,0.0013878447926906842
481130081023002,0.023870538088681465
481130114011047,0.00039160805045363324
481130136071001,0.0013878447926906842
481130136153002,0.0008162937186719338
481130098031008,0.0013878447926906842
481130090012008,0.0013878447926906842
481130140021185,0.0013878447926906842
481130210001022,0.0014415862181275704
481130095002019,0.0006168590125573095
481130037002010,0.0018955724749901608
481130097021024,0.003152129817605381
481139801001039,0.0013878447926906842
481130071011017,0.00030139082514556555
481130129001008,0.0013878447926906842
481130106021011,0.0006352140850116182
481130165282005,0.000459257111729017
481130136221014,0.0013878447926906842
481130120003005,0.013330074105081762
481130176051013,0.0013878447926906842
481130124001018,0.0013878447926906842
481130044003004,0.0012465900388495968
481130107015014,0.0023014761290631003
481130119022006,0.0001374839105145292
481130078283001,0.0012513471083415312
481130044003020,0.0021261215231118532
481130185063041,0.0013878447926906842
481130114011013,0.0011753642753598987
481130020021011,0.0010182289714946965
481130111013025,0.0013878447926906842
481130107041010,0.0013878447926906842
481130120001002,0.0011668797299233232
481130136201008,0.011000609672081683
481130110031019,0.0013878447926906842
481130100032015,0.001044504768728322
481130205002000,0.0012857622376918707
481130047002012,0.0032875833646904963
481130115002050,0.0013878447926906842
481130106011040,0.0013878447926906842
481130212001029,0.0013878447926906842
481130071024020,0.0004357702847364408
481130100032019,0.00038303795488930936
481130081022021,0.0014086421923176103
481130037001013,0.0007049909145153664
481130025003016,0.0028989989513599616
481130025002010,0.0013550779152466412
481130054003008,0.00041398753198009853
481130169021002,0.00017939228942780465
481130057003040,0.0009905593749135117
481130125012009,0.0016425812289695303
481130045002053,0.0008004588404087839
481130118022023,0.0013878447926906842
481130092023019,0.0013878447926906842
481130069001011,0.002109757684342948
481130068003002,0.0011784458031559378
481130136053014,0.0009635761994720722
481130004103042,0.0007415478428680253
481130101012011,0.0013878447926906842
481130101011020,0.000890733892715104
481130020011027,0.004331151647657027
481130208004026,0.00023885346961424061
481130010021004,0.001705331092029305
481130084012036,0.0022191123818605424
481130005032003,0.027216264115809314
481130129002005,0.0013878447926906842
481130165212018,0.0015180268754677972
481130165212020,0.0015017176850010167
481130002021000,0.00018633280830140545
481130084012019,0.00014669789462021883
481130122072012,0.002868486176670108
481130125011015,0.005838725076464438
481130059021002,0.0014702104280202393
481130059011006,0.0013878447926906842
481130116042004,0.004068019972717055
481130079021021,0.0033234892159892215
481130130093011,0.008121552494557926
481130185063078,0.0013878447926906842
481130210001020,0.001977741295405517
481130088011003,0.000625725349194609
481130101021038,0.0013878447926906842
481130101022007,0.00059201638693388
481130052001008,0.0033910788492877617
481130130122004,0.00041767544600937126
481130130131026,0.0012052340920981953
481130097013005,0.00609424815859547
481130206001047,0.0009578779580150085
481130128011001,0.0010131381476795702
481130110021007,0.0035933429413990904
481130136081002,0.0006763022632575261
481130118022014,0.0018950017324285162
481130171022013,0.0013878447926906842
481130140011053,0.0013878447926906842
481130080002001,0.0029670695611295453
481130022001005,0.0011944728691031248
481130078011024,0.0013878447926906842
481130190405017,0.0013878447926906842
481130131012018,0.0013878447926906842
481130100032133,0.0013878447926906842
481130170101034,0.0013878447926906842
481130063012010,0.0010367115054488534
481130133001016,0.0004854830790796779
481130124004007,0.0013878447926906842
481130132024003,0.0013878447926906842
481130087051033,0.0039904126076686485
481130069003002,0.0008673941244906462
481130208003020,0.0007702099366840358
481130130122011,0.00022475376654579795
481130004071002,0.0019389461738054496
481130114011036,0.00035962308488472853
481130079022004,0.004041943337561142
481130209002014,0.0013878447926906842
481130087043009,0.0013878447926906842
481130078011010,0.0013878447926906842
481130190341005,0.0028408564450028507
481130071022010,0.00015487653083686592
481130004103008,0.0013878447926906842
481130004101015,0.00252329574361936
481130136102035,0.0013878447926906842
481130054001026,0.001991678973320674
481130119012014,0.00040882349582423117
481130126012007,0.003358480664404114
481130063021017,0.00403138242233574
481130125022010,0.0002344159030135634
481130073012012,0.002932159166573683
481130165342001,0.0018932285418232588
481130131012007,0.005718337744260921
481130204012045,0.0013709291330695028
481130053002014,0.0016848388802112439
481130192132005,0.0028238708855584525
481130108042008,0.001783807366117458
481130112022025,0.0009250367113390591
481130045002027,0.0013878447926906842
481130165212027,0.0013878447926906842
481130079032005,0.001119146428061895
481130110031006,0.0012139120022839035
481130047002023,0.0010920281394861358
481130171012016,0.0002460601685163333
481130093043009,0.0009943303583700674
481130171013025,0.0013878447926906842
481130045003019,0.00039465860591221037
481130025001026,0.0007685137567272657
481130136063012,0.0014538043458659157
481130092023022,0.0013878447926906842
481130063013010,0.0076305930301752405
481130065021022,0.001661093887999626
481130053003030,0.0010882800556297212
481130166353012,0.0013878447926906842
481130065011011,0.0013878447926906842
481130100032195,0.05294434560960611
481130081021008,0.0013878447926906842
481130136181002,0.0003431326239203437
481130165262002,0.00938829380767256
481130165261003,0.0012977457958672023
481130165261005,0.0013878447926906842
481130073011017,0.00096489421977744
481130080004015,0.0010622559572784618
481130129002021,0.0013878447926906842
481130054003020,0.0013878447926906842
481130059013027,0.003186413830469444
481130111051024,0.001764574199959753
481130080002011,0.0021368504115715586
481130076042022,0.0011029336350123983
481130078241003,0.0013878447926906842
481130212003067,0.0013878447926906842
481130063011001,0.00011021390857627979
481130165281009,0.0013878447926906842
481130085002001,0.00011981762511456658
481130012031015,0.0026452739445457715
481130208003068,0.0013878447926906842
481130002022001,0.0003683341224491663
481130171012005,0.0013878447926906842
481130060011006,0.0013878447926906842
481130064022028,0.0013878447926906842
481130050001018,0.0015850245216434357
481130129002040,0.0013878447926906842
481130202002074,0.0010422371458346724
481130059013032,0.0007189971114870201
481130165111008,0.00238839399525796
481130111051012,0.0013878447926906842
481130206002054,0.0023431415464187037
481130071022015,0.0013878447926906842
481130073023031,0.0008030950643857092
481130060023007,0.0013878447926906842
481130093013002,0.00028140520554027743
481130114011017,0.004164850614081186
481130122072014,0.0011398297144820067
481130166341019,0.00030123840393346177
481130141571011,0.0013878447926906842
481130084022029,0.001203144387203957
481130084012017,0.0037387768341965878
481130054002023,0.0013878447926906842
481130206001018,0.0013878447926906842
481130118021009,0.0013706222892711784
481130054001029,0.0013878447926906842
481130043001118,0.003995649757640554
481130101021007,0.0003224025193547911
481130053002019,0.0013878447926906842
481130015042004,0.0001377250501315761
481130022003015,0.002606172188704015
481130113001021,0.00591053236682418
481130067021056,0.0013878447926906842
481130042013012,0.00038234086751075567
481130093013030,0.000760140655944758
481130116041006,0.0007992141295436062
481130204022081,0.0008085997950859241
481130167111045,0.00014350901989365568
481130117012007,0.0003744605429582438
481130055001014,0.000760140655944758
481130133002019,0.0005332273646805063
481130127021004,0.0003790921049769173
481130116011022,0.0003931688073002405
481130078011018,0.002857820151900535
481130078011021,0.0013878447926906842
481130122061023,0.000809934824727091
481130087013012,0.0005075865065414512
481130165112000,0.0013878447926906842
481130077012017,0.00040724529047891033
481130132011023,0.0013878447926906842
481130190405013,0.0013878447926906842
481130136062000,0.0013878447926906842
481130206001012,0.0013878447926906842
481130076051036,0.0013878447926906842
481130120001004,0.0013878447926906842
481130090012036,0.0013878447926906842
481130136262003,0.0036576058552057708
481130025003003,0.0013878447926906842
481130106012029,0.001975529696770093
481130206001053,0.0013878447926906842
481130079023035,0.001414352074596939
481130076041004,0.004578753663478272
481130095002018,0.0004135096623345534
481130084021019,0.0014134521124741666
481130130113012,0.0013878447926906842
481130097013017,0.00221632856758667
481130082003020,0.0005429457507502824
481130111011008,0.0013233725249622871
481139801001036,0.0013878447926906842
481139801001034,0.0013878447926906842
481130136101020,0.0024133880746357505
481130136285028,0.0013878447926906842
481130136152003,0.0006624985693306157
481130006081008,0.13832390785408197
481130073023017,0.0013878447926906842
481130165212023,0.014533437385194229
481130165212013,0.0015954746460681503
481130140011061,0.003273247279585586
481130096092025,0.0013878447926906842
481130136262004,0.0013878447926906842
481130132011005,0.00014163597714193741
481130136181007,0.002173904408861618
481130129001003,0.0013878447926906842
481130085002038,0.0013878447926906842
481130192081011,0.0016646630860619653
481130203001032,0.00254204840544078
481130082003041,0.0007286428971449645
481130099003040,0.0013878447926906842
481130073022028,0.0009906297459987654
481130126031010,0.0006569869549594771
481130010012008,0.01112424255988561
481130073011021,0.0009994751938656717
481130095001012,0.0013878447926906842
481130096091002,0.0021726947039841155
481130064021001,0.0016164411905027066
481130027033013,0.0009519663670153689
481130167102011,0.0042505109554849705
481130107041041,0.0020530574049977494
481130006051004,0.0013878447926906842
481130212001018,0.00027136533866102286
481130111032026,0.001096532854007457
481130164122011,0.0013878447926906842
481130063013031,0.00048029457839588016
481130045002041,0.0017019831256969526
481130093041031,0.0013717479438945992
481130111013017,0.0021766293659363166
481130165272000,0.0003619042748004121
481130062003002,0.0037070394259976075
481130106022017,0.0017526949662799874
481130106011054,0.0013878447926906842
481130165333014,0.00011674903549701931
481130071024015,0.0006055578135969399
481130071011024,0.00044305700195523443
481130204022009,0.005628329670697966
481130129002043,0.0018268681993530832
481130024001008,0.0018470314552234799
481130024002026,0.0002582091256108347
481130111042011,0.0007338974470870224
481130107012034,0.0013878447926906842
481130092022000,0.0013878447926906842
481130166381000,0.001166629175670253
481130165342029,0.0076505808685619694
481130205001008,0.00021084820261073675
481130126031030,0.0010145018447249188
481130044003022,0.0013878447926906842
481130073022026,0.000721761170836064
481130096073001,0.0003619042748004121
481130063011016,0.0004291257361662352
481130096092015,0.0018749946800992485
481130025004047,0.0013878447926906842
481130022003019,0.00221632856758667
481130114011018,0.002333021324049645
481130202001022,0.0013878447926906842
481130078122014,0.0004211666224491105
481130037002047,0.004148530831681977
481130043001077,0.001749493116627963
481130176052001,0.0002660978378698748
481130080002009,0.0006653419859700244
481130130072018,0.006831553973353651
481130190182001,0.0013039670971115322
481130190181008,0.000148322371623257
481130209001042,0.16025576951553167
481130101022009,0.003533671389650675
481130044001009,0.0010030709793888187
481130045003010,0.0002899837352709492
481130165212010,0.027274656557648425
481130165341005,0.0014322826944048047
481130100032168,0.18652830626990452
481130004014003,0.0013878447926906842
481130130071005,0.0007750460411910328
481130085001037,0.001359472290744796
481130117013019,0.0013878447926906842
481130087051013,0.0011273424445180757
481130202001014,0.0007391397668114111
481130141301048,0.0013878447926906842
481130095001007,0.0020004213523462794
481130204012058,0.0010443809474330555
481130096111008,0.0003800923855547444
481130165271015,0.0013878447926906842
481130136152020,0.0013878447926906842
481130136062009,0.002801506980256321
481130092023028,0.0010697832847942148
481130117022008,0.0018094455133737264
481130082003035,0.0008678267769094698
481130027031020,0.0037671572876169907
481130135001013,0.0019419018546419514
481130100031043,0.0013878447926906842
481130002021013,0.002513085512851068
481130122074028,0.00012650831327271184
481130080002006,0.002107327798098514
481130059011010,0.0013878447926906842
481130206001022,0.0007992615384507508
481130119011006,0.00033683788654314894
481130118021013,0.003949028214993074
481130014003019,0.00013082682412706443
481130014003018,0.0013878447926906842
481130100012028,0.0013878447926906842
481130005022010,0.005602320324112811
481130118013017,0.0007680371829918071
481130118022016,0.00014842862094584377
481130136051007,0.05168257454392722
481130078011000,0.00012992347977393092
481130054001024,0.0013878447926906842
481130054003036,0.008401531166166652
481130111042018,0.0007644069678334668
481130130132000,0.0005257554916287784
481130013013011,0.0013878447926906842
481130129001022,0.000351518746346481
481130097022028,0.0013878447926906842
481130125021026,0.001340355476249501
481130002012025,0.0021261215231118532
481130209002095,0.0013878447926906842
481130114011041,0.004839766630053988
481130108053007,0.0015512909080026545
481130211002028,0.0013878447926906842
481130211002026,0.001991678973320674
481130166342003,0.0014538043458659157
481130062002015,0.0006010626539699742
481130050002014,0.0005070287255379785
481130165112008,0.0011770250233172795
481130053001019,0.0024908790498180387
481130065012007,0.00022975694053494513
481130098023006,0.004344272824340667
481130097021005,0.0020802526568627147
481130100012053,0.0003256979077565393
481130096041022,0.002385148059088854
481130096042004,0.0013209812496181807
481130096041008,0.0013878447926906842
481130011022003,0.003975807934630917
481130122102002,0.0054642435841956785
481130027033022,0.00045124439095295746
481130061002022,0.0017251771481230453
481130091013000,0.0013878447926906842
481130120002008,0.002996384231524601
481130116012018,0.001218231901108188
481130054001000,0.0008552769093245923
481130054001040,0.0008951432401600678
481130055001004,0.00042358174308177983
481130054001036,0.0009296672896789749
481130081011005,0.0013878447926906842
481130125012002,0.0014004890800346616
481130208004007,0.008074399655539572
481130108051014,0.0013878447926906842
481130044001005,0.0013878447926906842
481130006072000,0.0003012490708722046
481130128021017,0.0013878447926906842
481130116012007,0.0010192485037287407
481130108061010,0.01402597280271301
481130006071001,0.0015833524920992308
481130065022041,0.0017743263278747487
481130020021014,0.0024113428088158935
481130100015004,0.005179574169578523
481130087031003,0.008390242692937972
481130203003051,0.0026223485563685303
481130203003029,0.003226945561836166
481130209001014,0.0004990701117138227
481130045003028,0.0013878447926906842
481130067012012,0.001984770676627345
481130136082012,0.0021822723796420876
481130057001035,0.0013878447926906842
481130111041002,0.00047055066415154943
481130111041010,0.0008336912248608401
481130128022026,0.0004475471538783883
481130124004011,0.005371206145242647
481130211001008,0.0017807963958960998
481130211001043,0.00039933948475825173
481130206002032,0.0021151663569294876
481130008011011,0.0011230924376769236
481130092032006,0.006467557903800566
481130001003014,0.0005335424260340886
481130012031018,0.0012761303291486338
481130112022017,0.0008750483693505068
481130054003002,0.0017283786695728655
481130004011000,0.0023275107629832197
481130202002006,0.0013878447926906842
481130115001004,0.005739624801078034
481130091012006,0.0013878447926906842
481130115002021,0.0005473037371459586
481130091052002,0.002358845532144132
481130067012005,0.0009346603984047245
481130056001026,0.0006594080185369425
481130124004020,0.008029736094683623
481130165333024,0.0014295053349607674
481130126011023,0.0013878447926906842
481130098023014,0.005249896397338013
481130122071001,0.00021275374573158682
481130122061013,0.001108049555027835
481130092042008,0.0007130999354440906
481130090023009,0.000518802138111096
481130136202007,0.0013878447926906842
481130096032008,0.00037551282955911806
481130022003002,0.004602931767555561
481130043001120,0.0013878447926906842
481130136081012,0.0010801667954126173
481130077023038,0.0017181863382607567
481130015021013,0.0008309940841893415
481130181372002,0.0013878447926906842
481130078101015,0.0013878447926906842
481130001002008,0.001700325982393533
481130081023016,0.0006210642113167971
481130123011009,0.0013878447926906842
481130099003071,0.00014461301696820766
481130096091031,0.000399295419513492
481130192084007,0.0013878447926906842
481130190184004,0.0013878447926906842
481130099003046,0.0013878447926906842
481130130072011,0.0033910788492877617
481130007051009,0.0002439130511053108
481130136062025,0.0019274510599905062
481130100032130,0.0013878447926906842
481130079025003,0.0013878447926906842
481130042012014,0.0013878447926906842
481130107013002,0.00019992364048998209
481130122102014,0.0013878447926906842
481130079021001,0.0013878447926906842
481130123025007,0.0014016705195434068
481130192081018,0.0013878447926906842
481130209002000,0.0026791182372250632
481130042022013,0.0013878447926906842
481130098022006,0.00730774262984709
481130107041000,0.0013878447926906842
481130136181013,0.000760140655944758
481130094011006,0.00036542900575579744
481130092022013,0.0004432575832394197
481130192131000,0.01695299265610444
481130054001009,0.0013878447926906842
481130136061007,0.0017743263278747487
481130091032011,0.00014840162874561172
481130073021016,0.0013878447926906842
481130125011007,0.00028334979547655866
481130064022002,0.0006963252718416454
481130067021041,0.002196471927378385
481130064021028,0.0013878447926906842
481130165212065,0.0013878447926906842
481130050002039,0.0013878447926906842
481130123013000,0.0013878447926906842
481130105002010,0.0017196477923228986
481130130132016,0.002999678831450279
481130057003018,0.0013878447926906842
481130125012030,0.0013878447926906842
481130171021025,0.001218231901108188
481130129001019,0.0013878447926906842
481130108092036,0.0015551497474416873
481130050002043,0.017438513324759503
481130051002015,0.027017015051472817
481130076012006,0.0013878447926906842
481130136211005,0.0012762581334552108
481130063022022,0.00041352688511500315
481130005022022,0.00013221105974387375
481130136072011,0.0013878447926906842
481130084011026,0.00646966968636948
481130062003031,0.00012898680902472963
481130205001016,0.0046232817209137505
481130165262013,0.0029670695611295453
481130016022015,0.00012766015131332172
481130022003029,0.0018442263889979853
481130208002031,0.00041178782563818585
481130112011013,0.0013878447926906842
481130092023026,0.004499439321829189
481130084012039,0.0004643097252511438
481130202001001,0.0005550306042307452
481130079021010,0.002755252799602812
481130046001001,0.0014927787909821395
481130004014012,0.16319822538352483
481130085001025,0.022166414633890574
481130179003011,0.0013878447926906842
481130080001026,0.000316889384075407
481130092032027,0.0012092378329663627
481130076042006,0.0018799465929153444
481130165282022,0.004692228734549874
481130165282017,0.0015551497474416873
481130109031000,0.0013878447926906842
481130067021004,0.0016431787748707703
481130100014002,0.00035948223656403155
481130090012033,0.0013878447926906842
481130094012016,0.0009026019807646419
481130116032009,0.0013878447926906842
481130116031014,0.0013878447926906842
481130087051030,0.0013878447926906842
481130111013018,0.0015252776628062574
481130015032001,0.04731540124464223
481130015042001,0.004888982802538687
481130114011034,0.007091826647978496
481130078051001,0.0021214576040290947
481130084022036,0.0012091991250003493
481130202001005,0.0005311586674396596
481130210001047,0.0006475708766735587
481130100011005,0.0024041976285420407
481130046001015,0.0008438906848629645
481130053003012,0.002492785779416409
481130061002017,0.0002951107601914091
481130166341002,0.0013878447926906842
481130043001129,0.0033097177315256333
481130011011000,0.002440715447583292
481130025003002,0.00021776397566296274
481130116011010,0.0013878447926906842
481130067021045,0.00046767689155657763
481130011014008,0.00021329024669941994
481130136103022,0.0012442976491370903
481130073011020,0.0013986945183601565
481130107043012,0.0064536870585976715
481130190405036,0.0010429979271555341
481130022001010,0.00044298904761779623
481130094012006,0.0009111084286424003
481130050002025,0.0013878447926906842
481130054001028,0.0013878447926906842
481130050001012,0.002107327798098514
481130062002008,0.000495554473799451
481130054001004,0.0013878447926906842
481130127021016,0.002107327798098514
481130167091046,0.0017602295690680918
481130130071019,0.0013878447926906842
481130013022006,0.004039562703681087
481130090012010,0.0012348347539696948
481130090012003,0.00035967804515575733
481130117021025,0.0013878447926906842
481130132011013,0.0011214301299524306
481130190163002,0.0013878447926906842
481130043001014,0.0013878447926906842
481130094012014,0.002277590049268175
481130119011011,0.0013878447926906842
481130022001014,0.0007634966226365598
481130165212012,0.002861103814475277
481130114011043,0.018086687451905063
481130113001001,0.0013878447926906842
481130065011005,0.0012465900388495968
481130057001002,0.0014538043458659157
481130166341044,0.001969076814934413
481130100032051,0.0013878447926906842
481130050002013,0.00015823361634242529
481130128022015,0.0007530235838267793
481130165282019,0.0013878447926906842
481130044001003,0.0007585071030392055
481130086042010,0.0013878447926906842
481130108093004,0.0013878447926906842
481130064021037,0.0007054211550233658
481130053004044,0.001909099700929224
481130053004041,0.00044186426956967657
481130042013009,0.0018470314552234799
481130165212068,0.0009927203020407005
481130065013001,0.0026633255382920106
481130096041007,0.0013878447926906842
481130190405011,0.00030415319910735846
481130048002026,0.00021667831833245443
481130067021000,0.0025070124287207593
481130067021027,0.0013878447926906842
481130130131024,0.0011282742809582344
481130203002050,0.0003072300697084473
481130054003039,0.0005074937402028289
481130055001037,0.001637004289228302
481130055001030,0.0016292109664744945
481130112011009,0.0022638318501450026
481130076041024,0.0010554400219687733
481130076042036,0.0007022293485643373
481130109063007,0.0005081951853802415
481130065012002,0.0007022293485643373
481130136172005,0.002136641364465795
481130080003009,0.017939398099652608
481130084022025,0.0001329029811282191
481130027033025,0.000598877864628338
481130001002018,0.0027112517181821427
481130012041027,0.0013878447926906842
481130076011010,0.0012986900301999041
481130076012009,0.003307002365035065
481130100032065,0.015070383177958259
481130165341000,0.0036321115528730845
481130108061008,0.00016331914725245184
481130062003003,0.0034541188979664997
481130073021000,0.005559703296123728
481130020022006,0.0052137038325122936
481130113003023,0.0015703776528149032
481130167102001,0.001393475824969002
481130072042001,0.017901283849016725
481130123012010,0.0011231102483717774
481130127022025,0.006116977059132806
481130124004022,0.0007413344323069302
481130124004023,0.006337504796678459
481130124001010,0.003970143211774726
481130025004042,0.0013878447926906842
481130093031004,0.0021103730496983167
481130125021007,0.0011889380718865365
481130080001022,0.0009522055379393449
481130043001125,0.0009089896961101274
481130053003023,0.0002889797131358042
481130130121008,0.0015583784215734693
481130073021015,0.0019035665462064756
481130043001020,0.001220905502590821
481130077023014,0.0016757522134727408
481130053002021,0.0013878447926906842
481130009012006,0.001102369214305289
481130167111028,0.003717280112525464
481130025004059,0.000384074284676961
481130106011048,0.0007559940987400172
481130078222003,0.003947932787709675
481130053002024,0.0013878447926906842
481130078011022,0.00047116521806178955
481130131061012,0.013947531340942678
481130015041005,0.0022198502405818697
481130003002007,0.002055324194384145
481130060012001,0.0013878447926906842
481130136063005,0.0013878447926906842
481130181442017,0.0013878447926906842
481130136202000,0.0013878447926906842
481130210003000,0.00018228540659170165
481130136063032,0.0013878447926906842
481130077023023,0.002979324708636009
481130064022038,0.0015494426257131003
481130100032140,0.0013878447926906842
481130136102013,0.0006475708766735587
481130135002022,0.0001109652777173594
481130091012005,0.0013878447926906842
481130099003069,0.0026970374492311716
481130025003008,0.00041101158278783554
481130129001010,0.0013878447926906842
481130099003017,0.00016264998293967763
481130096051018,0.0013878447926906842
481130136082006,0.0013878447926906842
481130100032119,0.0022847375097560262
481130006081005,0.00010298317882294934
481130167111006,0.00021984418784520076
481130084011003,0.0013878447926906842
481130002022015,0.0013878447926906842
481130209002019,0.0019010718099347526
481130004014014,0.09025946888998382
481130078091009,0.0007322842812369712
481130129002015,0.0013878447926906842
481130091031015,0.0013878447926906842
481130091031013,0.002834217558369251
481130118012000,0.0013878447926906842
481130096041014,0.0041647309534733595
481130084022005,0.0009519663670153689
481130203001012,0.004525380400462023
481130007062003,0.000492076457682186
481130107041022,0.0009250367113390591
481130119022016,0.002196471927378385
481130064021030,0.0013878447926906842
481130166341014,0.0005055917084735364
481130136102016,0.0013878447926906842
481130094011015,0.0013878447926906842
481130094022013,0.0010357416013461172
481130136172012,0.002412289986777871
481130027032031,0.0021235218053444168
481130117023044,0.0009943303583700674
481130072031007,0.0014969245675099687
481130164122040,0.0013878447926906842
481130099003003,0.0013878447926906842
481130072032001,0.0007442075546312034
481130050002021,0.0013878447926906842
481130101021019,0.0013878447926906842
481130071011020,0.0013878447926906842
481130057001019,0.0018361418349086488
481130208004023,0.0006029462646247373
481130171023008,0.0018103256115998864
481130111051016,0.00041691759681961987
481130081021007,0.00026268372410926554
481130129002045,0.002703653896111327
481130081011003,0.0016737753219714243
481130108071001,0.0013878447926906842
481130004103029,0.0013878447926906842
481139801001025,0.0013878447926906842
481130101012032,0.0014374712492787821
481130126031015,0.005163450956834491
481130002013013,0.0006949536335543387
481130128023001,0.00033617614823669423
481130211001013,0.0032252204637153218
481130208002005,0.004906747091126949
481130202002054,0.0010801667954126173
481130092022014,0.0010827491034948661
481130202002085,0.0026650814118104973
481130203003027,0.017527362137194687
481130059012029,0.0024970364793666044
481130123022000,0.0011747090709455224
481130059011001,0.0009519663670153689
481130078122004,0.0013239299357455565
481130094012019,0.0018392328837196095
481130080001005,0.000760140655944758
481130080005002,0.013314546908845152
481130117013012,0.0013878447926906842
481130101021000,0.0013878447926906842
481130097013010,0.002328487788691406
481130136171004,0.00047962774822259894
481130055001017,0.0013878447926906842
481130170101009,0.026024238306213875
481130202001008,0.0013878447926906842
481130056002003,0.0045405481726356195
481130054003048,0.00046805516771247584
481130132012007,0.0013878447926906842
481130165212053,0.002056495697444487
481130079031000,0.048928315556023894
481130092041029,0.0002943430178633218
481130120003016,0.00037226164881236904
481130054003005,0.005186074100534785
481130067021022,0.004300116979391528
481130110021004,0.0007339481060448092
481130165262001,0.002373451082217883
481130099003089,0.0003937273916445274
481130064021023,0.0013878447926906842
481130043001076,0.001218231901108188
481130078091001,0.00020546087703679486
481130131012037,0.0020048413411355576
481130076041026,0.0006783477228307361
481130014001007,0.0005202825920233013
481130052002024,0.0006087062225425133
481130006081007,0.00849583050926785
481130106021036,0.0013878447926906842
481130190405014,0.0015775258583589833
481130190405025,0.0013878447926906842
481130096092028,0.003264310190515914
481130121022017,0.00016256362519478563
481130136081018,0.0018378514071469988
481130117011016,0.0009345711439856242
481130167111052,0.0013878447926906842
481130176051007,0.0025462398834833443
481130110031002,0.00032026660358854084
481130167091033,0.0011773299634973023
481130047001016,0.0012986900301999041
481130004011002,0.0034003500097734454
481130044001015,0.0004280826767379287
481130125011005,0.001239292055662376
481130013013002,0.0008260938863427843
481130121022002,0.0012987001610367704
481130122121008,0.000571583187226986
481130113003022,0.0012496216292705203
481130065022028,0.0013878447926906842
481130004072003,0.0013878447926906842
481130045002048,0.0015952774092451289
481130059012028,0.000512315882443618
481130111052006,0.0002852966009446037
481130111051013,0.005739116571418272
481130060021004,0.003547669869602519
481130111032005,0.000134803275514377
481130047002015,0.000533827676696369
481130050002000,0.00010390383367871524
481130100032231,0.005255744621246762
481130027032016,0.0017393177358324987
481130063022010,0.0010467097384877961
481130053004019,0.00811313517754617
481130046001021,0.0006203537884858127
481130047001008,0.00019119818116369514
481130108061007,0.0017499816186573255
481130108071002,0.0011864544522477603
481130078012012,0.0004314610086326415
481130079023022,0.0010801667954126173
481130092042010,0.03072340416610994
481130092041013,0.000275121369328751
481130045002051,0.0013648459472282747
481130067021031,0.0011419972402172886
481130136071020,0.0013878447926906842
481130210003026,0.0026031880697096003
481130057002024,0.0013878447926906842
481130055001036,0.0008388246384078531
481130165271003,0.0029326644044774
481130208003002,0.001647687577559318
481130170101035,0.0004109708453382944
481130136172031,0.0012244360237149159
481130128023021,0.0004058132376574943
481130127011013,0.0048134369166607256
481130109031018,0.0013878447926906842
481130056003024,0.0023531625141854154
481130192081026,0.0008085997950859241
481130051002005,0.0002516579351439483
481130134001051,0.0002943306693525401
481130206002012,0.002703653896111327
481130113002019,0.00021756193619103752
481130037002009,0.0005867367940462277
481130171012013,0.0013878447926906842
481130202001006,0.0013878447926906842
481130111032009,0.0013878447926906842
481130099003095,0.016926427522218117
481130071011001,0.0010254112626085087
481130073023009,0.014161085701419471
481130110021013,0.0003435705902911829
481130132011015,0.0005577386873967356
481130159002004,0.000774888444416867
481130001001019,0.0013878447926906842
481130082004008,0.0008120737394122559
481130129004010,0.0003120551918394988
481130079142000,0.0034399875893069984
481130122091015,0.00134859049051622
481130122131007,0.0003100679704862904
481130027032043,0.005814049823295826
481130060012002,0.0013878447926906842
481130064011028,0.0001277298218663989
481130072041004,0.0008670890339162314
481130126043004,0.0013878447926906842
481130127012012,0.0003788712950718647
481130063013003,0.0013878447926906842
481130071023000,0.0008448123420441131
481130211002021,0.0013878447926906842
481130008021005,0.0006592576306188624
481130115002013,0.0012513471083415312
481130093031000,0.002737556534000565
481130093044004,0.002773372391835802
481130044002016,0.007677739395000239
481130042011005,0.00044858301625804565
481130025004004,0.0004079508824242789
481130115002027,0.0013878447926906842
481130132022004,0.0041664850906211505
481130124001025,0.0100074744448973
481130129004012,0.0013878447926906842
481130122062011,0.10838151534157257
481130208004001,0.00067524279066513
481130087013001,0.00020792192572506037
481130096082010,0.0013380762942056704
481130136152015,0.0013878447926906842
481130135001004,0.0013878447926906842
481130078011002,0.0023531625141854154
481130053004049,0.00025704522697150254
481130127013006,0.0002011790808106924
481130132012013,0.000310712080734048
481130136103005,0.0013878447926906842
481130020011000,0.0013878447926906842
481130163012015,0.0013878447926906842
481130130072017,0.0013878447926906842
481130211002029,0.0013878447926906842
481130211002008,0.0011953204828510204
481130130072012,0.0013878447926906842
481130094012004,0.0013878447926906842
481130098031018,0.0006112692590124217
481139801001044,0.0009575373169052319
481130006091001,0.0013878447926906842
481130106022028,0.0003279824880556029
481130136201019,0.0035816819402744943
481130185063054,0.0013878447926906842
481130185063014,0.0013878447926906842
481130096043004,0.0013878447926906842
481130014003029,0.0051673743220037914
481130170101022,0.0022795541405734514
481130100032204,0.0013878447926906842
481130118021000,0.0013841697776921945
481130003001012,0.0022508597849924083
481130205002002,0.001271161517489654
481130192084004,0.0013878447926906842
481130092032002,0.0001621869747780611
481130092041018,0.00414646922031656
481130064022025,0.0013397443839661433
481130096032012,0.002704670214048087
481130012041017,0.0008268093820329683
481130054001035,0.0005502172453638622
481130063011006,0.0015125639223208941
481130134001021,0.0013878447926906842
481130110033014,0.0015587332780241045
481130116042018,0.0017675192809521827
481130181431014,0.0013878447926906842
481130077021000,0.005527396171653211
481130110021011,0.0010173541224040466
481130077012012,0.0009248613339775372
481130081011006,0.0013878447926906842
481130009021000,0.006635618392634748
481130080004031,0.0013878447926906842
481130014003001,0.0001634081131893851
481130209001056,0.0005857582961121412
481130076012007,0.0028478332808971876
481130096071005,0.011935050403109663
481130073021002,0.0013878447926906842
481130101011012,0.0008603403012006287
481130106022006,0.0023761725726504012
481130096091026,0.004525380400462023
481130010012009,0.010996812142954865
481130025001005,0.0013878447926906842
481130092023015,0.0009174934564419937
481130092023030,0.0028771231228545955
481130025003020,0.0008823201010740618
481130204022061,0.0013878447926906842
481130079031008,0.0017743263278747487
481130190161010,0.001540925640546866
481130171021031,0.0013878447926906842
481130130051012,0.013432215390398478
481130190182002,0.0006663635220443902
481130078241007,0.002597043373288377
481130110033003,0.00011169378229272248
481130110032019,0.0021106214045827423
481130199001046,0.0035509373409735737
481130042022011,0.0010631041958447604
481130099003008,0.0015180268754677972
481130042022006,0.0013878447926906842
481130170102020,0.004780255399434791
481130079062008,0.00017122186492658981
481130171022006,0.0007327246177856085
481130125011024,0.0024409965563078496
481130071024003,0.0036012852758525193
481130096031037,0.0029396080197565968
481130091012009,0.002790059854454076
481130116042024,0.0013878447926906842
481130063011021,0.0006440873135885384
481130093041004,0.001104722798634659
481130108061015,0.0033373755687841015
481130067011017,0.00035105206572211934
481130108093018,0.0021674154954164867
481130111012011,0.0013878447926906842
481130171022008,0.003631815292174754
481130027032040,0.0006374776111258682
481130123024001,0.0006475708766735587
481130078241027,0.007744389983343597
481130131012013,0.002186654165820199
481130005032006,0.0003659146173241247
481130106011023,0.002719888933371586
481130106011041,0.0036513982787753957
481130016021012,0.00017919589914148563
481130108093014,0.0035981932680480317
481130206002039,0.0013878447926906842
481130084021007,0.0003482489831460104
481130054003024,0.0004393915408708839
481130119021007,0.001506150816687916
481130111032014,0.0003571667162850491
481130111012019,0.008735868178568584
481130065022044,0.001991678973320674
481130096031010,0.00036648251615775164
481130203002014,0.003346520687106694
481130067021058,0.0013878447926906842
481130096091003,0.00036542900575579744
481130045002012,0.008360448822521942
481130045003007,0.0009560529316774831
481130110022003,0.0013878447926906842
481130064022021,0.007253525196754203
481130096033028,0.0013878447926906842
481130053003029,0.0013878447926906842
481130078012014,0.0021498107241419593
481130122132030,0.0009779943313593267
481130081022039,0.0013878447926906842
481130082004010,0.00030900634183565745
481130093043005,0.0012200301455144382
481130087012015,0.001956900639249554
481130132024022,0.0013878447926906842
481130067021020,0.0010944943523597363
481130045003023,0.004757414440361262
481130071021005,0.0015180268754677972
481130025004018,0.0002079551061961395
481130059013013,0.0056859314039577995
481130202001025,0.0007371379789370205
481130055001035,0.00146414003720947
481130055001024,0.0005066546462785702
481130055002033,0.0007370900338588306
481130078121021,0.002002379949622411
481130109062010,0.014826926300298322
481130113001003,0.0013878447926906842
481130076042013,0.0012465900388495968
481130100031036,0.004611379148911301
481130108053009,0.0012300818747247642
481130100032057,0.0013878447926906842
481130136062022,0.0051211276896375845
481130097021001,0.0020691377771350663
481130136172004,0.0017743263278747487
481130024002005,0.0007152821976293375
481130208003019,0.0030295651043566038
481130136051011,0.0021106214045827423
481130059021019,0.0001329755513098723
481130059011020,0.000603949893659925
481130100032234,0.0013878447926906842
481130091031004,0.0008312457446158137
481130059021012,0.0013878447926906842
481130067011004,0.0013878447926906842
481130004101012,0.007241092648408311
481130004092023,0.0013878447926906842
481130136081014,0.002446338444412198
481130132011009,0.003928033657769504
481130015032003,0.003897297932525488
481130015033004,0.0030055176989194823
481130167111033,0.0035526220745395755
481130105002004,0.0007796031825766135
481130099003105,0.0013878447926906842
481130099003101,0.0013878447926906842
481130072031006,0.0012598543125255355
481130004103054,0.0013878447926906842
481130096031014,0.002017057415814994
481130141572002,0.007015181246342279
481130123012016,0.00447501040538026
481130130053015,0.0046836922883906505
481130129003008,0.0027797528442390453
481130088022026,0.0004002441700360761
481130117013038,0.0002553407217039014
481130095001023,0.00021536800097409715
481130060012009,0.00018989301663669618
481130043001122,0.0066914420365195475
481130053002030,0.0017255003314106659
481130025002015,0.00035967158245781694
481130092032009,0.0015976113239563015
481130093011003,0.014097902952684446
481130100012012,0.0013878447926906842
481130051002026,0.0014893396545939029
481130176052008,0.005622019212126454
481130043001108,0.0013878447926906842
481130105001016,0.001582117422565027
481130206001032,0.0013878447926906842
481130093031014,0.0019745790269514968
481130136082018,0.001372362353458199
481130167101003,0.0013398914054309654
481130084021013,0.000553105922906934
481130078122013,0.002943678047276326
481130096031029,0.0013878447926906842
481130111032001,0.0012149353707965834
481130101021014,0.003959381568420584
481130136172028,0.0015775258583589833
481130072062000,0.002835268487113677
481130081023005,0.0013878447926906842
481130132021003,0.0013878447926906842
481130136061004,0.0010472476532119275
481130136072004,0.0013878447926906842
481130022003006,0.0013878447926906842
481130096051005,0.0017602295690680918
481130096031035,0.0013878447926906842
481130136102012,0.0013878447926906842
481130122071009,0.0025344609518592447
481130120003003,0.0024200520644613414
481130206002010,0.0013878447926906842
481130206001002,0.0013878447926906842
481130125021011,0.04529250292524589
481130109061008,0.021246964717206992
481130136092006,0.0013878447926906842
481130111031009,0.0013311002442020253
481130123025017,0.0013878447926906842
481130037002060,0.0013878447926906842
481130111041000,0.008205218294316632
481130073011008,0.0013878447926906842
481130081023000,0.0013878447926906842
481130019022019,0.0013878447926906842
481130136101039,0.0013878447926906842
481130098031006,0.0013878447926906842
481130024001001,0.0013878447926906842
481130044003011,0.0013878447926906842
481130136081036,0.0013878447926906842
481130096051004,0.0029689183006539805
481130211002002,0.0013878447926906842
481130121021005,0.0013878447926906842
481130063021026,0.0006475708766735587
481130027033024,0.0037157583463137992
481130013011000,0.006442355712804226
481130079121004,0.0013878447926906842
481130043001103,0.0005033124244614344
481130084021041,0.0013878447926906842
481130027032053,0.0002015677948087769
481130124001012,0.0003788736876100487
481130125011017,0.0017165211989320795
481130190163009,0.0013878447926906842
481130094022007,0.0012986900301999041
481130077012008,0.0013878447926906842
481130090011009,0.0045967177932859545
481130053004022,0.000425033167177832
481130042011017,0.003565067618712009
481130082003043,0.0013878447926906842
481130043001031,0.0010319429907571104
481130037002053,0.004300655737989751
481130096031016,0.0013878447926906842
481130060012023,0.0003783095548122645
481130060012020,0.0006237055783415947
481130097022032,0.0018949098483167829
481130062003030,0.0013878447926906842
481130050002040,0.0013878447926906842
481130045002032,0.0004238425290907092
481130208003039,0.0012496216292705203
481130078091000,0.0011635933280383713
481130100021020,0.0013878447926906842
481130108071008,0.0013878447926906842
481130136202012,0.0013878447926906842
481130081022019,0.0012716166333723606
481130169021001,0.0013878447926906842
481130166342043,0.0013878447926906842
481130100032074,0.0003102672145694923
481130212001032,0.0021498107241419593
481130096071009,0.0005822258491297157
481130071022000,0.004451813989300439
481130101011009,0.0007286514814539869
481130096092001,0.0015180268754677972
481130085001026,0.0005886239480449748
481130112012011,0.0022558515239649054
481130004013001,0.00221632856758667
481130004092015,0.00038992936552667193
481130010012003,0.00019362743488620163
481130080005011,0.0017720961507798705
481130130052012,0.0013115377445360676
481130121021003,0.0001194649931907111
481130088011007,0.0035256378275759807
481130088023005,0.00013763912178629473
481130170051001,0.0012478002671079376
481130004092035,0.003320414022842414
481130082001007,0.0024160696497663886
481130091013024,0.0013878447926906842
481130076012014,0.00010212131453205286
481130096031012,0.003685334816229591
481130117022019,0.0026922078125416007
481130171013014,0.0013878447926906842
481130098023005,0.001703137435584106
481130097022033,0.002004480579805822
481130096112019,0.0007685298027007429
481130130051003,0.0029670695611295453
481130165333028,0.0013878447926906842
481130091013019,0.002601436435962617
481130135001006,0.00021571932249674937
481130097021019,0.0013878447926906842
481130110042003,0.0017816573816980916
481130059011025,0.0007638633414113045
481130134001046,0.0003045056910504762
481130088012005,0.0013878447926906842
481130115002065,0.006902478243484204
481130093031003,0.001344357082915381
481130088012014,0.008110773579535515
481130078102015,0.0022687774549633574
481130099001112,0.0013878447926906842
481130136101029,0.0023531625141854154
481130130131022,0.0013878447926906842
481130165261018,0.0013878447926906842
481130037001019,0.0048044587530138355
481130006062005,0.004490819622374381
481130098023020,0.0013878447926906842
481130072042005,0.0006357333064996732
481130054002041,0.0026229612077286555
481130055001042,0.0013878447926906842
481130078092015,0.0013878447926906842
481130167102019,0.00039831285411523763
481130120003023,0.001057676157741932
481130124002001,0.008516580570387365
481130016011019,0.0004999387365923051
481130082001010,0.0015750757138032496
481130128022017,0.0008356235532878203
481130130092009,0.0017481674850630033
481130014001003,0.0001478408867013599
481130025001025,0.000427454260690804
481130096071018,0.0003736801123689288
481130062003027,0.0024178884980034514
481130076051006,0.0013878447926906842
481130167091015,0.0013878447926906842
481130167091003,0.0013878447926906842
481130064011008,0.0008733203375160603
481130112022031,0.0013878447926906842
481130087051023,0.0013878447926906842
481130078092022,0.01150936400829724
481130051002003,0.0007123944023016569
481130060022018,0.002107327798098514
481130109031033,0.0021498107241419593
481130109031052,0.0010387777146438713
481130076012017,0.00055016658237041
481130113002026,0.0013878447926906842
481130107041038,0.01586677467442661
481130053004024,0.008872063007877365
481130065012001,0.0010443071010434852
481130096042013,0.0015160473775658375
481130096031004,0.0013878447926906842
481130081021011,0.005139927490563988
481130081022016,0.0015017176850010167
481130118022022,0.00026520589723016036
481130129002028,0.0005115387899748814
481130165282016,0.0009195692520281826
481130136053020,0.0007992615384507508
481130116032024,0.00014508018771475914
481130209001051,0.0014291415922955413
481130078241004,0.0013878447926906842
481130170102018,0.0013878447926906842
481130136062012,0.0019341083354162832
481130097021006,0.03255765236485566
481130136192004,0.0013878447926906842
481130097022023,0.002703653896111327
481130108081002,0.0004612035274325886
481130060011009,0.0013878447926906842
481130100013003,0.0013878447926906842
481130100032155,0.009688156575837404
481130134001048,0.0008951432401600678
481130095001020,0.0006216467520391774
481130037001022,0.000579275062785302
481130037001016,0.0005306921006271902
481130136101006,0.0013878447926906842
481130050001014,0.00015367785080517467
481130165283002,0.0013878447926906842
481130099001017,0.0013878447926906842
481130088023000,0.0013878447926906842
481139801001005,0.0013878447926906842
481130073021001,0.0026546699250952293
481130111032021,0.00046231128275744276
481130096041005,0.0016903119497194078
481130078053012,0.0026937209144036536
481130076042003,0.000578463423273996
481130072042014,0.001152094684372437
481130124004002,0.0015444013357219445
481130124002015,0.0017994086517016156
481130084022038,0.0013878447926906842
481130129003004,0.001679714835556403
481130129002044,0.0013878447926906842
481130190192000,0.001572719305019881
481130091032000,0.010051810641725088
481130132011001,0.003506280157718811
481130125022006,0.0028972740878315958
481130043001009,0.0013878447926906842
481130051001014,0.0014434553808097674
481130053004004,0.0010679438376769684
481130053004030,0.0013878447926906842
481130072052008,0.0016468664692394755
481130010022016,0.022236922962610248
481130131012005,0.0013878447926906842
481130136102000,0.0018131467967989132
481130185063020,0.0008951432401600678
481130119022018,0.00039602023325635365
481130077023046,0.0013878447926906842
481130122102013,0.0029670695611295453
481130027032036,0.0018113525433227427
481130093044007,0.0013878447926906842
481130122121006,0.004911143826655879
481130085002003,0.0011864544522477603
481130059021004,0.0042889450044487215
481130112022010,0.001109219444974747
481130112022024,0.0029906860025264216
481130210001009,0.0013878447926906842
481130093044008,0.004448170481425395
481130211002078,0.002613822968146496
481130078101002,0.0010192485037287407
481130190412019,0.0013878447926906842
481130081012005,0.0011128205411193085
481130190342003,0.0014705895451670112
481130099001055,0.0013878447926906842
481130096051003,0.0013878447926906842
481130141572001,0.0013878447926906842
481130080005013,0.002196471927378385
481130101011000,0.0007601284890686482
481130050001021,0.0013878447926906842
481130081024015,0.0013878447926906842
481130002011020,0.0007327246177856085
481130097022005,0.00010572841364728091
481130190343009,0.0018506955464570479
481130093032002,0.0013878447926906842
481130185063068,0.0008345447254732045
481130099001118,0.0013878447926906842
481130097021022,0.0013878447926906842
481130071023002,0.0016737753219714243
481130100012059,0.0013878447926906842
481130006051011,0.0010369154857189633
481130078102014,0.004744234251280262
481130076011018,0.0013878447926906842
481130096083019,0.0013878447926906842
481130159002015,0.008577975631197561
481130167091020,0.0014309871152075164
481139801001002,0.0013878447926906842
481130185051000,0.0010422371458346724
481130096041010,0.0013878447926906842
481130122121020,0.0013878447926906842
481130025004050,0.0017665155322713047
481130081022024,0.0012384379507844397
481130203003016,0.0013878447926906842
481130100032191,0.00015169266276394218
481130073011004,0.0013878447926906842
481130122074033,0.0013878447926906842
481130136072025,0.0014665934886480593
481130136071005,0.0003569933724910447
481130122071024,0.001088406589479129
481130131021001,0.0008715606656705633
481130121021011,0.00024229018799963177
481130211002003,0.006171834306376835
481130098031002,0.0013878447926906842
481130098023013,0.012002292232145753
481130004103010,0.0013878447926906842
481130092022011,0.0014020624539234194
481130027032012,0.010964726521892433
481130065011002,0.0033910788492877617
481130009012009,0.0012571335555374222
481130170052009,0.0033965271872099375
481130072052001,0.0013878447926906842
481130045002014,0.0013878447926906842
481130165341017,0.0013878447926906842
481130062002005,0.0003040983215120936
481130099003015,0.0013878447926906842
481130048002030,0.001218231901108188
481130165212064,0.0013878447926906842
481130201001030,0.0013878447926906842
481130100012023,0.0013878447926906842
481130079022011,0.0013878447926906842
481130080004005,0.0013878447926906842
481130071025004,0.0009783445282888447
481130132024008,0.0013878447926906842
481130132024014,0.0013878447926906842
481130125012010,0.0010725572206004403
481130093013009,0.006674538097181724
481130013011006,0.01573237135417706
481130171012008,0.001260623381922412
481130100021032,0.001748679153534583
481130105002027,0.00025938990660332795
481130063022005,0.0017822384559374638
481130071022006,0.0013878447926906842
481130165342030,0.0014915648517500248
481130043001073,0.001084146144644721
481130166341010,0.0009446367074796986
481130136063010,0.0008578978375080039
481130099001116,0.000187441431073207
481130085002041,0.0013878447926906842
481130204022128,0.0013878447926906842
481130015041000,0.0024651141846357147
481130014002003,0.0013878447926906842
481130003001014,0.00016162131115443054
481130010012000,0.0006848256208348261
481130210001046,0.0013878447926906842
481130208002045,0.0012761303291486338
481130208001020,0.007673701496939894
481130087043007,0.0013878447926906842
481130130131006,0.0013878447926906842
481130067012007,0.0016183772871205032
481130190194004,0.0013878447926906842
481130065012018,0.0013878447926906842
481130116031009,0.0013878447926906842
481130091031012,0.0013878447926906842
481130208003030,0.0009862502644552241
481130093011030,0.0013878447926906842
481130088011001,0.0011864544522477603
481130101021029,0.001714201406861686
481130163012001,0.0013878447926906842
481130132011000,0.0013878447926906842
481130077023019,0.0013878447926906842
481130120002002,0.0013878447926906842
481130165342024,0.0005058350621606576
481130165341011,0.0024904456617672126
481130117022022,0.00244104983368254
481130099001002,0.0013878447926906842
481130095002033,0.0014498243124726677
481130096103003,0.00011122501317404415
481130130113025,0.0013878447926906842
481130202002040,0.0013878447926906842
481130116042023,0.0013878447926906842
481130121021002,0.02888490427231216
481130130102002,0.0018181615578756216
481130061002016,0.0008750483693505068
481130061001000,0.0013878447926906842
481130061002001,0.004759773474191559
481130107041040,0.0013878447926906842
481130065012020,0.0013878447926906842
481130110032024,0.015962389557291443
481130099001126,0.0013878447926906842
481130100032079,0.00025165566129421154
481130117012008,0.0006529142392402781
481130078241010,0.00010244745952323853
481130118021001,0.00022913007752485153
481130131011019,0.00026684598368362217
481130131012024,0.002874711318837554
481130076041011,0.0013878447926906842
481130108042005,0.0024160696497663886
481130053002017,0.0017255003314106659
481130005032001,0.0007318397883274034
481130106022013,0.0005332273646805063
481130022001017,0.0007911642184664702
481130002012013,0.00036547509009801974
481130001002022,0.0014143933492439414
481130004103052,0.0007239660742301251
481130165211016,0.0013878447926906842
481130185063009,0.0008301737556878933
481130092023006,0.004408987075492365
481130087011009,0.001165064149519804
481130048002034,0.0013878447926906842
481130084012024,0.03151692769500269
481130064011013,0.0006537437490376298
481130079032018,0.0013878447926906842
481130002011007,0.001098077695821714
481130130072005,0.002312987300071409
481130121022004,0.0003256979077565393
481130057001023,0.0013878447926906842
481130062003014,0.0013878447926906842
481130091042016,0.00026972590423188664
481130063022008,0.005748690690729483
481130111041014,0.0013298394882675117
481130112012015,0.0004337934757378299
481130006091017,0.009166574805670763
481130166341028,0.005148967112550489
481130100032068,0.0011556187836714736
481130052001015,0.002176176080893403
481130060022007,0.00012527101832490508
481130110031016,0.0001323759390174832
481130110021025,0.0017994086517016156
481130135001017,0.006367463723786168
481130206002044,0.0016930177275283097
481130128011024,0.0013878447926906842
481130059012021,0.0007506354921902862
481130078292011,0.0015176900227995339
481130068002034,0.001926446476284611
481130060012005,0.0033371727085861006
481130108061024,0.0009798838130079238
481130107043003,0.0013878447926906842
481130107012015,0.001279751161147907
481130107042004,0.0013878447926906842
481130134001042,0.0027856145551337997
481130133001010,0.0005473037371459586
481130136211004,0.0006053514140294343
481130096033003,0.001044504768728322
481130099001099,0.001752223597796825
481130190405009,0.0013878447926906842
481130165111012,0.0010522063391979507
481130045001008,0.00022875698183258034
481130078292004,0.07926827067095542
481130022003036,0.0018932285418232588
481130025004019,0.0007961508195190801
481130093041026,0.0013878447926906842
481130165212071,0.0013878447926906842
481130079023008,0.0013878447926906842
481130080006020,0.0009244608596209714
481130113003039,0.0008396073135939668
481130076041025,0.0008750483693505068
481130063011005,0.009496201660322535
481130085002019,0.0002864203640146615
481130024002009,0.0013878447926906842
481130012031011,0.00028701309645514994
481130108072025,0.004986166759578194
481130087011004,0.0013878447926906842
481130064022035,0.0020469081149509763
481130050002016,0.0013878447926906842
481130087032022,0.003306242763763558
481130087032023,0.0013878447926906842
481130111011000,0.0007327246177856085
481130167111021,0.0013878447926906842
481130130092012,0.0013878447926906842
481130111042010,0.0013878447926906842
481130064021035,0.0001949286837633535
481130062001027,0.003357712844228314
481130108062006,0.0006891731857195059
481130106022029,0.0011953204828510204
481130096081008,0.008056372914955642
481130123011016,0.0002840021744867207
481130025004048,0.0013878447926906842
481130054002021,0.00046198932715898485
481130088022031,0.038960564235308706
481130014002005,0.0013878447926906842
481130057002014,0.0003238239680074604
481130011012014,0.0013560765381717718
481130062001030,0.0021261215231118532
481130042022025,0.0007780445177792049
481130042022010,0.0009743692966964803
481130208003074,0.000817778136512048
481130123012008,0.00955152682435298
481130063013001,0.0013878447926906842
481130165333022,0.0001256460177634501
481130099001023,0.0013878447926906842
481130042012004,0.002375443694888332
481130077023007,0.004720576212910868
481130115002068,0.00024863281887867005
481130101021030,0.0013878447926906842
481130025004062,0.004960852461488548
481130027032022,0.00035729226681219023
481130131061014,0.0007058510153101817
481130025004064,0.0014020205873108164
481130015022007,0.0011085038070790037
481130090023007,0.00011209719009921104
481130115002057,0.0013878447926906842
481130078103003,0.0013878447926906842
481130206002011,0.0013878447926906842
481130062003001,0.0013878447926906842
481130122112007,0.0013878447926906842
481130136051001,0.0013878447926906842
481130136191000,0.0013878447926906842
481130042021012,0.0016844998900188766
481130206002052,0.0013878447926906842
481130132021005,0.0013878447926906842
481130126043014,0.0005001687113790319
481130106012025,0.0032623479185623027
481130099003048,0.0003879140405258029
481130024001004,0.0006475708766735587
481130136102017,0.0017846070527656954
481130004092040,0.0013878447926906842
481130096112000,0.0013878447926906842
481130097011006,0.0013878447926906842
481130064021036,0.0013878447926906842
481130136204000,0.0001676716471971048
481130027032066,0.0014538043458659157
481130092021005,0.0008715878469529359
481130119022007,0.0013878447926906842
481130165281006,0.0011096164595835493
481130013012015,0.0013661552116480472
481130079031004,0.0013878447926906842
481130079092000,0.0024929405003591377
481130025004028,0.00035300434400213025
481130003002005,0.0013878447926906842
481130206001027,0.0018836444102145677
481130203001006,0.0007658887767129325
481130002022035,0.011475449801803777
481130045002052,0.0006708189268964014
481130129002024,0.0003226271132869728
481130122072001,0.0002161765484181938
481130164122042,0.0013878447926906842
481130163012010,0.0013878447926906842
481130004102004,0.0007654304407937227
481130004014010,0.0007878974470036444
481130111041018,0.0014002637552791846
481130064021021,0.0004963048818768905
481130055003009,0.0013878447926906842
481130065021007,0.002813703691513734
481130071025016,0.00010623070600551987
481130132024012,0.002010712728391492
481130128022014,0.002446338444412198
481130054003011,0.001044504768728322
481130125012017,0.00027701697486208054
481130002013000,0.007711958476937859
481130092021012,0.0023651473478038926
481130108061017,0.00016863664333956644
481130165342013,0.0013878447926906842
481130136211007,0.00042902247127088455
481130011012009,0.006641623677771807
481130002012022,0.0010072778715364747
481130136181009,0.001700325982393533
481130004103028,0.000528335572250904
481130099001032,0.0013878447926906842
481130013022005,0.01187398647100726
481130208002040,0.002136641364465795
481130114011020,0.0010667260943255106
481130130082004,0.0006066678674847921
481130206001031,0.006095899780561367
481130056001002,0.005535715301167635
481130115002074,0.007032706182201848
481130076051005,0.00231670221553169
481130078101021,0.0031600229756710238
481130136052008,0.0024375449224343353
481130098023026,0.0013878447926906842
481130130052007,0.0035601001141479334
481130209001055,0.0013056074274870708
481130057001031,0.00013635374503676644
481130092021019,0.0002060168919900665
481130092032017,0.001387074982950219
481130110031021,0.002117705835978372
481130046001041,0.00015023531122949256
481130052001012,0.0005916214123647269
481130165273019,0.0013878447926906842
481130094012011,0.0011524559594164208
481130129002012,0.0008750483693505068
481130128023012,0.0012465900388495968
481130105002031,0.0009675555613154152
481130003002009,0.0042867688747451225
481130093042002,0.0013654068373902533
481130093043018,0.0013878447926906842
481130170052003,0.0005837338605073247
481130130053020,0.001218231901108188
481130129003009,0.0016780204340444197
481130210003024,0.007222032730702282
481130210003023,0.00978096750579348
481130208003073,0.0016184077303239691
481130004092025,0.0013878447926906842
481130052002020,0.0013878447926906842
481130165282014,0.0013878447926906842
481130098021001,0.1270626421927188
481130100013005,0.0013878447926906842
481130100014001,0.0013878447926906842
481130004014009,0.000508457956580824
481130025001016,0.0018561296764111521
481130116031020,0.0013920939097996556
481130099003083,0.0036471703822925704
481130079022010,0.0006235568624424045
481130181421002,0.0013878447926906842
481130107012053,0.0016654240120012956
481130107041013,0.0013878447926906842
481130106011043,0.0013878447926906842
481130204022122,0.005786002925401955
481130022003000,0.010953839054147237
481130071022011,0.0008225103211342537
481130167111017,0.000582856735205393
481130076041033,0.004605239445495894
481130002022036,0.0011689609192933543
481130111041005,0.0005966861560427684
481130129001011,0.0006815882252111671
481130128021028,0.0018178444909032615
481130093032027,0.0005281705495775529
481130130053014,0.014885267744210397
481130096072009,0.0013878447926906842
481130073012032,0.0008729819857450353
481130084022027,0.00219300119543273
481130171021034,0.0015017176850010167
481130117023042,0.0002719433963422429
481130064011018,0.0013878447926906842
481130061002002,0.0002102863870847492
481130073024009,0.00012479249823724072
481130108072024,0.0013878447926906842
481130042012013,0.0017138745398932258
481130100032082,0.0013878447926906842
481130065012029,0.0013878447926906842
481130096032004,0.0013878447926906842
481130136191005,0.002402781139386216
481130098023012,0.00021909981296159775
481130165112002,0.0008885062915494607
481130071021017,0.0006094991525124109
481130100032078,0.00013055039972396622
481130165112024,0.004525380400462023
481130190411009,0.0013878447926906842
481130210003006,0.0002517886819314988
481130210003019,0.017862454935181158
481130210003033,0.0005100843461645074
481130055001016,0.0013878447926906842
481130055001031,0.0021608375725988916
481130011014001,0.0011059945854226029
481130085001009,0.005583740323708686
481130179001010,0.0003174355201463472
481130208002038,0.00366797132851032
481130076042010,0.00017133531053677517
481130170101007,0.0019389461738054496
481130097021009,0.01277606896955947
481130136081013,0.0012478002671079376
481130012023018,0.002522360482917316
481130099003035,0.0013878447926906842
481130093013016,0.0015143746682934503
481130061002024,0.0006475708766735587
481130050001009,0.0016144122178611629
481130100032147,0.0013878447926906842
481130134001025,0.0013878447926906842
481130037002052,0.0004962699765312013
481130037002043,0.0021068637553556834
481130106012010,0.0013878447926906842
481130065014002,0.0008700497368367988
481130108081004,0.0013878447926906842
481130205001000,0.0013878447926906842
481130073023019,0.0013878447926906842
481130020011004,0.0029670695611295453
481130096091022,0.001445482375717967
481130124001002,0.0013878447926906842
481130136062024,0.0003102512744283887
481130116031011,0.0013878447926906842
481130008011002,0.00038453909644784785
481130072042002,0.0030782198576949364
481130126011009,0.0040383583561234785
481130129003022,0.0011680042749523589
481130055003015,0.0003352557441003819
481130087043004,0.005954373320168062
481130204022120,0.00099044930795077
481130022003023,0.0008085997950859241
481130078052007,0.0015786999911525665
481130120003021,0.0005332273646805063
481130088022029,0.0034610520628897616
481130124004019,0.0030854230276501633
481130107043011,0.0013878447926906842
481130052002031,0.001420575209413347
481130053004039,0.0012088255590061846
481130004103033,0.0004856005970223811
481130165342012,0.00378435216671046
481130165271009,0.0022080463503166984
481130167111026,0.0017743263278747487
481130093044003,0.0004118455642209717
481130122091014,0.002290185196922525
481130079024004,0.0027215127160675773
481130097012010,0.000543032633216558
481130056001010,0.004551432192291683
481130210002025,0.0025203651119764144
481130130121010,0.0007153317610114548
481130015032006,0.000707549873910704
481130079121003,0.0013878447926906842
481130165333030,0.0013878447926906842
481130003002012,0.0012253277621200168
481130112022008,0.0012465900388495968
481130208004003,0.002372268511670554
481130090011008,0.0006912637724470245
481130092042012,0.0018149955199708709
481130190405038,0.0013878447926906842
481130054003009,0.0013878447926906842
481130091013013,0.0013878447926906842
481130090011005,0.00027302190851749835
481130024001028,0.0006232707067690257
481130127022018,0.0013878447926906842
481130136171008,0.0013878447926906842
481130136202009,0.0013878447926906842
481130077023029,0.0029670695611295453
481130136201010,0.009241604433607664
481130127022028,0.0013878447926906842
481130080006013,0.001700325982393533
481130205003012,0.0013878447926906842
481130078342000,0.0013878447926906842
481130096092003,0.0013878447926906842
481130037002040,0.0005087073359133872
481130084011037,0.0040615506350746644
481130181442011,0.0013878447926906842
481130190192006,0.001506150816687916
481130027033003,0.0013878447926906842
481130084022018,0.0026791182372250632
481130129001027,0.0027277500656708365
481130106021038,0.0013878447926906842
481130071012009,0.0013005280139631592
481130071012005,0.0013878447926906842
481130203001033,0.020926507200080994
481130100032055,0.0013878447926906842
481130097012007,0.0004699057229217007
481130076011017,0.0013878447926906842
481130079032004,0.0013878447926906842
481130091012002,0.0013178304173066323
481130079022003,0.0014969245675099687
481130091012007,0.0013878447926906842
481130136172018,0.0013878447926906842
481130125021027,0.0013878447926906842
481130078122025,0.0013878447926906842
481130122102007,0.0013878447926906842
481130079031010,0.002293227281767939
481130119022005,0.0003344675382121274
481130119012019,0.04878508407440748
481130013012011,0.001931954694347694
481130076041009,0.002970386324173016
481130076051026,0.00221632856758667
481130096073010,0.001659838731994065
481130015041019,0.0018628300441243231
481130140011065,0.000760140655944758
481130020012003,0.0008012343980870394
481130096071020,0.0012478002671079376
481130136285040,0.0013878447926906842
481130057002036,0.0006779762495475367
481130004011001,0.0013878447926906842
481130136061010,0.0013878447926906842
481130163012008,0.003085166899384781
481130046001033,0.0011640329879576842
481130065012030,0.0013878447926906842
481130065011012,0.0019625823027380543
481130106012013,0.0013878447926906842
481130105002012,0.0008703754274869006
481130081024000,0.0013878447926906842
481130167091049,0.0013878447926906842
481130027033018,0.0013878447926906842
481130125012021,0.0013878447926906842
481130024001012,0.0042044106879664
481130092031007,0.00688145578691644
481130113003031,0.0003627981753761672
481130107043016,0.0013878447926906842
481130073011023,0.0013878447926906842
481130071012001,0.0013878447926906842
481130109031013,0.0013878447926906842
481130005022023,0.0008085997950859241
481130113002030,0.0010634768044270962
481130101012024,0.002316684132911508
481130096081014,0.0015386017341285
481130208002010,0.0013878447926906842
481130117022000,0.00039151396803150073
481130078121011,0.0003112667810001135
481130054003014,0.0013878447926906842
481130190163014,0.0013878447926906842
481130130091013,0.0013878447926906842
481130024002029,0.00019426616408882268
481130025004015,0.0027994621639911726
481130121012000,0.0007650997952032296
481130078052024,0.0001428367818631182
481130056002018,0.0009135014327581775
481130117022013,0.0015775258583589833
481130109031042,0.0013878447926906842
481130165342034,0.0035805892782504413
481130136172027,0.00238253792620774
481130201001020,0.0013878447926906842
481130071012011,0.003042816846242245
481130006051003,0.0013878447926906842
481130185063006,0.06052877349733574
481130116011023,0.0027475659055879657
481130091011012,0.0023897261121676896
481130127013012,0.0019060178783120764
481130129003023,0.008700330611403918
481130054001001,0.001340355476249501
481130134001027,0.012417318614307189
481130134001033,0.0002959667687934537
481130208003007,0.0018932285418232588
481130079022015,0.013898619876865793
481130067021008,0.0017322933111905343
481130043001066,0.006418450574876675
481130004103027,0.0013878447926906842
481130136101024,0.0001546929208056845
481130178051006,0.0013878447926906842
481130014003020,0.0023531625141854154
481130107012056,0.0013878447926906842
481130004103036,0.0013878447926906842
481130006081020,0.0013720146374067964
481130203002075,0.0020082109883333274
481130131012009,0.0004246123023003284
481130136092029,0.0013878447926906842
481130054002042,0.00011828006855377764
481130062003038,0.0014400602774634161
481130107012039,0.0009896322026143082
481130167111038,0.001400168460774355
481130105001012,0.00018379372342930956
481130128011020,0.0013463361670017866
481130130081012,0.004691220481576402
481130130081009,0.0013878447926906842
481130082001003,0.0002535975938374663
481130125011021,0.008220537771354255
481130122062005,0.0037894472424988518
481130171021022,0.0013878447926906842
481130037002035,0.0004998290231727955
481130190182000,0.0011833974967131815
481130064011040,0.0012513471083415312
481130165342006,0.0013878447926906842
481130042013007,0.00555645247091821
481130006102000,0.0015017176850010167
481130067012011,0.00022783454050473694
481130124004012,0.0013878447926906842
481130166341041,0.010518960636948632
481130135002023,0.0023112390819133672
481130051001025,0.0007652488868213824
481130166341037,0.002172269096809443
481130100012020,0.0035397006903418616
481130027031017,0.019810098935853036
481130093043014,0.001199926663995606
481130025004057,0.00012260517227838052
481130111011007,0.0021261215231118532
481130129001036,0.003228152318188908
481130092042000,0.0013878447926906842
481130107012045,0.00014408121954311901
481130108092031,0.0015991500488128124
481130108092015,0.0013878447926906842
481130107041028,0.001601215296081404
481130065012025,0.0005560660989356617
481130065021008,0.0013878447926906842
481130047001009,0.0003943560223752386
481130134001013,0.0008275060075755023
481130134001036,0.0013878447926906842
481130132011027,0.0026791182372250632
481130077012011,0.003085387649921062
481130091042022,0.0013878447926906842
481130011021001,0.0002840710224863822
481130110042000,0.0007556460243332009
481130068002023,0.000346980784266772
481130136072010,0.001975529696770093
481130080004020,0.0007286514814539869
481130080001021,0.0007341373824211718
481130022003016,0.0010801667954126173
481130025003023,0.0021674015159658514
481130054003023,0.0013878447926906842
481130208003013,0.0009742054391304783
481130170081013,0.0013878447926906842
481130019013003,0.003583353919359214
481130097022034,0.00884995797158663
481130108062004,0.0001595490533053876
481130063021006,0.0007100712437056417
481130062002001,0.0047112934479576
481130037001012,0.00039619694579773063
481130113001025,0.00242431483905079
481130088022009,0.002907878340838143
481130088021005,0.0009435295438928738
481130108053006,0.001866709662352743
481130067012002,0.001218231901108188
481130108062015,0.0006011903783612663
481139801001024,0.0002189482411737611
481130106022030,0.0013878447926906842
481130057003010,0.004866247418625689
481130164121003,0.0013878447926906842
481130047002004,0.0038068996106302676
481130072032005,0.0013878447926906842
481130124001011,0.0013878447926906842
481130124003005,0.0016750938477238344
481130124002011,0.0007022293485643373
481130120003017,0.000488942895277319
481130176052004,0.0008259092112884064
481130088021019,0.0003298760452986254
481130091012010,0.001354815144631285
481130091012015,0.00015057827496177588
481130117013028,0.001566783931824861
481130091032004,0.0011369259154323482
481130057003030,0.0006845850465292516
481130059013012,0.0007670958080261006
481130136212000,0.012100053253085604
481130080002007,0.001700325982393533
481130126031025,0.0007342414267409048
481130117022004,0.0013878447926906842
481130064021006,0.0013878447926906842
481130053001023,0.0006475708766735587
481130010022004,0.0022933508432245986
481130078053008,0.0013878447926906842
481130128023004,0.0007291152697560678
481130128021000,0.02106590642080892
481130092021003,0.0019302208185801
481130119021021,0.0008175658073550924
481130078102005,0.0015088620517139406
481130115002020,0.0010633537415731947
481130088012011,0.0013878447926906842
481130117011011,0.0003946360472092852
481130063022052,0.00020374228238698633
481130127012003,0.0030268120880204766
481130106022003,0.0006769291984109124
481130096071007,0.000643235137407793
481130122121012,0.0019981489355420695
481130012031021,0.0028876386284831723
481130211002022,0.0007104013921452107
481130190163003,0.0008750483693505068
481130165341015,0.0009250367113390591
481130136081029,0.0013878447926906842
481130136201014,0.00011064994847247289
481130076051047,0.0013878447926906842
481130136092032,0.0016757522134727408
481130099001021,0.0013878447926906842
481130096092018,0.0035707537808342166
481130073012021,0.00016827907777845625
481139801001022,0.0013878447926906842
481130002022011,0.0014524622761075982
481130025001007,0.0012596987175990222
481130106012016,0.0013878447926906842
481130097021021,0.0006168590125573095
481130098021003,0.0005749653552559975
481130129004021,0.0013878447926906842
481130006063005,0.0013878447926906842
481130006052001,0.21329736559895057
481130078121006,0.0012496216292705203
481130136241010,0.0013878447926906842
481130208002032,0.0015742274024376475
481130085001033,0.0013878447926906842
481130136111017,0.0002803395223215293
481130192082003,0.0013878447926906842
481130012022000,0.0013878447926906842
481130126031021,0.0011864544522477603
481130079091001,0.0013878447926906842
481130077012016,0.0007286514814539869
481130100012027,0.0013878447926906842
481130069002004,0.0003697181563073147
481130068002047,0.00041274322251689307
481130099001025,0.0013878447926906842
481130212003036,0.0013878447926906842
481130159003001,0.0031217045300965147
481130133002010,0.0014264649187862774
481130134001003,0.0013878447926906842
481130131012031,0.0027485040047314935
481130136102005,0.0013878447926906842
481130095002035,0.003383430966620941
481130181372003,0.0013878447926906842
481130136172015,0.0013878447926906842
481130190181009,0.0011567702663027718
481130170101008,0.0008703313438408361
481130059023011,0.00011450670604112811
481130051002022,0.0013878447926906842
481130051001003,0.0013878447926906842
481130042011010,0.0005423943048465824
481130091052026,0.001551805892444001
481130094022026,0.00013858919298679305
481130126043000,0.0007064371290617444
481130100011001,0.0013878447926906842
481130044002014,0.0013878447926906842
481130045002028,0.0013878447926906842
481130045002003,0.00952874431616463
481130136103012,0.0013878447926906842
481130128021032,0.0011657570980628362
481130024003000,0.0003619042748004121
481130113002006,0.0008821844056765095
481130171013017,0.0010192485037287407
481130100021026,0.0013878447926906842
481130206002007,0.0033910788492877617
481130206002016,0.0007347264380141368
481130125021006,0.004333698265556161
481130063022045,0.0001860030691808726
481130096073007,0.000760140655944758
481130096112025,0.0009709273884248007
481130099001004,0.0013878447926906842
481130210001031,0.00015038375371551467
481130015023012,0.0005542472381014881
481130003002018,0.0006938987435460459
481130003001019,0.00027995703213540204
481130208003037,0.001082248158731479
481130114011002,0.0017743263278747487
481130181452015,0.0013878447926906842
481130099001079,0.00037309597414512925
481130136201005,0.0015937355082112654
481130101021044,0.002834217558369251
481130118022008,0.003942567229044135
481130136182016,0.0045812404964391575
481130080002018,0.0008951432401600678
481130210001037,0.0014389490217580707
481130005032002,0.0013878447926906842
481130046001004,0.0029687698593488226
481130006061017,0.0012619665362958916
481130192081035,0.0015842323338731996
481130165112026,0.0003776716401721112
481130094022031,0.0007022293485643373
481130109031002,0.014784518999911659
481130080001008,0.0021537595210407807
481130130091015,0.008055069314493152
481130081022015,0.0013878447926906842
481130167101020,0.013297484409650043
481130118013011,0.0006584764779162664
481130082003021,0.0017911310282347067
481130082004006,0.0021261215231118532
481130131012048,0.0005191459214347524
481130004081001,0.002554107264136716
481130061002006,0.0005804986656521874
481130043001028,0.0026297152486244725
481130045001000,0.002645013517823259
481130061002028,0.0014969245675099687
481130001001014,0.0012410042708798676
481130092041012,0.0009333404085345169
481130115001007,0.014533632205781891
481130091041012,0.0073910148370495594
481130117012009,0.051506997626386775
481130122073007,0.002634835101796361
481130059011007,0.0013878447926906842
481130110033011,0.001872501485682299
481130112022040,0.0004248997264614269
481130022001008,0.003631804216523425
481130064021019,0.0011022342714115515
481130043001047,0.0013878447926906842
481130042022007,0.001231097246664903
481130209002009,0.0013878447926906842
481130016022006,0.00012689847894357224
481130001001018,0.004650817965654058
481130050001000,0.003561660837806988
481130062003017,0.00043501122157857684
481130079023032,0.0013878447926906842
481130108093017,0.002077355324013368
481130002012021,0.0019773494086769076
481130167101016,0.0002977953192039844
481130105001007,0.00041219422026526393
481130126013005,0.0028419190746312704
481130093013026,0.0004508199994394427
481130116041012,0.0013209812496181807
481130132011029,0.0003619042748004121
481130079023021,0.001490793599817223
481130002012023,0.0024160696497663886
481130011022017,0.0008181260232773133
481130211002001,0.0013012308503364241
481130209002007,0.0013878447926906842
481130112022030,0.0013878447926906842
481130065022004,0.00534135126703795
481130170101011,0.0030785993470915816
481130135002012,0.003449652305973632
481130165362000,0.0013878447926906842
481130109031027,0.0013878447926906842
481130063021021,0.0015267216711810536
481130060022004,0.0003553178716973426
481130053004020,0.00029407232103891007
481130004103022,0.00036730021836132336
481130054003041,0.0017891429654350696
481130025002005,0.008282446490332485
481130110032002,0.0012155859526010186
481130063013011,0.0013878447926906842
481130113001019,0.0023531625141854154
481130088011010,0.0012771686241569184
481130171021000,0.0013878447926906842
481130116031012,0.00043937119328735306
481130100032101,0.0025721788873885433
481130134001008,0.0005697889151542366
481130122132005,0.0007897271829124931
481130082003010,0.0011864544522477603
481130088022004,0.00032556485788082527
481130088021007,0.0009982452046677264
481130001001006,0.0019454640595198448
481130211002068,0.0013878447926906842
481130093011022,0.0011168430424742632
481130093011020,0.01876094822799997
481130111013024,0.0013878447926906842
481130003001020,0.000692676485144124
481130116012010,0.0013878447926906842
481130202001002,0.0010012411276189043
481130084012035,0.0003619042748004121
481130079021022,0.0015775258583589833
481130076042001,0.0024041976285420407
481130067021061,0.0013878447926906842
481130108091003,0.0004695595899447515
481130108072028,0.0013878447926906842
481130063011014,0.016611535854781045
481130044002018,0.0006168590125573095
481130019013002,0.0032644672849094533
481130097021003,0.001059926667258787
481130097022020,0.0009983806388288389
481130085002022,0.0016444806351336657
481130085002036,0.0012102961670632795
481130116011009,0.0007286514814539869
481130206002018,0.0017743263278747487
481130037002006,0.0038316730147234268
481130088021001,0.0013878447926906842
481130088021013,0.0018573747236476517
481130087032008,0.020554384962146312
481130096112030,0.0016602609164652288
481130062003021,0.00023391084022289374
481130108082010,0.0013878447926906842
481130107041042,0.002703653896111327
481130111032016,0.0017473757959379297
481130059012001,0.0024160696497663886
481130136053009,0.001712001134728642
481130116031010,0.0013878447926906842
481130047001010,0.0013878447926906842
481130047002041,0.0068123232442121135
481130094012013,0.00081581897282286
481130088022022,0.0009057201658827852
481130088022024,0.0013878447926906842
481130091052012,0.00020000433302815227
481130117011020,0.005418081436672829
481130059012002,0.0003508045791610725
481130024002025,0.00043591156645654745
481130052001016,0.0007151788248234278
481130006082004,0.0008966575151450995
481130043001065,0.2545528228654999
481130052001022,0.0009943303583700674
481130022003020,0.0013878447926906842
481130009023004,0.00013403755059184438
481130012022024,0.26178201586646804
481130092041032,0.0004796458891264797
481130011014002,0.0006834364465846072
481130092041027,0.0017602295690680918
481130078052010,0.0002024864157333432
481130133001003,0.0013878447926906842
481130206001051,0.0007327246177856085
481130050001008,0.00221632856758667
481130077023048,0.001907922908048951
481130171021009,0.0013878447926906842
481130006053005,0.0001227232600607798
481130204022060,0.0013878447926906842
481130167111024,0.0010801667954126173
481130093032010,0.0013878447926906842
481130097011017,0.0013878447926906842
481130025004032,0.0003742734875722982
481130063022012,0.002953829624694113
481130212003094,0.0013878447926906842
481130206001044,0.0013878447926906842
481130131021024,0.0009700925661040804
481130011011013,0.00015150046479688926
481130012031022,0.000559812992927184
481130171023024,0.0013878447926906842
481130136061003,0.0009863419696096545
481130077012002,0.00030685953344305073
481130136285032,0.0012684939547059708
481130078103001,0.0013878447926906842
481130136241004,0.0013878447926906842
481130024003007,0.0013878447926906842
481130136201015,0.0013878447926906842
481130136284012,0.0013878447926906842
481130076012020,0.0013878447926906842
481130085002009,0.00020621588770784532
481130100032194,0.0013878447926906842
481130206002048,0.0013878447926906842
481130022003024,0.0011728309138857862
481130206002006,0.0013878447926906842
481130025001000,0.0013878447926906842
481130122061032,0.003725313527120291
481130176051009,0.0013878447926906842
481130190182007,0.0013878447926906842
481130204022010,0.0013878447926906842
481130129004027,0.001975529696770093
481130100015007,0.0013878447926906842
481130100032148,0.0013878447926906842
481130130103004,0.003368500031720698
481130129001004,0.0013878447926906842
481130093013001,0.005209022641360997
481130185063052,0.0023852654430488057
481130078254018,0.0012478002671079376
481130003002029,0.0013878447926906842
481130096102000,0.0006133945712375157
481130007031001,0.002302260555919044
481130084021038,0.0013878447926906842
481130122072019,0.0013878447926906842
481130185063044,0.00042808304446973226
481130099001114,0.000398950557607541
481130072061002,0.0020127404983797206
481130211002019,0.0005060905253574155
481130087032006,0.0013545391882013292
481130071011010,0.004031086966716871
481130059023013,0.001370206106364469
481130092023004,0.0025098269146700603
481130098023023,0.0013878447926906842
481130106011039,0.0013878447926906842
481130110042004,0.0009151341803728131
481130082003000,0.0008853132660344685
481130130132032,0.0009345307343152852
481130037001021,0.0009276571263089215
481130080001024,0.010146508983840825
481130057001012,0.008916816865101094
481130093013010,0.0006912214843028446
481130205003025,0.0013878447926906842
481130092021016,0.000538121030720792
481130212002015,0.03841090858346977
481130107043022,0.0015180268754677972
481130096071021,0.0006188282430831912
481130125021003,0.0016269842738388068
481130126031012,0.0034748737255355148
481130073021004,0.0012787983202789141
481130004103032,0.0016094735561146987
481130096091004,0.0010757866729815308
481130056002026,0.0003372812628118188
481130136152019,0.0017994086517016156
481130132022006,0.0013878447926906842
481130010021005,0.0007710996722516007
481130208002020,0.0007982290496105458
481130092022004,0.001858631225390028
481130025002019,0.00112659921154398
481130078102007,0.0005286606980866533
481130004012019,0.00020741183104710912
481130046001020,0.0007165682909924662
481130130071000,0.00024797383957803515
481130003002024,0.00043634880655631883
481130094011007,0.00544755775692367
481130078092031,0.0013878447926906842
481130208003031,0.00014620056674321454
481130136071011,0.0031256720905399756
481130100013004,0.001553678451136371
481139801001045,0.0013878447926906842
481130121021010,0.0013878447926906842
481130212002011,0.0005332273646805063
481130141381006,0.0013878447926906842
481130099001013,0.001700325982393533
481130097012004,0.0007109657944678424
481130006063004,0.00023079689797193435
481130055001023,0.0003729368715233312
481130105001006,0.003046169644828817
481130001003003,0.0010153405948673305
481130091042021,0.0013878447926906842
481130016011007,0.0011953204828510204
481130092042011,0.006261845588170076
481130118011016,0.0013878447926906842
481130117023014,0.0013878447926906842
481130211001016,0.002337061774902773
481130202002029,0.000153835653582923
481130097011019,0.0013878447926906842
481130092032022,0.00011786139423982193
481130076042014,0.0015614226868413438
481130052002036,0.002834217558369251
481130008012012,0.012655019849552503
481130209001039,0.0013878447926906842
481130119021013,0.00030192492501130645
481130140011077,0.0013878447926906842
481130164091018,0.0013878447926906842
481130117011000,0.0005643956995497932
481130078241002,0.0008307562614977222
481130190181002,0.00017323576682099032
481130043001086,0.0012599860358874532
481130106011003,0.0002782038386809884
481130130081014,0.0006271165363335721
481130001003011,0.003700210447986474
481130109031026,0.0005396221844813392
481130011021010,0.0006120058915611858
481130080001023,0.0026124882672232783
481130051002018,0.0015551497474416873
481130204012037,0.0013878447926906842
481130170102003,0.0013878447926906842
481130119012020,0.014538937877454597
481130167102005,0.0001113225586998927
481130020012010,0.0065930367974327145
481130045002029,0.021238359046871255
481130204022020,0.0013878447926906842
481130096091001,0.0010031055508849705
481130134001029,0.0013878447926906842
481130132011002,0.00041637502792864754
481130042021011,0.00016515709638522313
481130076051022,0.0013878447926906842
481130136213009,0.014132149252171164
481130076011022,0.00221632856758667
481130088012007,0.000900253401055254
481130065022027,0.0015551497474416873
481130046001019,0.0004473108937867876
481130051001000,0.0035851031836273565
481130107012014,0.008619194300192793
481130134001019,0.00028035364790639515
481130096032019,0.0013878447926906842
481130096032011,0.0008673941244906462
481130096032006,0.0013878447926906842
481130008021009,0.0011966299769610633
481130081021016,0.0006337136980973078
481130037001023,0.0012700182023274395
481130108062024,0.0015168188479156041
481130085001003,0.0018145735784338755
481130054001006,0.0020320999185882297
481130110041002,0.00020206542467460326
481130165111010,0.0012327526374084773
481130077021002,0.0013878447926906842
481130067021003,0.0013878447926906842
481130136051023,0.0008753379049846733
481130165112023,0.0013878447926906842
481130098021007,0.0013727598626652106
481130210004004,0.000650724773828168
481130210003025,0.0005152630162847623
481130086042005,0.0007985919647264774
481130202001027,0.00042864052737327026
481130090012031,0.0013878447926906842
481130209001054,0.00019035337933242307
481130051002023,0.0013878447926906842
481130170102021,0.001318163814081113
481130107043000,0.0013878447926906842
481130107012059,0.0008116788196229594
481130004101002,0.0004063008774176728
481130097021015,0.09919835875534036
481130136172030,0.0011277201399552237
481130085002007,0.0008306637549980504
481130117013006,0.004572908943149491
481130059011017,0.0016829163135094493
481130087011008,0.00024677059624470964
481130100032164,0.00038347422965362004
481130100032163,0.004805562228950967
481130100032171,0.0009163982614629047
481130003001018,0.0007136128867898117
481130130093020,0.0013878447926906842
481130108091011,0.0013878447926906842
481130065022029,0.005392121557821455
481130004102001,0.00027035141829983693
481130073023030,0.00224315148156555
481130006051014,0.00023979205044576555
481130006062006,0.004092429079914198
481130111031006,0.0005502654778820229
481130111031003,0.0006459661688926208
481130136054011,0.0013878447926906842
481130016022008,0.002344382949495265
481130190193006,0.00026447551920877403
481130078052022,0.00021315731463516585
481130117012001,0.00035251033309838557
481130093031018,0.0009246878382730885
481130057003027,0.002226811928034782
481130059012025,0.00036052859671687506
481130088021006,0.0001495154775318377
481130091041009,0.0013878447926906842
481130108043001,0.0021261215231118532
481130006072001,0.0013878447926906842
481130053004027,0.0009266648220150539
481130108042012,0.005327680372722046
481130011011007,0.0008750483693505068
481130011011016,0.0011742266464258115
481130208003052,0.0014969245675099687
481130130091014,0.004822829858696122
481130091042000,0.0006498365453615934
481130092041019,0.0031823898488882152
481130088023016,0.0002963536824617016
481130092023014,0.0001503682300927582
481130136102026,0.0011930720761779573
481130118012009,0.0009190519359618875
481130096112004,0.0013097910138796635
481130091031011,0.0017180649219275073
481130080004013,0.0031592468685037738
481130211002065,0.00271926946550749
481130204022023,0.0013878447926906842
481130088023014,0.000850079954239051
481130027033019,0.00020659070102881403
481130122061015,0.001142249799528901
481130122062015,0.005907246185237407
481130059021023,0.0024020635164500688
481130093044006,0.0035339113376346544
481130202002032,0.0013878447926906842
481130118011017,0.0015180268754677972
481130165111011,0.0013878447926906842
481130120001009,0.000239289391499339
481130192081031,0.0013878447926906842
481130077023043,0.0013878447926906842
481130077012009,0.0013878447926906842
481130121021020,0.0017994086517016156
481130127021002,0.0013878447926906842
481130141301043,0.0013878447926906842
481130206001008,0.0013878447926906842
481130136193000,0.0013878447926906842
481130061002030,0.0013878447926906842
481130106012012,0.0013878447926906842
481130206002042,0.0013878447926906842
481130130053017,0.0017743263278747487
481130130072014,0.0013878447926906842
481130128023011,0.0013878447926906842
481130136282003,0.0013878447926906842
481130098031015,0.0005044518940278098
481130130122020,0.0008264079148595976
481130136101008,0.0013878447926906842
481130165282003,0.0004875294732475898
481130140021100,0.0013878447926906842
481130080003005,0.0014552473613096224
481130079032020,0.0013878447926906842
481130079025019,0.0013878447926906842
481130208002036,0.0021615950565040194
481130129002009,0.00042808304446973226
481130108082007,0.00011290101673847577
481130126031004,0.0013878447926906842
481130027032044,0.0013878447926906842
481130136092028,0.002861103814475277
481130055002024,0.0006451025599741798
481130136111025,0.00036018825979880037
481130076041000,0.0013878447926906842
481130077023004,0.000554800890699582
481130209002012,0.0013878447926906842
481130094011009,0.00021119335562000996
481130101021041,0.0013919904398063936
481130065011016,0.0008951432401600678
481130096071013,0.0017317803990347259
481130165211014,0.0003716237042805308
481130068002008,0.00024322598368115995
481130004072005,0.00034371705516769696
481130097012020,0.001290947218946133
481130093041029,0.0013878447926906842
481130064022019,0.0029670695611295453
481130054002018,0.0006029671769982124
481130077022006,0.0013878447926906842
481130208004033,0.0013878447926906842
481130043001060,0.0010860644506056126
481130078281006,0.0013878447926906842
481130071024009,0.0004295264385999558
481130136102014,0.001123747193884354
481130130082014,0.000643845004393619
481130027032021,0.00034995076312371366
481130027033005,0.0013878447926906842
481130027032005,0.0013878447926906842
481130092021008,0.0002379865034614017
481130092021010,0.003015021507128452
481130171013013,0.000260223772273664
481130082001011,0.0013878447926906842
481130100032049,0.0013878447926906842
481130212001034,0.00020246555950261292
481130117022005,0.0013878447926906842
481130165342015,0.004494282998230473
481130206002050,0.005317709108940729
481130136053002,0.0013878447926906842
481130097022016,0.0006459010685047695
481130004103034,0.0003428513716494244
481130006051019,0.00090698439223722
481130096092013,0.00041990763408811564
481130208004029,0.0013878447926906842
481130003001015,0.0009082218063371283
481130210002006,0.0006124566995339426
481130092023002,0.00016289091418362036
481130206001014,0.0026791182372250632
481130123011022,0.0006744791770856134
481130208002041,0.0009943303583700674
481130025004043,0.0034452208115956307
481130208003016,0.0031521861985594236
481130210004010,0.001038633548524516
481130110033016,0.00018897708529065982
481130110033019,0.002608957091195782
481130004012026,0.0013878447926906842
481130101021035,0.0005208314827689734
481130130102008,0.001156183948844381
481130165341007,0.0016162375707812447
481130171011026,0.00015839910202661438
481130111013001,0.0003637460159547897
481130096112009,0.0004905276258519614
481130004071004,0.14931465334890998
481130022003034,0.0013278572094172927
481130206002038,0.0012986900301999041
481130054001023,0.0013878447926906842
481130006062013,0.00019946911946175163
481130170051009,0.0007558660777219571
481130006091013,0.0013528548833246952
481130022003021,0.001926758272106005
481130088023011,0.0005783770690235594
481130091052016,0.0002289596198061813
481130061001012,0.0010423774473956478
481130054003021,0.000467130915901416
481130054001003,0.0013878447926906842
481130110032006,0.0015795871995729386
481130118021005,0.005802886615491526
481130096043013,0.0013878447926906842
481130064021005,0.0013878447926906842
481130119012016,0.00033230740950660224
481130122131003,0.002107327798098514
481130190193005,0.0001612913290062696
481130130121013,0.0041586909831052435
481130133002005,0.002107327798098514
481130190405022,0.0017581494374622499
481130131012047,0.0011953204828510204
481130204022036,0.0025192410883418848
481130002012005,0.0010343574860969596
481130212003062,0.0013878447926906842
481130116032008,0.0013878447926906842
481130078241012,0.006854226899439962
481130006063010,0.0013878447926906842
481130117013004,0.0011953204828510204
481130166341043,0.002201996010438504
481130136082009,0.0025235834722432972
481130119021008,0.0005883690067977178
481130119022033,0.0013878447926906842
481130092041000,0.001990879981756492
481130020022024,0.001044504768728322
481130106022018,0.0006856545926546477
481130125011003,0.00017953137100150773
481130132024021,0.0013878447926906842
481130129003014,0.0029670695611295453
481130025001008,0.00036051244042941164
481130101022001,0.011927107912867977
481130002022003,0.0024090363743486127
481130128011017,0.00246006991371715
481130128011018,0.001011187884465893
481130093012006,0.0001287127460687089
481130132012011,0.0013535526181700712
481130003002001,0.0006293532620784058
481130129002007,0.00021028095574890068
481130114013008,0.003429340085978976
481130042011021,0.0014214274946481927
481130128023029,0.0010119404231014987
481130111051005,0.017225646786694963
481130135002016,0.0020886934806014575
481130110022017,0.0013878447926906842
481130110022021,0.005353812262205895
481130135002025,0.009140427279988506
481130056001006,0.00221632856758667
481130045001010,0.005618488827489185
481130136211002,0.0013878447926906842
481130130132024,0.0020058010252647397
481130081022022,0.0012721846279996547
481130211001010,0.0013878447926906842
481130100032099,0.0013878447926906842
481130065021017,0.0013878447926906842
481130064022046,0.0014969245675099687
481130108072002,0.0013878447926906842
481130042011043,0.0004804698034268101
481130094012003,0.0012478002671079376
481130093044001,0.0003619042748004121
481130106021006,0.005769090281560284
481130134001038,0.00017539790207631736
481130011022004,0.003736052741246074
481130190161009,0.003670019506296097
481130092031002,0.0057351664105189035
481130092031005,0.003946457788071905
481130091042012,0.00018169069530646752
481130093041010,0.010296178527488814
481130136072042,0.0011556570756807482
481130202002070,0.007988676823002224
481130122074024,0.000643176030068282
481130112012017,0.00036196377784396294
481130208003049,0.000523370713141275
481130051001024,0.0013878447926906842
481130037002051,0.0010162810654012642
481130077022004,0.012293689490087939
481130110041000,0.0013198020750090987
481130171011029,0.0009869737729457364
481130045003025,0.0013878447926906842
481130067011003,0.0013878447926906842
481130061002014,0.002389213579015849
481130090011011,0.00046036668027275683
481139801001029,0.0013878447926906842
481130111031014,0.0013878447926906842
481130080001017,0.0013305063862571367
481130122073000,0.0013878447926906842
481130130053009,0.001798373910255676
481130129002031,0.003808341979391336
481130129002027,0.0023953428445654887
481130078251001,0.0006168590125573095
481130190353006,0.0008450975397233561
481130014003024,0.00040392576903766506
481130122102003,0.004550918176614771
481130130071007,0.0021596876752758665
481130130071012,0.0011739441050963215
481130093012004,0.0013878447926906842
481130027032042,0.001909355196081292
481130015033009,0.00012794554000328546
481130052002029,0.0020209988288472764
481130004081000,0.0031448891067142296
481130064022044,0.00021999056248545395
481130105001004,0.0011274496513318543
481130091031000,0.0013878447926906842
481130206002009,0.0008750483693505068
481130044003009,0.003527590152921974
481130076042002,0.002446338444412198
481130077023050,0.0013878447926906842
481130115002048,0.1664048060189318
481130115001008,0.000236192542864973
481130171022009,0.0005578931340167916
481130167101024,0.0013878447926906842
481130054003028,0.0016276961142782835
481130043001135,0.0007809879164689779
481130106011036,0.0008085997950859241
481130133002014,0.0013209812496181807
481130079132012,0.002485464244707062
481130027032060,0.0015527429210616252
481130122061018,0.0025307027952035407
481130122091001,0.001407934478975573
481130112022007,0.004525380400462023
481130208004017,0.010078153369451203
481130087051008,0.0016847480763518882
481130209001040,0.00010799048401416802
481130093031023,0.0013929976147517324
481130211002069,0.0013878447926906842
481130087011007,0.0005473037371459586
481130190163005,0.0013878447926906842
481130136072040,0.0013878447926906842
481130192081002,0.0013878447926906842
481130165341012,0.0005754539316492905
481130077023042,0.0013878447926906842
481130090012034,0.0013878447926906842
481130121012001,0.0013878447926906842
481130001003004,0.002681136312107063
481130108053005,0.010614726102989322
481130107012055,0.0013878447926906842
481130106011050,0.0021106214045827423
481130097013023,0.0007843751791849087
481130094022004,0.0013878447926906842
481130078251006,0.0013878447926906842
481130095002003,0.016199946258642125
481130084011029,0.000141340031151264
481130118011020,0.0013878447926906842
481130129004008,0.0007022293485643373
481130078291012,0.00027249582486976135
481130128023007,0.0017768785766107428
481130209001069,0.0013878447926906842
481130099001103,0.0013878447926906842
481130095002030,0.0013878447926906842
481130099003110,0.0013878447926906842
481130090012004,0.0019881347628491913
481130097011001,0.004176722895760219
481130077023020,0.000923423649630773
481130121022025,0.0019440789103953352
481130054002046,0.0013878447926906842
481130027033029,0.0013878447926906842
481130084012032,0.0015017176850010167
481130100032207,0.0013878447926906842
481130100031021,0.0011989030077967078
481130112011004,0.0004711143724835241
481130136192003,0.0013878447926906842
481130192081006,0.0013878447926906842
481130013011004,0.0013878447926906842
481130013012008,0.0013878447926906842
481130081023030,0.0013878447926906842
481130044003023,0.0015180268754677972
481130107012000,0.0013878447926906842
481130084021037,0.00028507340494162326
481130063021015,0.0012348347539696948
481130135002001,0.0013878447926906842
481130073012026,0.00016501037690579742
481130080006002,0.001321505535419179
481130084021001,0.0018432225460816134
481130192052005,0.003085387649921062
481130051002000,0.0007022293485643373
481130125012028,0.0006899281729151189
481130025003012,0.0007519834811494918
481130093013003,0.0020470740472768516
481130203001020,0.000246850730527423
481130209001037,0.010063366115016556
481130096111007,0.004142632163277151
481130100032236,0.000760140655944758
481130165342009,0.001506150816687916
481130165342021,0.0013209180093712526
481130137272003,0.0013878447926906842
481130063022027,0.0005028906104166501
481130096091033,0.001156666213643719
481130097022025,0.0038658246841045646
481130004103047,0.00023588559058674658
481130004102005,0.005301118782869224
481130128012019,0.0024656569640335198
481130128021002,0.002688777352774108
481130003001017,0.002265942677572931
481130208003015,0.0006980211148347039
481130202002025,0.0013878447926906842
481130012023021,0.002115709789173356
481130016011009,0.0015957155690341433
481130078101014,0.0013878447926906842
481130080005001,0.00231877811770309
481130130131016,0.0015272669131391418
481130084021012,0.002213492838797247
481130078292006,0.0033910788492877617
481130114011035,0.0008490434582445631
481130092023025,0.0014969245675099687
481130098031014,0.0019832897593090064
481130043001132,0.0013878447926906842
481130004092012,0.1709257989421547
481130136092037,0.0034777090593145835
481130135001020,0.0009064612068956019
481130087051021,0.00027545360651077085
481130107012033,0.0013878447926906842
481130094013017,0.0002972577132085519
481130098023008,0.011415799037472906
481130094022003,0.0013624750444272533
481130078231005,0.0013878447926906842
481130004092029,0.0003196202728595278
481130055002036,0.0005864804943912159
481130136191014,0.00028152198216694285
481130111041020,0.00022392012310641586
481130106021002,0.002107327798098514
481130073023029,0.0016737753219714243
481130077011003,0.0013878447926906842
481130129004020,0.0006722483861948969
481130204022045,0.0019474049342521782
481130096092033,0.0007079992531887462
481130095001004,0.001323635025805056
481130114011031,0.0016990873226927136
481130087012007,0.0012912991676246324
481130101021028,0.0013878447926906842
481130077023031,0.0013878447926906842
481130079022002,0.0013878447926906842
481130119012004,0.000867253336336433
481130100032245,0.001211519194917085
481130123011015,0.004359850005766541
481130056001008,0.0017438243250128885
481130051002017,0.00045501485937079176
481130002012004,0.0013878447926906842
481130091032001,0.00025821369250074525
481130118013010,0.0013878447926906842
481130116032027,0.0035278052304097292
481130132011022,0.0013878447926906842
481130025004056,0.0030042117706349423
481130054001002,0.0013878447926906842
481130027032047,0.0020048413411355576
481130123011011,0.0002959037792426347
481130048001041,0.0021498107241419593
481130167102015,0.0048249868362621245
481130081022025,0.0011953204828510204
481130065011014,0.0002393428323359964
481130002022025,0.00045511449176921
481130093032023,0.0005834463268115952
481130190405005,0.00011415208596061359
481130048001032,0.0013209812496181807
481130082001000,0.0013878447926906842
481130125022015,0.0012796505444162963
481130063022043,0.003747429002173657
481130202002081,0.0027776962365223127
481130065022002,0.00020350872862395355
481130004052003,0.0011566333709020966
481130127021013,0.0017495590963179436
481130010022013,0.003139997759949817
481130045001014,0.00023309627088924747
481130064021002,0.0013878447926906842
481130166341035,0.002703653896111327
481130096033031,0.0014094246171963965
481130165112007,0.0012465900388495968
481130078241018,0.0006256726781678262
481130110033018,0.017347624275300923
481130165262021,0.002888789909441597
481130065022043,0.006272858407964506
481130053004006,0.002898119143313513
481130134001005,0.00014761079074753037
481130133001017,0.0008278302545022972
481130136213002,0.0003613234071673747
481130136202002,0.0013878447926906842
481130071012013,0.0003359897385093486
481130116031018,0.000627554338565742
481130073011007,0.0031041006616008065
481130073022020,0.0013878447926906842
481130076051021,0.0013878447926906842
481130079021011,0.0013878447926906842
481130113002031,0.0002316073831489079
481130087012008,0.004765053009742031
481130059011023,0.0025172433435593712
481130055001034,0.0038253159223929248
481130022001031,0.0013878447926906842
481130097021000,0.0003825593353243366
481130085002027,0.0009246878382730885
481130208003061,0.0026044546272118206
481130115002033,0.0013878447926906842
481130096102003,0.0010846484979673008
481130166341006,0.0007509743989719879
481130100015002,0.0021498107241419593
481130096051014,0.003360367138060918
481130088022010,0.00017131573081103325
481130087041002,0.0025568843458168644
481130209001000,0.006138745849388659
481130170102019,0.0013878447926906842
481130202001020,0.00010700640661660218
481130111012001,0.0016890797062393808
481130064021029,0.0002861242142922691
481130067012021,0.0014482710293330981
481130101012029,0.28410515585288676
481130073021013,0.000450451345374591
481130107011000,0.0013878447926906842
481130096043012,0.0013878447926906842
481130110021022,0.001216060672757754
481130136051025,0.0005079182826030346
481130100032066,0.0013878447926906842
481130105001010,0.0009279728275573156
481130072031009,0.0006011903783612663
481130004103017,0.0013878447926906842
481130004103021,0.0017650274847583844
481130095001005,0.0036018915406144324
481130178054005,0.0003944679101890571
481130124004010,0.0014368905485806348
481130125022026,0.0013878447926906842
481130048001047,0.0013878447926906842
481130057003016,0.0013878447926906842
481130057003034,0.0012193749962758303
481130057003031,0.011687574010913823
481130091012016,0.0022068179753227863
481130093011014,0.0013878447926906842
481130053003001,0.004134158906486379
481130130071014,0.00046376457676459114
481130136072039,0.0013878447926906842
481130128022000,0.0013878447926906842
481130113001000,0.00374256002594616
481130064011037,0.0013878447926906842
481130022001012,0.0015128648586608569
481130094022042,0.0008937169973128219
481130131012033,0.0001804675318593342
481130091012017,0.0006960010531790615
481130171011004,0.0013878447926906842
481130055003044,0.0003258602200317156
481130088012006,0.007352764136807266
481130117011004,0.0013878447926906842
481130204012041,0.0004637024999571494
481130081022003,0.0018170321930335688
481130081022004,0.0007320750593963293
481130210001014,0.04474199256551548
481130090023004,0.00036814199599413493
481130209001018,0.0013878447926906842
481130209001021,0.00011690752407398939
481130136053021,0.0013878447926906842
481130078101000,0.0013878447926906842
481130190161002,0.0007778311517022436
481130107012003,0.0013878447926906842
481130079062009,0.0031506930794278215
481130190412020,0.0013878447926906842
481130091011008,0.0036516081052017585
481130128022018,0.0013878447926906842
481130210004003,0.0026791182372250632
481130109062009,0.0008075394201868188
481130068002048,0.0018013800172761768
481130137221001,0.002423943181004575
481130136103029,0.0017482696010708856
481130136111007,0.0013878447926906842
481130106021032,0.0025070124287207593
481130020022001,0.0013878447926906842
481130136052001,0.0013878447926906842
481130077011004,0.0013878447926906842
481130071012002,0.00029767871556913894
481130009012000,0.0013878447926906842
481130130122019,0.0013878447926906842
481130130053013,0.00015978390985151153
481130126012004,0.0013878447926906842
481130204022026,0.003152129817605381
481130019022006,0.0013878447926906842
481130129004011,0.003494972892614042
481130136102024,0.010343265698710538
481130136101017,0.00035998648666757713
481130136241009,0.0013878447926906842
481130136081024,0.0013878447926906842
481130100032117,0.0006931999575260906
481130178054021,0.00044740470941802507
481130042011002,0.0013878447926906842
481130136201017,0.0013937018321438003
481130096092008,0.0013878447926906842
481130120001007,0.002050010098534358
481130085001031,0.000975156173222211
481130100031007,0.0013878447926906842
481130092023003,0.001431286423603745
481130185063030,0.0013878447926906842
481130012021001,0.0013878447926906842
481130118012003,0.056760389723490526
481130055002002,0.0008951432401600678
481130126043009,0.0004446346652012227
481130064021016,0.0003863162746092039
481130099001033,0.0006101210475278218
481130141214000,0.0013878447926906842
481130130091000,0.0013878447926906842
481130094011005,0.0002510890304549452
481130114011053,0.0010801667954126173
481130043001021,0.0013878447926906842
481130210001045,0.0008085997950859241
481130080002019,0.0033910788492877617
481130099003084,0.005869131773331725
481130045003029,0.0006181419289085203
481130171011023,0.0003462189313375615
481130004103055,0.00018115505945341364
481130012022020,0.002117705835978372
481130204012051,0.0013878447926906842
481130109031040,0.0010422371458346724
481130065022020,0.0013878447926906842
481130165333012,0.0013878447926906842
481130136101003,0.0010966898584223177
481130204022114,0.0006475708766735587
481130204022116,0.0013878447926906842
481130081024013,0.0013878447926906842
481130081024011,0.003504747486591172
481130130121004,0.0013878447926906842
481130203002074,0.00021583204568084062
481130057001003,0.0013380762942056704
481130027033012,0.0013878447926906842
481130027033004,0.0013878447926906842
481130205003023,0.0013878447926906842
481130012022019,0.003967449811077325
481130011021015,0.00418476825103275
481130206002017,0.0015472343685933193
481130002013002,0.0027454545744592827
481130136053013,0.0019389461738054496
481130094021001,0.0015360907448620257
481130004103031,0.0010801667954126173
481130100012033,0.008505426539226842
481130109031025,0.0036002841676048294
481130101012002,0.0033910788492877617
481130166353010,0.0013878447926906842
481130107041039,0.0013878447926906842
481130096081002,0.0004249384034415345
481130096083023,0.005371286110665075
481130099003051,0.0011867910599344218
481130111042024,0.0005654010604373201
481130002013018,0.0011808717981030795
481130208002035,0.0013878447926906842
481130114013012,0.002701463450375356
481130078241037,0.001248502724857561
481130078101025,0.0037999219823225596
481130004011004,0.0027472030245445497
481130054003029,0.0019191864136386787
481130202002086,0.020239712801115604
481130116012014,0.0013878447926906842
481130001003007,0.00538989239207419
481130078092034,0.0019035291543644211
481130130051009,0.0021489639613151133
481130210001049,0.0012262268822581226
481130087013024,0.002951731479946476
481130170051002,0.021367984554836177
481130110033007,0.00472742253042138
481130045003002,0.0013878447926906842
481130136092013,0.0017744604111463
481130192081027,0.003307002365035065
481130042022009,0.000496996881770365
481130111011016,0.0035022531226739594
481130136221021,0.0010333496970681556
481130209002025,0.007058655543409156
481130111042004,0.014800075663617667
481130095002023,0.0023302580370259955
481130067021046,0.0012348347539696948
481130006061003,0.002107327798098514
481130167091014,0.0005265928946806463
481130055002008,0.0013878447926906842
481130055001043,0.0013878447926906842
481130122082000,0.00010154336296555541
481130006061014,0.00035098527991497347
481130078292017,0.0033862529729413973
481130013012003,0.0015884623840266403
481130110031012,0.0013878447926906842
481130135002020,0.0012796809890819973
481130056002028,0.0035440937986715507
481130042022012,0.041576125110379517
481130045003012,0.001400769709405218
481130113003025,0.0026870211173310246
481130117022025,0.0001723659981256688
481130057001029,0.003488714643829285
481130025002004,0.0016734246286114922
481130078241030,0.00027096030100336714
481130097011024,0.0026791182372250632
481130131012019,0.002703653896111327
481130181294019,0.0013878447926906842
481130043001032,0.00012500206902173308
481130106011015,0.0023837451613776123
481130133002003,0.0016757522134727408
481130002023011,0.0013339736010058588
481130016021016,0.002292858913168302
481130055003034,0.0018695625937301444
481130107041021,0.0005212936958534026
481130064022039,0.006445945775635516
481130065022025,0.0019157888276718472
481130002011011,0.0013878447926906842
481130100032116,0.0013878447926906842
481130105002033,0.00851415888723592
481130059012038,0.0002057935053757125
481130208003021,0.004659717320020125
481130010012006,0.0008547869058401857
481130013022007,0.0010234581895326629
481130101012016,0.0008938213886611897
481130063013032,0.0020048413411355576
481130060012018,0.0013878447926906842
481130076051046,0.0003322916406378337
481130112021000,0.0006335111764548218
481130045003013,0.0006324217446702561
481130053001022,0.0014076742831788955
481130112012018,0.0022356970212417957
481130166341040,0.0016364761595226607
481130057002000,0.00209134995091962
481130110022031,0.003097526455086435
481130110022030,0.001214166379773425
481130053002028,0.0013878447926906842
481130165111009,0.0013878447926906842
481130166341036,0.0009798646933657624
481130134001028,0.0008441114365357094
481130013021014,0.0008798967471938393
481130096042006,0.0001290191149406498
481130013012004,0.0013061310403938138
481130088022000,0.0012496216292705203
481130053001025,0.001293098611287519
481130170051015,0.0013878447926906842
481130045003024,0.0013235410595530872
481130107043006,0.0013878447926906842
481130107011011,0.00021315731463516585
481130138061069,0.0006514353822038015
481130082003006,0.00025163935433649597
481130027031012,0.0018168480745066834
481130131061013,0.0013624750444272533
481130131021015,0.001955615671932496
481130129003027,0.003493115740159904
481130171022003,0.0019949849255435923
481130053003009,0.00344854037599493
481130136054003,0.0013770838233832727
481130025004033,0.000536622483541029
481130211002051,0.0014279272345066713
481130086042011,0.0001581918862592907
481130055002029,0.0008199078913374956
481130115002023,0.0013878447926906842
481130109063009,0.0009217290370784726
481130065011003,0.0011680042749523589
481130122071017,0.0012030362620049624
481130128021021,0.0023216602961075995
481130084022034,0.00018781108873669624
481130001002013,0.0008447486390423742
481130203003011,0.0012478002671079376
481130022001015,0.001700325982393533
481130109031014,0.0012986900301999041
481130061002011,0.0010192221610924865
481130087043001,0.0038793522094315042
481130076012010,0.0009246878382730885
481130094022023,0.0027851836281683052
481130094022037,0.005539059157268731
481130209002046,0.0012547559894112708
481130170052008,0.0003977858406359124
481130065022013,0.00026541630651181716
481130108061025,0.0003080941609257297
481130111032007,0.0066628134418469254
481130111032004,0.0005332273646805063
481130111042008,0.0017743263278747487
481130136172036,0.0012478002671079376
481130096042001,0.00034460905805484463
481130082004012,0.0006181309320025987
481130057001014,0.0006241679595948631
481130165342004,0.0013878447926906842
481130054002026,0.003427880021215828
481130092041014,0.0007469116966525619
481130042011022,0.00024121914924786063
481130094013015,0.0001340015854928069
481130055003022,0.006316067904122927
481130050002034,0.012574766367510674
481130060023017,0.00040038196224084294
481130101021022,0.003296072115494026
481130101021043,0.0013067199133067406
481130043001084,0.0002539609837846994
481130043001106,0.14249647024303097
481130046001036,0.0016766189598554906
481130011011019,0.0008248748297755915
481130063013007,0.001781231868661153
481130057003026,0.0013878447926906842
481130136111014,0.0026791182372250632
481130101011033,0.0013878447926906842
481130134001040,0.0017972483959708665
481130130121012,0.0009478148190155128
481130015041013,0.00241682766093142
481130112022003,0.00025604862974872527
481130210001011,0.0024654806173853745
481130093032007,0.003277411753462989
481130073022015,0.0013878447926906842
481130136063002,0.0013878447926906842
481130096043018,0.0013878447926906842
481130212002001,0.00037487296211220273
481130136251004,0.0008259842260701539
481130077023005,0.0013878447926906842
481130167101012,0.000867500002134726
481130136102028,0.0018751661295236923
481130077012023,0.0013878447926906842
481130095001011,0.0013878447926906842
481130025004000,0.0013878447926906842
481130136171010,0.0013878447926906842
481130106011035,0.0013878447926906842
481130106012008,0.0013878447926906842
481130078052019,0.0008316388087594202
481130078282003,0.0013878447926906842
481130190342004,0.004525380400462023
481130204022038,0.0013878447926906842
481130136285002,0.0013878447926906842
481130100012043,0.008062494483974598
481130084012001,0.0011864544522477603
481130084011004,0.0013878447926906842
481130097011016,0.0012491184255545714
481130136292001,0.0001888697497903788
481130068002026,0.0012866046198117306
481130165271013,0.0004429753259643307
481130096033035,0.0013624750444272533
481130130113017,0.0013878447926906842
481130204022006,0.0013878447926906842
481130081023014,0.0013878447926906842
481130081022029,0.0019832072695130844
481130073024001,0.0013878447926906842
481130122074018,0.0038713890267550203
481130077022003,0.0006167838726065266
481130044001021,0.0014086421923176103
481130006061012,0.0013878447926906842
481130076041018,0.0002939047869022521
481130096031028,0.0014538043458659157
481130015041010,0.004597430729599148
481130005011000,0.0013878447926906842
481130208003057,0.0002916088241632989
481130136081011,0.0013878447926906842
481130004103056,0.0012465900388495968
481130130102007,0.0013831252734493784
481130132011007,0.000486265837444545
481130100032086,0.0013878447926906842
481130081012000,0.010909847510787926
481130043001042,0.00037523906096821786
481130025003033,0.0019296193868692103
481130025003000,0.0019872946736233152
481130025001018,0.00012619984725130247
481130167091013,0.001983071456551321
481130025001021,0.0002716506248419147
481130091051008,0.0016881107888766255
481130002013014,0.0013878447926906842
481130093011002,0.004197612947374425
481130171011036,0.0013878447926906842
481130171021018,0.0013994966105956087
481130063022000,0.0008377501696193236
481130063022035,0.004337073426480684
481130068003011,0.0013878447926906842
481130097011002,0.0010910208920352836
481130073021006,0.0004935929696267098
481130084012006,0.0011690270244823836
481130084011007,0.0028961371071859047
481130084011013,0.0005153117234163347
481130101011006,0.16879979594615613
481130099003061,0.0013878447926906842
481130122062004,0.0010619410832779642
481130208004028,0.0003640231624451305
481130010012011,0.016863631154789158
481130003001004,0.0015751757002885347
481130037001026,0.01579371942247155
481130056003009,0.0014225135148669828
481130047001014,0.0036445425632600312
481130065012015,0.001773518112304928
481130122071021,0.0001373033994324061
481130203003010,0.0012513471083415312
481130012022011,0.0013384357388968298
481130024002033,0.0010801667954126173
481130024002027,0.0019938598332176634
481130056002031,0.00038124413005808104
481130042021002,0.004105275346147859
481130100032235,0.0052425687486043725
481130136102002,0.0009208906494023503
481130122074021,0.002460063302461872
481130042011037,0.00014696763983108264
481130006062011,0.0018438873069311747
481130117023013,0.001362362466617615
481130111042025,0.000497117512818863
481130111042015,0.00018481282216429752
481130004101003,0.0007123944023016569
481139801001008,0.0013878447926906842
481130130131001,0.003085387649921062
481130211002066,0.00020445197054385286
481130055003035,0.0013878447926906842
481130202002035,0.0020467482569670797
481130027031001,0.0013878447926906842
481130004012007,0.00032160479896123356
481130004092042,0.0006608569774732675
481130013022009,0.0013878447926906842
481130088023003,0.0007327246177856085
481130006052006,0.001643213629392703
481130101012001,0.0022080463503166984
481130114011025,0.004291042857278728
481130079062022,0.0013878447926906842
481130099003070,0.0013878447926906842
481130165282007,0.0009060766547758619
481130065021009,0.0007973209553032426
481130116012004,0.00039704203478100843
481130025001015,0.001788050444817475
481130065014013,0.0013878447926906842
481130099003019,0.015156374745264347
481130119022014,0.0019587360356593925
481130106012032,0.004318850507302177
481130136103028,0.002146166478978384
481130204022127,0.00027728768139429936
481130055002013,0.00036653707590745594
481130099001054,0.016936798527176285
481130118022000,0.006474670156560126
481130108092034,0.02234279624824543
481130111042006,0.0004974496493624263
481130125021000,0.0010784115960347214
481130165262018,0.0033697189481501724
481130165212028,0.0012496216292705203
481130042013008,0.00016151990002750223
481130127013008,0.005268711432249146
481130116012005,0.001604438815135596
481130166341031,0.004568107512786223
481130045003018,0.00020166445417208335
481130013021000,0.0015882161791538358
481130171013010,0.0020650968459184032
481130025004030,0.00015203293860905332
481130060012021,0.00641558777658302
481130053001008,0.0012393461322673742
481130042011035,0.0017847138249191725
481130053001027,0.0003518345459759184
481130107012016,0.0003067157989768682
481130134001020,0.001695384314234952
481130133002016,0.0016319809758050957
481130136061008,0.0012478002671079376
481130122121003,0.001479904037702118
481130027032049,0.0002585869767989467
481130086042008,0.0471448064500311
481130061002032,0.0011800364280256422
481130068002037,0.0029670695611295453
481130165111019,0.00040054934620347246
481130003001024,0.0025831498353613485
481130054002025,0.04240630604616191
481130210003020,0.08396732659960945
481130208003070,0.0009227971428903628
481130202002020,0.00184804974760029
481130084011011,0.0006980211148347039
481130037002007,0.0013878447926906842
481130208003042,0.0013878447926906842
481130064021009,0.0013878447926906842
481130084022030,0.0013878447926906842
481130080005009,0.0015760005599460944
481130096031039,0.0013878447926906842
481130165112032,0.0013878447926906842
481130096052001,0.008352829270256098
481130209002047,0.0035760756784610965
481130165333009,0.0013878447926906842
481130112021003,0.0013878447926906842
481130111051002,0.0013878447926906842
481130108062017,0.0035689900634672264
481130073023039,0.0013878447926906842
481130006071007,0.001800652642331848
481130110031015,0.0009402126382687743
481130091042019,0.0008689446115154875
481130057001021,0.0013878447926906842
481130091052027,0.0002806196140098834
481130024002000,0.002896574921209792
481130203002020,0.0009519663670153689
481130190182004,0.0067277953805257775
481130011013006,0.04238473941521475
481130060011000,0.0013878447926906842
481130043001100,0.0013878447926906842
481130011011006,0.00027997644605501744
481130078053005,0.0007640394309831092
481130072031002,0.0013878447926906842
481130092041028,0.0006030730615604617
481130092032008,0.0013878447926906842
481130136082014,0.0014359774617227813
481130071024019,0.0021594985483613066
481130006091011,0.0021498640386513708
481130051001017,0.0013209812496181807
481130178054008,0.0013878447926906842
481130080002002,0.001486811062292803
481130093041001,0.0003015882262229163
481130093032011,0.00221632856758667
481130097011020,0.0013878447926906842
481130134001001,0.0013878447926906842
481130003002010,0.0002673732819494112
481130122073004,0.0020916451128103293
481130081023017,0.00101180664869923
481130112021015,0.0002845480977964575
481130037002041,0.0018949881901341823
481130208004015,0.0013878447926906842
481130092042007,0.0013564589604030718
481130090022005,0.002475130427241327
481130081011010,0.00034688788312537934
481130190163007,0.0013878447926906842
481130136053018,0.0013878447926906842
481130192082007,0.0016739307952878034
481130190353010,0.0013878447926906842
481130190342002,0.0013878447926906842
481130061002019,0.001533647855022607
481130136111030,0.0016757522134727408
481130206002005,0.0013878447926906842
481130078011003,0.0013878447926906842
481130206002056,0.001506150816687916
481130136102034,0.0013878447926906842
481130101012015,0.0001668667608562917
481130136051000,0.0013878447926906842
481130073012009,0.003123847379337494
481130067011008,0.0034029701580167806
481130211002084,0.00046172888321239293
481130115002042,0.0008180722094891159
481130096091024,0.0013878447926906842
481130096071001,0.0013878447926906842
481130190405028,0.0013878447926906842
481130008011001,0.057417822676128966
481130128023030,0.0013878447926906842
481130100012060,0.0034443430996690784
481130004092048,0.0008085997950859241
481130096051023,0.0013878447926906842
481130096112005,0.0007406551082725599
481130136112003,0.0013878447926906842
481130136201003,0.00022645750935170136
481130099001124,0.00029380125712360924
481130115001009,0.00044506926704076947
481130091013022,0.0013878447926906842
481130203001008,0.0013878447926906842
481130119012010,0.01859599700648859
481130136192005,0.0013878447926906842
481130185063005,0.0013878447926906842
481130096033034,0.0013878447926906842
481130003002017,0.00020122470718339402
481130133002011,0.0013878447926906842
481130131021031,0.0010493764901078778
481130043001123,0.0005938445967425839
481130042013006,0.009778660836298081
481130096081003,0.010496615197336424
481130096092029,0.004489184607505004
481130096091029,0.001506150816687916
481130209002013,0.0013878447926906842
481130048001042,0.0003954125154671576
481130042013014,0.0046863385690431355
481130051002012,0.0015180268754677972
481130123023001,0.0013878447926906842
481130100032033,0.001509086372555129
481130132024006,0.0013878447926906842
481130081023008,0.0041615786647689395
481130054003043,0.0011486371408765067
481130203001029,0.0013878447926906842
481130002012024,0.00023290086663315656
481130080003008,0.0006586156710199548
481130011021009,0.0016696193683684861
481130209002081,0.001700325982393533
481130136101022,0.0006587122302027117
481130068002017,0.0017602295690680918
481130136191015,0.0009555320072270391
481130100012019,0.0013878447926906842
481130209001058,0.004026431141721027
481130125011012,0.00041907221877026535
481130037002016,0.006647983039708335
481130014002004,0.0005229258765843031
481130015023003,0.0008923962745284456
481130003002027,0.00021419790704317596
481130208001004,0.001044504768728322
481130057002010,0.0023113263235719885
481130114013003,0.00038448595429343795
481130165333007,0.0013878447926906842
481130206001040,0.0008951432401600678
481130054001008,0.0015790084777728955
481130125012024,0.0013878447926906842
481130202002022,0.0013878447926906842
481130057002020,0.00037068803157304993
481130209001061,0.0015954109463142037
481130059021007,0.0017361692829484215
481130136052014,0.0013878447926906842
481130136182020,0.0012651277148028992
481130094012022,0.011348412682232897
481130080002020,0.0013878447926906842
481130130053004,0.0013885864116913473
481130130052010,0.0020034535322970065
481130078291002,0.0001123272408304461
481130056002000,0.009553134199069536
481130110042012,0.0011574138187931949
481130052002010,0.0013878447926906842
481130165273014,0.0013878447926906842
481130046001022,0.002179842309272275
481130100032223,0.0013878447926906842
481130082003016,0.002335775884200385
481130055003001,0.008392104568478869
481130171021035,0.0003006463185870345
481130123011014,0.00028387168041701114
481130099002001,0.0013878447926906842
481130094012010,0.0013878447926906842
481130072052007,0.0025881558668530424
481130136061001,0.009656028301541584
481130131012032,0.0007908045124650053
481130132012015,0.002591890298455065
481130108061005,0.009956690797381235
481130096042033,0.0011250762796076663
481130078092023,0.001930267419301815
481130113003036,0.002286790492083288
481130087032000,0.001508948501663633
481130091052008,0.0011017318629778627
481130061001026,0.0048201832338058016
481130051001012,0.005792845090267338
481130094022012,0.0013878447926906842
481130130072025,0.0025445241959376782
481130116032017,0.0005999893371916528
481130092021018,0.0012560304288881715
481130204022002,0.00343539032164842
481130136103024,0.004746102267684878
481130171012009,0.0013878447926906842
481130079023010,0.001506150816687916
481130122131006,0.0007286514814539869
481130130122006,0.0013878447926906842
481130014001009,0.0016589789618204301
481130006081014,0.0026974681100488587
481130136182001,0.0018277922804558525
481130008012014,0.0003793216126797382
481130008013006,0.0022551580203577725
481130016021006,0.0052312662594801405
481130020011024,0.0003198467728637418
481130165211002,0.004525380400462023
481130117012014,0.0013878447926906842
481130117022023,0.0012478002671079376
481130077023036,0.0013878447926906842
481130063021032,0.0024041976285420407
481130118013018,0.0015308787159501746
481130079022009,0.009396536299815543
481130129004005,0.08520793346198614
481130126043008,0.000668174282827746
481130002011001,0.0023531625141854154
481130127021010,0.00025662535293850835
481130125022017,0.003255323269159764
481130128021026,0.0006718758611381686
481130130132011,0.0007658518256809491
481130130082016,0.00010391677891658016
481130059012019,0.0011753307839101152
481130107011004,0.0005136486763357329
481130126031018,0.02987111672313521
481130202002080,0.003901011986554142
481130065022026,0.0013878447926906842
481130176051006,0.001118547565775499
481130051001002,0.0017081336479818614
481130045002037,0.0015180268754677972
481130095002032,0.0010192485037287407
481130107011002,0.001826647653744477
481130082003040,0.00031404637612724785
481130048002035,0.0013358947459614218
481130165261014,0.0017142822971917327
481130208001002,0.0002944115006749072
481130116011020,0.0021754398676805263
481130073022016,0.00019218451986525499
481130073022018,0.0013878447926906842
481130136054000,0.00012857917667858572
481130211002044,0.2046441864600348
481130178081017,0.0013878447926906842
481130059012023,0.3679512344500677
481130202002084,0.0013878447926906842
481130080001020,0.0007763398347398791
481130206001001,0.0012513471083415312
481130111012021,0.0006905768296322578
481130111011018,0.0006908675601826013
481130045001029,0.0013326075846882479
481130108072012,0.00019697329108041745
481130109031003,0.0008221631400565777
481130100031042,0.0013878447926906842
481130130092016,0.0014974515902746541
481130027033033,0.0023706011957349816
481130084022028,0.033215149503338016
481130208003018,0.0013878447926906842
481130208003069,0.0013878447926906842
481130130131011,0.00042808304446973226
481130122121001,0.0010895334900814944
481130056003026,0.0012513471083415312
481130108072021,0.002107327798098514
481130192081020,0.0005615038062196152
481130064021039,0.0013878447926906842
481130084022026,0.008782158123412284
481130010021002,0.0005782595492768943
481130108061004,0.0013878447926906842
481130108062023,0.0005635669655580384
481130111031000,0.019511823760298846
481130060023003,0.0013878447926906842
481130008012009,0.0010837716170330127
481130047002030,0.0006508360806055754
481130079061000,0.00018195641611596565
481130100012011,0.0013878447926906842
481130025004038,0.003307106839212498
481130107041014,0.0033496126170468343
481130166341021,0.0013878447926906842
481130076011011,0.005844656024690173
481130190341000,0.03153207141212668
481130009021001,0.00048132296212629325
481130118022017,0.00018748488005184888
481130165271012,0.0013878447926906842
481130060023005,0.003913171396869018
481130043001090,0.0031305736338069754
481130065022000,0.0033081196026724003
481130052001000,0.0013878447926906842
481130052002023,0.0014101268354892549
481130056003016,0.0027514948694029877
481130128021022,0.00018482966944949648
481130127013009,0.003072255182197011
481130130052006,0.0013878447926906842
481130055002010,0.0013612660355702313
481130012031016,0.0020641988342694085
481130043001062,0.0005694812572822833
481130206001038,0.000221852100505006
481130130082006,0.0015790084777728955
481130084021022,0.0006980211148347039
481130002012010,0.004512095299301593
481130067021006,0.0017319442196671406
481130097011022,0.00016797622015493749
481130025004037,0.008686739036332615
481130010022022,0.004427192774674375
481130096042010,0.0013878447926906842
481130165331001,0.0009258996286472617
481130099003047,0.000628672725603728
481130122061009,0.00011566008100776059
481130124001004,0.003445239372816964
481130012023002,0.0013878447926906842
481130210001013,0.0013878447926906842
481130208004018,0.0022689260304907194
481130112022033,0.0013878447926906842
481130136054014,0.0002529246008629953
481130136152023,0.0014969245675099687
481130190341001,0.00018763235249773114
481130060023008,0.0005746608937624546
481130107012002,0.0013878447926906842
481130108071019,0.0029670695611295453
481130136101036,0.00034031484834167743
481130096083000,0.0013878447926906842
481130136081027,0.0013809673773974083
481130045002007,0.00221632856758667
481130136111016,0.0013878447926906842
481130141571002,0.0017994086517016156
481130090012022,0.0030998309365496066
481130136111011,0.0013878447926906842
481130136081035,0.0013878447926906842
481130106012003,0.0009058366388970939
481130079062006,0.0007286514814539869
481130027033031,0.0009250367113390591
481130078052009,0.0015180268754677972
481130080004001,0.0013878447926906842
481130211001014,0.0002146095381904477
481130210002004,0.0012478002671079376
481130190163004,0.0013878447926906842
481130209001045,0.0020748624178074486
481130130051014,0.0009167485282564101
481130107011006,0.0013878447926906842
481130121011007,0.0013878447926906842
481130004092049,0.0019681929202165875
481139801001000,0.0013878447926906842
481130107015012,0.0013878447926906842
481130097012001,0.0013878447926906842
481130079121000,0.0013878447926906842
481130129002013,0.0013878447926906842
481130159002009,0.0013878447926906842
481130091041002,0.0013878447926906842
481130098031001,0.0013878447926906842
481130112012012,0.001461146931559026
481130136172021,0.005607193283217098
481130096033029,0.0013878447926906842
481130192081012,0.0013878447926906842
481130107041008,0.0001689509838660207
481130081024012,0.00015995686045727
481130098023028,0.0013878447926906842
481130100015000,0.011877709945164091
481130059012005,0.0011645609623786306
481130125022023,0.0012892685163724657
481130136172029,0.0003117002670461371
481130165272013,0.0013878447926906842
481130113003035,0.0008331490475226796
481130096071019,0.002389216914626244
481130212001027,0.0014030745205904991
481130096052000,0.00013544791445352803
481130054003037,0.004287742040981136
481130176051003,0.027132553379518184
481130003002022,0.003175285579317169
481130056002011,0.008728046129696292
481130131021026,0.02669039761620658
481130060012006,0.0013878447926906842
481130108093024,0.0005006043479605929
481130165261008,0.00023315503812302248
481130004091008,0.0013878447926906842
481130204012038,0.0022540916143680757
481130079161002,0.0007552938615125275
481130105002006,0.002196471927378385
481130054002044,0.008549344701115876
481130054003010,0.0013878447926906842
481130057003039,0.0016737753219714243
481130057003045,0.0013878447926906842
481130123011002,0.0013878447926906842
481130093043008,0.0056136625672055076
481130053001020,0.0021796375450253507
481130002021014,0.00825602250656129
481130166341017,0.0013878447926906842
481130071022001,0.0012478002671079376
481130136051018,0.0013878447926906842
481130099003045,0.0013878447926906842
481130122074004,0.0013878447926906842
481130128021016,0.000155520525620046
481130027032072,0.0013878447926906842
481130092022005,0.0007474716762291526
481130059011016,0.0011464631101722356
481130109062011,0.0020323150732254364
481130081023035,0.0006005863206573718
481130165212000,0.0014538043458659157
481130117013034,0.0035413178965000383
481130079023011,0.0013878447926906842
481130130113010,0.0013878447926906842
481130086042012,0.0019566831978801405
481130087051014,0.00021870416282473485
481130211002040,0.0019389461738054496
481130110032003,0.010506074921086673
481130101022011,0.0015867817323691924
481130101022014,0.0005285827849342367
481130100032072,0.0008058292467581262
481130136081039,0.0021106214045827423
481130136082003,0.003085387649921062
481130081023022,0.00038944752348703894
481130045003035,0.0016974397802524727
481130042022018,0.0010507272982121026
481130100032224,0.008945979079379744
481130090012016,0.0013878447926906842
481130106011000,0.00019208715740704106
481130109031007,0.0038449522963010007
481130107043017,0.00041016127347667976
481130111041022,0.0010220918208209107
481130078052020,0.002107327798098514
481130096112002,0.005011341741239278
481130096112008,0.004717773683983909
481130130122009,0.0018322635750239896
481130128021036,0.0019389461738054496
481130063022038,0.0013878447926906842
481130176051008,0.0074404163648215185
481130025001003,0.006923669268471356
481130073022014,0.0010201118678811016
481130091013027,0.0003707199551055267
481130012041020,0.004342025148517671
481130024003015,0.00012273508453412128
481130166341026,0.004525380400462023
481130054002014,0.0012599906561210847
481130202002030,0.0021261215231118532
481130106021029,0.0007022293485643373
481130004082005,0.0002549521369502774
481130068002040,0.0004890535111361474
481130115002052,0.0013878447926906842
481130077012004,0.0016732088291645506
481130101022013,0.00048543855529707995
481130101021040,0.0032359761082718244
481130050002010,0.0003424536289987347
481130130092000,0.0015141524505241058
481130092031008,0.000609903064385147
481130136072038,0.0013878447926906842
481130065012016,0.003532379794008332
481130027032024,0.009645077286843527
481130206001043,0.0022080463503166984
481130079032014,0.0016757522134727408
481130078241015,0.0020975836443005314
481130064011034,0.0013380762942056704
481130063013005,0.014091567701253827
481130051002025,0.0018334586057976972
481130106021037,0.0013878447926906842
481130080003016,0.0007717197320150921
481130130092018,0.0013878447926906842
481130054001022,0.0013878447926906842
481130054001021,0.0013878447926906842
481130118022011,0.0020640656923350993
481130006061000,0.003270210887536535
481130079022006,0.006638040820392851
481130208002012,0.0003951249153767351
481130014003008,0.00017034154812656423
481130090012006,0.001533326677869026
481130122074017,0.4933129273650669
481130107041030,0.0020048413411355576
481130037002032,0.0035107101795695535
481130065022010,0.004596966095290412
481130166341045,0.0001874995625290271
481130052001011,0.0013878447926906842
481130165112006,0.0026791182372250632
481130130072030,0.002716948968860915
481130063022025,0.0015659464115651256
481130065022037,0.0013878447926906842
481130098023009,0.0011426049918437772
481130096051008,0.00025957767705026154
481130081024004,0.000696336118578492
481130081022008,0.001887636453946432
481130027032061,0.0013878447926906842
481130001001016,0.0009974741495184661
481130037002004,0.0018470314552234799
481130062003045,0.0005672199160567801
481130131021038,0.0012737419936016325
481130092031006,0.0009102040593659969
481130115002044,0.00014013301660676855
481130136071010,0.0006807210710626887
481130054003018,0.0016133112509834388
481130054003022,0.00042424276989989256
481130086041002,0.0034840472523956843
481130093041024,0.00030575680749199755
481130059023000,0.0005016770004179137
481130080001006,0.00205077490338993
481130170101037,0.0027327668885725994
481130107041005,0.0013878447926906842
481130044001020,0.00035637571602155333
481130005021003,0.003452954318742144
481130098021002,0.010501115333928262
481130128022012,0.0012903866523907535
481130127013003,0.0031341907888892445
481130116012008,0.00032866818161877655
481130080003001,0.0013625736088335363
481130100021025,0.0003668914759270289
481130076051025,0.0006394576412480078
481130094022015,0.001387660878263856
481130170102007,0.0013878447926906842
481130009011001,0.00011897136052866859
481130099001007,0.0002555607073871886
481130136111003,0.0012986900301999041
481130093031011,0.0010918608898342556
481130071011008,0.0013878447926906842
481130020011006,0.0013878447926906842
481130099003107,0.0006688496546859382
481130079062007,0.0016024638197503125
481130004103012,0.001950100242234519
481130127021008,0.003934789124725911
481130129003011,0.0026791182372250632
481130129003018,0.0008887762185716184
481130091041017,0.0011548068152427064
481130091012000,0.0013878447926906842
481130136063011,0.006876498438129332
481130050002035,0.00022162492819504252
481130061001020,0.0011382547717326177
481130043001079,0.0012725032828458719
481130043001006,0.0026791182372250632
481130065011009,0.0006750478645222711
481130052001002,0.0013878447926906842
481130127022023,0.000404588192304051
481130130132022,0.0030020864522676983
481130101021027,0.0005643557249047266
481130099003087,0.0019559626032300877
481130057002035,0.001350182483181039
481130043001098,0.00019840728715513235
481130115001005,0.00014898147653589705
481130167102009,0.15274850957774302
481130125011013,0.0013878447926906842
481130180013000,0.0013878447926906842
481130099001127,0.0013878447926906842
481130119022028,0.0013878447926906842
481130116041000,0.00012256361117361195
481130091051014,0.004485573124478645
481130055003008,0.0005066695235438252
481130078053011,0.0011871216691556415
481130078282002,0.0013878447926906842
481130096031020,0.0004196277984745339
481130190184005,0.002107327798098514
481130077023003,0.0013878447926906842
481130076051048,0.0013878447926906842
481130078122023,0.0009943303583700674
481130085001013,0.0007992615384507508
481130136101032,0.00012493908520731816
481130136103011,0.0013878447926906842
481130020011008,0.0013878447926906842
481130099001022,0.0013878447926906842
481130122122012,0.0013878447926906842
481130100021004,0.0013878447926906842
481130071011007,0.0013878447926906842
481130076041006,0.0008951432401600678
481130136152009,0.00020303295148000488
481130209001057,0.0011837618150375953
481130190405032,0.0013878447926906842
481130078292012,0.0031896813170844396
481130136102020,0.0013878447926906842
481130165212015,0.0013878447926906842
481130165212024,0.0017743263278747487
481130006053000,0.0013878447926906842
481130136285039,0.0013878447926906842
481130136192002,0.0013878447926906842
481130085002037,0.0013878447926906842
481130078222018,0.0013878447926906842
481130165281001,0.00021444901536177936
481130123025009,0.004801828731719869
481130078341000,0.0013878447926906842
481130013011009,0.0013878447926906842
481130208004008,0.00013740168180492366
481130068003000,0.0012346633358520476
481130055002004,0.0017576982650046426
481130011012012,0.0006334315876794965
481130073022022,0.00044866179581283517
481130185063045,0.0028110110726955588
481130099001016,0.00042920014996715634
481130136102011,0.0013878447926906842
481130043001116,0.00032844147867074633
481130081023018,0.0007696663883976915
481130073012031,0.0005486855483403709
481130060023006,0.0013878447926906842
481130136152004,0.0033910788492877617
481130136061023,0.0023252292214167992
481130072062007,0.1584604682781555
481130163012009,0.000746604419794224
481130067021018,0.0018586540368448336
481130043001008,0.0013878447926906842
481130062001028,0.0013878447926906842
481130130072026,0.0017108909733123865
481130055003039,0.0008479063303186526
481130067021019,0.0022736261225943374
481130101021011,0.0013878447926906842
481130212001022,0.00011388154485165835
481130037001005,0.0010212835506102254
481130027032027,0.003313526339040441
481130118021002,0.00015104040467029368
481130013012007,0.0013878447926906842
481130013012013,0.003184500722567738
481130208004030,0.0024160696497663886
481130081022010,0.0005143437168072309
481130067021026,0.0013878447926906842
481130165362005,0.0013878447926906842
481130068002045,0.001721858285444886
481130136063006,0.0013878447926906842
481130209001071,0.00022862553053699635
481130003001005,0.002203376691827099
481130208002024,0.0007286030400487608
481130208003011,0.0007181698781904238
481130165281003,0.0013878447926906842
481130078052017,0.0036764262476949488
481130133002013,0.003869482024073955
481130080001002,0.0014119586441537551
481130079023019,0.0005443899951731162
481130079021015,0.0008035570407153127
481130110032010,0.001480374751370255
481130044002022,0.00040019702461211446
481130044001007,0.0018253368421809373
481130098031031,0.007950544610159134
481130165283006,0.00010238662935869998
481130076012000,0.0008085997950859241
481130037002033,0.00798961934757125
481130116032026,0.0013878447926906842
481130167111000,0.0008940522909440681
481130171023040,0.0013878447926906842
481130069001000,0.0013878447926906842
481130118022025,0.0005508022975765083
481130118013015,0.0031790544829785545
481130025003027,0.00202635506745257
481130111012007,0.0013878447926906842
481130044003013,0.009674730925172402
481130117023029,0.00010900081804201189
481130088022003,0.0005609924622082145
481130096081004,0.0013878447926906842
481130067012016,0.0013878447926906842
481130080002017,0.0007031995106438163
481130126043016,0.003417758665527792
481130059013010,0.0013878447926906842
481130097011025,0.0023348294484250615
481130136101038,0.005024185530792665
481130131012038,0.0011419972402172886
481130005031002,0.0001907784735395857
481130008013005,0.0011406503104011095
481130016021005,0.0001664911025826897
481130022003007,0.002107327798098514
481130190193001,0.000887268457817604
481130116032002,0.0006475708766735587
481130106021001,0.00728807620932271
481130136192009,0.002196471927378385
481130087051029,0.0013878447926906842
481130119021009,0.0004266843463760083
481130119012011,0.00034943414242379967
481130077012021,0.00034419591011406315
481130078092024,0.0008929365443300937
481130063021025,0.003085387649921062
481130062002007,0.0007992615384507508
481130205003000,0.0013878447926906842
481130002011010,0.0013878447926906842
481130011012019,0.0024160696497663886
481130130072027,0.004620184919971386
481130091052003,0.0010560993805096652
481130206001054,0.0013878447926906842
481130063021028,0.0016507609993494322
481130003001006,0.0010192485037287407
481130114011000,0.00012399486520874237
481130067021036,0.001975529696770093
481130042011046,0.0013878447926906842
481130126031001,0.006089474024620532
481130037002038,0.0006980211148347039
481130111041011,0.003532194755133017
481130096031038,0.0022220971272778815
481130100031045,0.0013878447926906842
481130106012028,0.002957203379859285
481130100032084,0.0002981143651238342
481130136081034,0.004415638231787623
481130128011016,0.0005503481823501273
481130128021010,0.0013878447926906842
481130053002012,0.0008999108298761038
481130108072006,0.0006900309942387099
481130108082011,0.001970034084970558
481130204022008,0.0026506520987108527
481130081024007,0.0015017176850010167
481130056002025,0.00278543415129125
481130108072031,0.0005577105754784656
481130013013006,0.00011122694682292213
481130087012002,0.0013878447926906842
481130045002022,0.0011419972402172886
481130165112001,0.0013878447926906842
481130071011004,0.0009830415993288284
481130136072022,0.0005927787781946996
481130136054007,0.000798182422604601
481130136071019,0.0002465773215546614
481130129003017,0.00042808304446973226
481130010011007,0.010158536759684162
481130054001016,0.0017374316023677373
481130056001034,0.0019030111030134116
481130114013006,0.0002687669404055993
481130203003012,0.002703653896111327
481130085002023,0.0010757866729815308
481130091031008,0.0007535006184961399
481130109063011,0.0013878447926906842
481130107043029,0.0012348347539696948
481130136062021,0.0015202494296983654
481130085001014,0.002196471927378385
481130128023022,0.00014281879343579757
481130210004022,0.0004104677399696133
481130208001008,0.0004354938740319337
481130096081015,0.00040216531820356214
481130105002011,0.001191630454139089
481130109031020,0.0004935238725093928
481130061001002,0.0013878447926906842
481130060012030,0.0013878447926906842
481130059021017,0.009319978039844946
481130006081003,0.0006491687839799097
481130051001019,0.0018486222199134395
481130165262017,0.0003685529408086377
481130037002020,0.00048235941765609674
481130037002030,0.000811139218709336
481130081023028,0.0026791182372250632
481130091052013,0.0007050240111406705
481130113002002,0.006602905798727546
481130120003002,0.06509455650469644
481130167111012,0.0013068030519981526
481130062002017,0.0013878447926906842
481130212003068,0.0013878447926906842
481130094022018,0.0004160483744211457
481130025004029,0.0013956504298080167
481130211002014,0.00012041297142129929
481130054002001,0.0013878447926906842
481130107041004,0.0013878447926906842
481130006082005,0.0033868743207072258
481130046001026,0.00013396908401918593
481130052002001,0.002463108700602032
481130015032000,0.0020764067108050913
481130088021011,0.003548940469904534
481130027031004,0.0013878447926906842
481130136171012,0.000746939484573975
481130127021012,0.000114154960593842
481130059012020,0.0007286514814539869
481130052002019,0.0007410342371628122
481130004012023,0.0013878447926906842
481130008021004,0.00012409699305553906
481130167091007,0.0013878447926906842
481130091032013,0.00038996677716697975
481130117022020,0.004760254469916236
481130055003038,0.003407294484138466
481130054001043,0.00046402631788850424
481130084012012,0.0005650173590364397
481130006061011,0.014486282126684078
481130106022025,0.0005208314827689734
481130012023025,0.0002087938046003793
481130073012002,0.0025311388071603464
481130015042009,0.0004181841367789186
481130211002080,0.009401742467032369
481130202002008,0.0028610671734780393
481130130122015,0.003147677708387616
481130131011000,0.0013878447926906842
481130078283000,0.003307002365035065
481130136092038,0.0013878447926906842
481130136092003,0.0013878447926906842
481130014003017,0.0013878447926906842
481130024003004,0.00036175884521248795
481130024001016,0.0013878447926906842
481130136213010,0.0013878447926906842
481130077023035,0.0002673806012917318
481130064011004,0.0013878447926906842
481130121022014,0.0013878447926906842
481130022003025,0.0011542108621754527
481130113002003,0.0009919876443069448
481130136081037,0.0016373385093174436
481130135002029,0.0013878447926906842
481130135002021,0.0013878447926906842
481130076012002,0.0007886747685887711
481130027033028,0.00013138301155525312
481130133001000,0.0013878447926906842
481130129001031,0.0009246878382730885
481130096091020,0.0013878447926906842
481130132022002,0.0013878447926906842
481130132021007,0.0013878447926906842
481130107043024,0.0013878447926906842
481130099003005,0.0013878447926906842
481130130072024,0.0013878447926906842
481130069001002,0.0013878447926906842
481130209002016,0.0013878447926906842
481130079024010,0.0013878447926906842
481130118012010,0.0018201117846058843
481130108082003,0.0009318112332781125
481130020022017,0.00021562408259818825
481130107012009,0.0013878447926906842
481130085002012,0.0003694895248948719
481130124001005,0.0012525070243877615
481130068001006,0.013003535222399576
481130072052003,0.00011459180166156143
481130076042031,0.0013878447926906842
481130211002025,0.0013878447926906842
481130078012007,0.001693513247250323
481130101022015,0.0007527051573644824
481130064022010,0.0013878447926906842
481130011011017,0.0007360160572411086
481130062001011,0.0009077845809327897
481130108071016,0.0026791182372250632
481130126011003,0.0013878447926906842
481130136152007,0.002703653896111327
481130081022035,0.00048705174557537483
481130065012024,0.0013878447926906842
481130136201011,0.0013878447926906842
481130100032034,0.00010403217511142049
481130132011021,0.0016757522134727408
481130204022034,0.0013878447926906842
481130203001007,0.0013878447926906842
481130185063077,0.0008670351136246956
481130081023034,0.0013878447926906842
481130013021018,0.0011023821770632994
481130013011012,0.0027269064484724483
481130024002016,0.0013878447926906842
481130171013018,0.0003285117887186215
481130016021011,0.0045378763936189635
481130050002049,0.0018571408700626677
481130011012010,0.0013878447926906842
481130068002011,0.0005494773681161774
481130073023033,0.0032875833646904963
481130062002021,0.014049865052771351
481130101011015,0.00019586422370499254
481130101011013,0.0013878447926906842
481130128023005,0.0002821841267182026
481130003001002,0.0004571303807973372
481130210002017,0.00013050680255471443
481130114013005,0.0021498107241419593
481130091041014,0.0008126285219008455
481130123025024,0.0013878447926906842
481130005022000,0.0013139806924358697
481130116031008,0.0013878447926906842
481130122091004,0.0007809795885935388
481130190163010,0.0015066555500951007
481130087043000,0.0013878447926906842
481130092032016,0.003995259594385703
481130110032005,0.0013133887524913318
481130165262012,0.0013878447926906842
481130165273008,0.017719182630610356
481130098023003,0.0037331789287187935
481130099001009,0.0013878447926906842
481130096112013,0.0030393654147761345
481130080002004,0.0018906661779590382
481130014002000,0.0013878447926906842
481130176051004,0.0007317518441130538
481130053004047,0.0005214043691856035
481130210001038,0.0008750483693505068
481130091042014,0.001700325982393533
481130096033036,0.0013878447926906842
481130204022029,0.0013878447926906842
481130211002087,0.002107327798098514
481130046001008,0.000918063380959751
481130063012016,0.0003179752907411368
481130108093006,0.0013878447926906842
481130121011006,0.0013878447926906842
481130091052001,0.0005024351850110879
481130068002025,0.0016877175852208865
481130043001068,0.0013878447926906842
481130118013013,0.0003036085318319687
481130110033017,0.0028038500499537435
481130045003037,0.0007992615384507508
481130117021016,0.0013878447926906842
481130076041034,0.005783207828196715
481130014003004,0.001975529696770093
481130014003006,0.0008119850558106377
481130073012017,0.0013878447926906842
481130106011014,0.002703653896111327
481130136062010,0.00029077856118428296
481130203002070,0.000426938978928691
481130141231034,0.0013878447926906842
481130165211018,0.0013878447926906842
481130118012013,0.0011419972402172886
481130064022047,0.0008789385781162277
481130125011008,0.0016073239331231383
481130010021007,0.0008408338104427648
481130205003003,0.0008083299048223972
481130106011004,0.000598986362403143
481130126043005,0.0013878447926906842
481130013021011,0.0004760237412608228
481130093043015,0.0008085351031005773
481130037002021,0.0007028485935751653
481130062003050,0.0007542963272193186
481130123011026,0.00874337062915204
481130051002019,0.0022570419102793857
481130109062008,0.0020826815718738055
481130114011032,0.000165901442784418
481130202002087,0.0013878447926906842
481130112022029,0.0013878447926906842
481130006101000,0.0013878447926906842
481130054003025,0.002844060659476156
481130051002004,0.0012513471083415312
481130006091023,0.002944375485311077
481130135002024,0.0013878447926906842
481130096033001,0.002017868223864411
481130013021008,0.0009493847768840571
481130165282026,0.0004503524894664458
481130016011023,0.0013878447926906842
481130087031012,0.00445318462364847
481130108092023,0.0023742614633207983
481130101011024,0.00018311831731776632
481130052001020,0.00045500389217498503
481130078251003,0.008966031977687893
481130108091010,0.005068646634556562
481130053004029,0.0003159572439471349
481130109031050,0.001385312283832359
481130171021019,0.002626895258801609
481130107012019,0.0008221020242697871
481130011022012,0.0009933004748896956
481130122091009,0.002342515282763537
481130081024003,0.0011419972402172886
481130081022018,0.0020067116381040652
481130001002011,0.005455653664870363
481130165261011,0.0013084770509581738
481130165282024,0.0010254112626085087
481130087032007,0.00046834255733994374
481130130072029,0.001234876420702389
481130093041015,0.0013878447926906842
481130052001038,0.0007450018824953294
481130052001005,0.003971440473736318
481130165111003,0.0004387696535524591
481130067021014,0.001308052838709209
481130073011019,0.001482378218821694
481130136092000,0.0020911817758716557
481130079021007,0.0013878447926906842
481130059012024,0.002055324194384145
481130202001018,0.0013878447926906842
481130202002075,0.0013878447926906842
481130208002000,0.00010165052790611265
481130171011027,0.0017656692221388844
481130080003014,0.00103406625486137
481130116011014,0.0014902445305898441
481130078092002,0.0009314607422403131
481130093011035,0.0030491519875978845
481130076012005,0.0013878447926906842
481130203003041,0.00047235612257771187
481130136101031,0.0017281884719717376
481130096082007,0.00046222835067550883
481130136082004,0.0013878447926906842
481130202002079,0.00012734262509274505
481130136053006,0.0016890174665978796
481130167111029,0.0017059418590690423
481130116012020,0.0012478002671079376
481130063013004,0.0007992615384507508
481130096031007,0.0007846850876064451
481130123024006,0.00019224696789693106
481130123011024,0.001660687190633058
481130124004005,0.0011680042749523589
481130124004013,0.0040970602216940195
481130127022009,0.002166394395526551
481130078254006,0.0013878447926906842
481130190341009,0.003191083960639598
481130093031002,0.00366104487513151
481130088022023,0.00025915390038547514
481130092021006,0.0013878447926906842
481130112022018,0.0026645148515324606
481130059011014,0.005171813567939548
481130022001006,0.0007450344681372158
481130130102009,0.0013878447926906842
481130130113011,0.0024337970613418896
481130204022102,0.0007085854242267293
481130064011002,0.0013878447926906842
481130012031006,0.0004118049666306482
481130025004012,0.019746995715027197
481130108093009,0.0019025354026612248
481130050002046,0.000289861521885906
481130100021009,0.00027539733759534895
481130001003000,0.0009761540384995804
481130093041005,0.0013878447926906842
481130093041000,0.0013878447926906842
481130056002001,0.002204555797266212
481130068002028,0.0007992615384507508
481130043001074,0.0013878447926906842
481130092023013,0.0001268757646342426
481130122113004,0.011976311381175487
481130024001027,0.0006980211148347039
481130210001002,0.0010801667954126173
481130202002027,0.0013878447926906842
481130118011018,0.0013878447926906842
481130092023007,0.003360367138060918
481130136092035,0.0008184488962526707
481130136211011,0.004665193535657377
481130090012032,0.0013878447926906842
481130120003008,0.0007022293485643373
481130136201016,0.0013878447926906842
481130076011021,0.0033910788492877617
481130121022023,0.0013878447926906842
481130113002038,0.0007575235197124903
481130136103013,0.0013878447926906842
481130136092011,0.0013878447926906842
481130123021002,0.0006723291375591319
481130165332006,0.00034978186234834835
481130123025020,0.0013878447926906842
481130084022042,0.0013878447926906842
481130071021001,0.0017393263009831557
481130100012018,0.0013878447926906842
481130095002016,0.0010105328303897053
481130203001000,0.0008916992970782997
481130094013006,0.0013878447926906842
481139801001038,0.00046997146330146226
481130071012015,0.0013878447926906842
481130100012061,0.0013878447926906842
481130097012000,0.0013878447926906842
481130097011008,0.0022224927564119083
481130106012009,0.0031757460684578628
481130006052002,0.00903497813621533
481130179001009,0.0013878447926906842
481130093011001,0.0013878447926906842
481130190193008,0.0013878447926906842
481130192081021,0.0013406848887613668
481130205003022,0.0013878447926906842
481130025003025,0.0013878447926906842
481130129004004,0.0012646389972108434
481130051001009,0.0013878447926906842
481130211002041,0.0013878447926906842
481130004103007,0.0013878447926906842
481139801001021,0.0008840203207976708
481130013022019,0.0019170126471927988
481130080004016,0.00797933366181064
481130131061003,0.040031644916552034
481130095002006,0.0013878447926906842
481130131012001,0.0014094235546981031
481130192082011,0.0024160696497663886
481130096071004,0.002655908121705295
481130064022009,0.0022226322637935187
481130092023017,0.0010422371458346724
481130159002003,0.0013878447926906842
481130167091023,0.0013878447926906842
481130062001016,0.013304322197100302
481130091042009,0.0002836066359337665
481130043001128,0.0021498107241419593
481130136061006,0.0013878447926906842
481130099003030,0.0008444366056949984
481130132011024,0.0003526738256166365
481130079061003,0.004838565099170157
481130190194005,0.0030643464318525107
481130065012022,0.0013878447926906842
481130043001071,0.0013878447926906842
481130065021000,0.0009000048531309144
481130136102009,0.00182292889797301
481130132012003,0.0014969245675099687
481130204022105,0.000763571385203462
481130129002038,0.0013878447926906842
481130037001008,0.0005712795267672495
481130037001007,0.00023064690717638288
481130136061017,0.0013878447926906842
481130057001006,0.0013878447926906842
481130092023011,0.003435924187302524
481130125012015,0.0013878447926906842
481130024001018,0.00036479298822134976
481130113001004,0.0013878447926906842
481130171011031,0.0013878447926906842
481130185063049,0.0009943303583700674
481130053003010,0.0017741706183249386
481130107012037,0.0003035513387282413
481130100032091,0.00013283469414696644
481130165273005,0.0008951432401600678
481130011012016,0.008229863243157257
481130096112022,0.0008951432401600678
481130205001006,0.00022944592391702014
481130101011014,0.0007776017909802826
481130096091016,0.0015805691304413218
481130079062011,0.0013878447926906842
481130003004007,0.0002335360865013035
481130208003008,0.0013878447926906842
481130025003013,0.002235798074183714
481130136101004,0.0020932540809008265
481130006081013,0.0011253860089639129
481130067021029,0.0013878447926906842
481130080003007,0.0022765089078202595
481130088023002,0.000777335294022793
481130079032008,0.0006684392495359112
481130078251009,0.007216897718009818
481130116032004,0.0011906661235502683
481130136182018,0.0013878447926906842
481130078092008,0.001297373807722189
481130079021016,0.00328712468071922
481130130121018,0.0025546833086057797
481130210001036,0.0013878447926906842
481130059011015,0.002880014527422033
481130044002008,0.0008750483693505068
481130166341001,0.0013878447926906842
481130045003022,0.001300851862685404
481130043001092,0.002117179042205614
481130185063004,0.030860781006480324
481130206001019,0.0013878447926906842
481130096051019,0.0014969245675099687
481130130072006,0.004499566958768655
481130111041009,0.0013878447926906842
481130054003051,0.002752747841842087
481130090011006,0.0006308060324058696
481130096091000,0.002136641364465795
481130084012023,0.005374997891882029
481130090012028,0.0013878447926906842
481130165333021,0.00014233950938047878
481130100015003,0.005266975405647624
481130135002028,0.002848249087060695
481130008012001,0.00014410990417202673
481130113001010,0.0019744339099709053
481130111013012,0.0023531625141854154
481130136063001,0.00015856344172016326
481130076011003,0.0013878447926906842
481130088022019,0.001991678973320674
481130079024012,0.0011722230442396523
481130079023009,0.006505735909339352
481130076041023,0.0008221631400565777
481130081023023,0.0013878447926906842
481130136061018,0.0015228987327617401
481130204022004,0.0010220918208209107
481130016022007,0.0013878447926906842
481130178054006,0.0013878447926906842
481130210004007,0.018445938230733455
481130117022024,0.0010635362701434622
481130043001038,0.14686978441213214
481130004102009,0.00013139315142186218
481130067012019,0.004774379396799189
481130119022011,0.00011996690651664893
481130009012013,0.0024415608383666037
481130129002003,0.0017743263278747487
481130002023020,0.013880610282518321
481130016011011,0.0013878447926906842
481130013013008,0.0025216878853758
481130117023009,0.00020792192572506037
481130063021014,0.0025982130000062145
481130096081009,0.00030932100155044173
481130014001002,0.0031461374695455516
481130122061025,0.0006855694594601778
481130123025006,0.0004966988928036948
481130004072004,0.003307002365035065
481130004081002,0.0017329369648684482
481130045002040,0.0007800939915572417
481130165212006,0.0013878447926906842
481130212001006,0.0002253127580645629
481130170091003,0.0013878447926906842
481130093043013,0.0011953204828510204
481130067021033,0.0022887980813544066
481130136071015,0.0033910788492877617
481130100032167,0.008505386283318825
481130025004052,0.0013878447926906842
481130108092027,0.0013878447926906842
481130051001001,0.0026279867466054803
481130167091019,0.003357976276478276
481130100032179,0.00043606838023868875
481130096042026,0.0013878447926906842
481130027032039,0.0026791182372250632
481130105002023,0.0013550177584834707
481130045002033,0.0012979235942445512
481130109043000,0.002573084430943769
481130210002016,0.0008358862286501669
481130086041004,0.0015577819959986842
481130116031007,0.0036224761250582454
481130202001031,0.0013878447926906842
481130055001028,0.004799001294386854
481130120002011,0.0027533265997249892
481130084021030,0.0008255381127707596
481130078122016,0.0013878447926906842
481130109061014,0.00578795929521412
481130064022017,0.0021018518252653162
481130064021010,0.0013878447926906842
481130064021003,0.0005069156354796892
481130044002006,0.0018085259433134003
481130006061001,0.0008635834001832914
481130080003013,0.003493717081318911
481130110022002,0.0013878447926906842
481130100015012,0.00020781318781332045
481130100011003,0.0013878447926906842
481130094022028,0.0013878447926906842
481130206002031,0.0010446555474841225
481130037002024,0.0004385082621404827
481130209001022,0.015322248239882175
481130079032001,0.0006446720574612143
481130043001026,0.00043156501683953017
481130093044012,0.0020622737951018462
481130130082022,0.0012348347539696948
481130107015007,0.0008221631400565777
481130059023015,0.0013878447926906842
481130079061019,0.0008168825381125397
481130094013008,0.0002999677691007873
481130136103020,0.0013878447926906842
481130127021014,0.0010361651763603364
481130129003026,0.004525380400462023
481130091011006,0.0010072778715364747
481130117012013,0.0001801128615967661
481130136063008,0.00047212967386987684
481130121022003,0.0013878447926906842
481130165262005,0.0013878447926906842
481130043001121,0.002660324841393221
481130052002003,0.001968196089086108
481130078121000,0.0010673158698566174
481130010022019,0.0040323229846767825
481130112021010,0.00024501658574000985
481130080001012,0.0013910958448383629
481130037001018,0.0009482723412322538
481130115002046,0.0006955961732239976
481130202001011,0.0012691818387324469
481130099003011,0.0005444200093568022
481130078101024,0.0036505757138207227
481130056001036,0.0013878447926906842
481130132022000,0.0013188831889952737
481130116011002,0.0002336231856379538
481130111031010,0.000555600817934959
481130133002002,0.0010869781328487263
481130101011023,0.0012513471083415312
481130063013016,0.0033396063058819094
481130052002007,0.0020307087887919814
481130078231001,0.0006576776278801167
481130079122002,0.03964861471414741
481130208004022,0.006560506011001886
481130208004021,0.0029081349787125105
481130037001003,0.0017153868018074693
481130202002039,0.0013878447926906842
481130116032011,0.014965225929166494
481130136071029,0.00032090338954575295
481130136111013,0.0013878447926906842
481130024002020,0.0026470609140300696
481130136052013,0.0013878447926906842
481130006053004,0.0013878447926906842
481130015041008,0.00015124257561851284
481130136271008,0.0013878447926906842
481130084022004,0.0013878447926906842
481130078102006,0.0013878447926906842
481130060012026,0.0013878447926906842
481130123011008,0.0013878447926906842
481130125012026,0.0013878447926906842
481130025001006,0.000788689742992856
481130001001020,0.0013878447926906842
481130100032006,0.0013878447926906842
481130100032242,0.0013878447926906842
481130100032060,0.0013878447926906842
481130006081001,0.00044451571253455033
481130204012034,0.0013878447926906842
481130136201002,0.0013878447926906842
481130136285038,0.0013878447926906842
481130016011010,0.0013878447926906842
481130128012009,0.0013878447926906842
481130079022001,0.0007327246177856085
481130092032013,0.00027251652153624495
481130092041034,0.0006944177176190704
481130126031032,0.0013878447926906842
481130126012022,0.0033523592786447523
481130068001005,0.010770373462499271
481130042011033,0.00013419905425679856
481139801001018,0.0013878447926906842
481130073011005,0.0013878447926906842
481130171013019,0.0013878447926906842
481130069001001,0.0013878447926906842
481130164122002,0.0013878447926906842
481130133001012,0.002726977227929686
481130192084005,0.0013878447926906842
481130136182007,0.0017602295690680918
481130004014004,0.0009519663670153689
481130211002000,0.001119122274687897
481130042012002,0.0019032966280064583
481130086041007,0.00022060348002942717
481130108062007,0.03740991117852913
481130084022039,0.0006331634987907384
481130134001014,0.0006483175766985224
481130192052004,0.0008808840470182142
481130096033018,0.0013878447926906842
481130065021003,0.0009612332709420077
481130051001022,0.0012986900301999041
481130165333013,0.0015887318266551659
481130123011003,0.0007250406750666932
481130025001017,0.0007951999813415769
481130081023039,0.0012103811088443651
481130053001014,0.005660823667652078
481130108062014,0.0021106214045827423
481130165332005,0.0017994086517016156
481130108061018,0.007067249326793003
481130108093001,0.0013878447926906842
481130096091034,0.006022661893121422
481130101012004,0.003730748472860252
481130136063003,0.0013878447926906842
481130099001078,0.07549090468317635
481130210001048,0.003724169930252634
481130128012006,0.00021204985875783602
481130003002020,0.0007841446318710445
481130093043025,0.0005139463676042481
481130025002002,0.0003171683290482114
481130012041023,0.004172527144168537
481130085001005,0.0013878447926906842
481130165273009,0.0013878447926906842
481130122061004,0.0013878447926906842
481130047001015,0.009639539670792117
481130202002049,0.0013878447926906842
481130073023015,0.0013878447926906842
481130112022039,0.0003357641466420454
481130136182017,0.0008116788196229594
481130136052007,0.0013878447926906842
481130136181005,0.0013878447926906842
481130001003005,0.00022569438273528186
481130130052017,0.002640593681061413
481130042021014,0.0007029201302060345
481130073012011,0.0019402311157584145
481130206001036,0.0017994086517016156
481130087041012,0.0005845603937532925
481130208004032,0.0013878447926906842
481130099001115,0.0013878447926906842
481130111013004,0.0011301249548842937
481130001001011,0.005826617508761596
481139801001011,0.0020423530108660713
481130077012005,0.002791161649093167
481130091042017,0.0006532172382594042
481130129002001,0.0015775258583589833
481130059011005,0.0013878447926906842
481130006062001,0.0038711916762335903
481130052001013,0.00022991073836377247
481130123012007,0.002930307731226334
481130135002002,0.0013878447926906842
481130054003050,0.003728657421146422
481130127022013,0.0077853915913339905
481130055002021,0.004616023431700047
481130098031004,0.0023217732306626926
481130047002035,0.07010924830257449
481130097011004,0.00027497746949262976
481130097011015,0.001506150816687916
481130079025017,0.0008550752913374851
481130078254011,0.0050650564470549695
481130131012020,0.0006994852159562372
481130063013022,0.0025208390894023566
481130166341008,0.0027262544209205163
481130096073005,0.002090511924744671
481130073022027,0.0003529502730441575
481130170101025,0.12650056154189754
481130176052007,0.002299402567554851
481130119021005,0.0007182485497194435
481130027031024,0.0013686007380184374
481130127011006,0.002402733464247829
481130100032159,0.001672500182589996
481130112021017,0.002067580595550016
481130171022010,0.0012712389087191983
481130205001013,0.0014538043458659157
481130122132015,0.0009904801951824307
481130114011051,0.000760140655944758
481130116032029,0.00020708992371461427
481130020011009,0.001218231901108188
481130006102009,0.0007286514814539869
481130006091022,0.0006089454972050679
481130045002049,0.0011680042749523589
481130027032045,0.0013878447926906842
481130090011001,0.00024110191438921942
481130096033030,0.0011796317378544572
481130053003022,0.0013878447926906842
481130042012029,0.0022286815709270506
481130096033006,0.01095008904337899
481130054003017,0.0018065878546026995
481130100021031,0.0010451371653572826
481130088011014,0.0015551497474416873
481130108052010,0.0013878447926906842
481130136201021,0.00687211826243899
481130077023012,0.0013878447926906842
481130122091008,0.0004137230977866126
481130082003037,0.0013878447926906842
481130078012003,0.0013878447926906842
481130128021035,0.0012761303291486338
481130116011021,0.0013878447926906842
481130064011036,0.0013878447926906842
481130136092002,0.0013878447926906842
481130098023000,0.001366523336225368
481130210003027,0.014076069798021085
481130116012003,0.0008828378729617442
481130054001020,0.0033035230789720265
481130079023020,0.002848034776983506
481130107012040,0.001272217310357776
481130064022012,0.0001649896228953485
481130065012026,0.0010125872929319076
481130097021018,0.007083030054368802
481130127013014,0.001856878194685118
481130084022022,0.0004955666099705627
481130001002012,0.0005343884613017979
481130024002003,0.016775420946995447
481130166341007,0.0013878447926906842
481130108072026,0.0008085997950859241
481130060012031,0.0012348347539696948
481130087031002,0.0004390460743135281
481130209002044,0.0013878447926906842
481130170102014,0.0008241998732357338
481130099003031,0.0006255571897515286
481130100032203,0.0013878447926906842
481130107041019,0.0013878447926906842
481130165111013,0.0031325524682588044
481130004101005,0.0015568724159479182
481130206002046,0.0008442113967005303
481130136102010,0.003307002365035065
481130096092011,0.0014932654912371878
481130136172001,0.0008085997950859241
481130057001025,0.000908166349982023
481130091052021,0.004396699582076917
481130167101014,0.0012641721462576484
481130136092004,0.0005967311790340506
481130164121002,0.0013878447926906842
481130085001018,0.0004550888197053128
481130123022001,0.010225231102674762
481130133002009,0.000603414446668279
481130124001015,0.00039982155591398414
481130084012009,0.0019910548064883504
481130129003012,0.0006506659013049154
481130190353003,0.002532703980299774
481130054002019,0.0013878447926906842
481130210004019,0.0013878447926906842
481130087041006,0.012404396753174176
481130087032016,0.0012923609336769639
481130078053010,0.001350525745116414
481130078121002,0.0014969245675099687
481130080004029,0.0005858366288598877
481130108093002,0.01868672523090199
481130076041027,0.00020946981755383393
481130057003046,0.0012986900301999041
481130212001019,0.0001589488288507462
481130204022059,0.0002953665706164057
481130204022028,0.0013878447926906842
481130093013006,0.0038359788884911807
481130093031022,0.0030047681388485114
481130122121009,0.000779471145627214
481130126011013,0.001475441114000749
481130131021009,0.0013878447926906842
481130100032067,0.0003403913337180816
481130165333029,0.0006980211148347039
481130092021002,0.0042398933611120125
481130012023010,0.0002764688859516589
481130190403005,0.0013878447926906842
481130190412018,0.0013878447926906842
481130078103008,0.0010020759222205712
481130192052008,0.002382319626956725
481130165341013,0.0017593184496986062
481130132023003,0.0013878447926906842
481130024001020,0.00014224284212448448
481130129001029,0.0006168590125573095
481130085001038,0.0013878447926906842
481130015022005,0.00040300184416248
481130165212004,0.0013878447926906842
481130165212033,0.0011614041175950474
481130061001018,0.0013878447926906842
481130099003044,0.001212161710410849
481130210002024,0.0014825368801445345
481130012041008,0.004368341304894006
481130073024006,0.00039260738934645325
481130129004013,0.0013878447926906842
481130025004003,0.0013878447926906842
481130069001005,0.0013878447926906842
481130097011007,0.004805562228950967
481130096111003,0.00010707688803314916
481130076042005,0.0032814320563745126
481130096031027,0.007412670845605544
481130099001098,0.0013371068605117279
481130084011038,0.000330462149244814
481130084021024,0.0026655243225079707
481130171023022,0.0024160696497663886
481130096042014,0.000627715287164677
481130126012005,0.0058673770206285275
481130130051019,0.0013878447926906842
481130081023026,0.0013878447926906842
481130082003042,0.0013878447926906842
481130008022002,0.01667712184401538
481130106021026,0.0013878447926906842
481130092032015,0.0013878447926906842
481130073022001,0.00014009898244993766
481130085002040,0.0013878447926906842
481130122074026,0.0013878447926906842
481130101022006,0.0013878447926906842
481130044003008,0.14782084294209924
481130007031008,0.00036624231340713425
481130079142003,0.0013878447926906842
481130044002009,0.003695228763177018
481130165262008,0.0003066225674787634
481130111011013,0.0013878447926906842
481130129002039,0.0010422371458346724
481130136061011,0.000865005675594519
481130116042014,0.0002652153527598949
481130067021067,0.0013878447926906842
481130109061016,0.0013878447926906842
481130093013022,0.001406256632078241
481130045002016,0.0006357154367399409
481130125012012,0.000754749052028924
481130129002047,0.0009943303583700674
481130025001020,0.0009519663670153689
481130132024026,0.0010801667954126173
481130082003004,0.0022080463503166984
481130045001003,0.0012122620232002759
481130123025005,0.0022156361774837456
481130100012000,0.0011864544522477603
481130105001018,0.02392880320073976
481130126031023,0.027005301491471272
481130180013009,0.0012361217824899055
481130180013008,0.0008951432401600678
481130126031028,0.00044590633579228296
481130011012002,0.006994120933114971
481130063022023,0.00023248125152945602
481130084012034,0.0007195877790875533
481130084012022,0.000760140655944758
481130079061006,0.0007061281287341001
481130084011023,0.00029616614812767565
481130010011009,0.0005253371176357491
481130077023034,0.0013878447926906842
481130056001016,0.008044040039549187
481130165333025,0.006116745967467295
481130130051002,0.00047979393741076685
481130004092022,0.0013878447926906842
481130084012003,0.0006222030877823501
481130012022014,0.02543490736355194
481130087042006,0.0025074860514976392
481130056002022,0.002665208667953919
481130170051017,0.0015017176850010167
481130110033004,0.0003799708721935075
481130110032015,0.016234633124834898
481130165342008,0.005599219728946691
481130043001067,0.0017363391482190993
481130076051015,0.0013878447926906842
481130115002008,0.00012463681569591814
481130122121007,0.0006531811803104541
481130206002035,0.002011951595470227
481130116011018,0.008126603816266611
481130084012005,0.0024585984871836053
481130098023001,0.000111974688051678
481130054002035,0.0014331356560079143
481130001003013,0.000312426710306258
481130131021035,0.002584212117885613
481130090011003,0.00024710932435932236
481130090021003,0.0001778039902986476
481130116042020,0.0002569560700604026
481130012031012,0.00018395215609683834
481130073021012,0.0017602295690680918
481130117022017,0.2432245871189929
481130055002022,0.004129573025256726
481130212002017,0.001772367247651365
481130210002007,0.0002165742812700259
481130136081005,0.001218231901108188
481130130081010,0.0017591251418232067
481130096072005,0.018666837467039357
481130043001053,0.002442361289862418
481130097011011,0.0009789508957876976
481130078091012,0.0013878447926906842
481130002021002,0.0006475708766735587
481130027031027,0.001091604905932961
481130005031000,0.00016236163815672514
481130106022012,0.001044504768728322
481130096092012,0.0055129591820473785
481130088012027,0.001321505535419179
481130206001003,0.0005409526039217316
481130110022011,0.0926494389086219
481130108062009,0.0013878447926906842
481130119012027,0.00016468231811425475
481130065022035,0.0013878447926906842
481130002012012,0.00064504616181851
481130079062019,0.003017758612534359
481130105002040,0.00020877541116274433
481130002022024,0.001942966587639563
481130002023000,0.0013878447926906842
481130130092001,0.0007105669869343659
481130130082000,0.0012900925078545334
481130014003014,0.0015971602470422
481130090023003,0.0003310378054809504
481130211002057,0.0006475708766735587
481130165341010,0.001512168326498186
481130052002039,0.0002127189125072244
481130122062014,0.00020404831054065918
481130114011045,0.0007854288541733042
481130112022026,0.0013878447926906842
481130113001012,0.003307002365035065
481130004051003,0.0019995773264415203
481130124003007,0.0012208400469254095
481130080006001,0.0010341724797579192
481130057002038,0.001187711898032543
481130100032054,0.0013878447926906842
481130100032070,0.0010820745721452625
481130096033026,0.00014259446577031973
481130045003016,0.0007291927497088299
481130047002002,0.002875436950331693
481130107041025,0.004067344723683118
481130001002006,0.005070915871804253
481130013011008,0.009817395346394022
481130053003035,0.0009206620690335006
481130053003019,0.0013878447926906842
481130109031039,0.0013878447926906842
481130165342002,0.0025636878326177493
481130208003034,0.0006687743164384038
481130122121024,0.0001419435422814117
481130118013000,0.0010192485037287407
481130087032029,0.0005284122189569106
481130093041017,0.0005149448074940699
481130052001036,0.0037194881247579648
481130045001005,0.0014538043458659157
481130073011025,0.0002951228597739284
481130071021000,0.08346374487853428
481130136071014,0.001609513553204305
481130079021002,0.000505260390253448
481130202002072,0.0008911084496263703
481130056001035,0.00016032886876684403
481130170101027,0.05006999480872855
481130076051003,0.0011680042749523589
481130094021006,0.0015725107480675236
481130044002017,0.0013878447926906842
481130136072017,0.0013878447926906842
481130098042000,0.04948320256613915
481130098022003,0.0008900939482009927
481130095001010,0.0002752254795604967
481130085002028,0.0001553515149789072
481130085001028,0.0006592485621570061
481130085001023,0.003184456165008605
481130024002014,0.00027399560642834837
481130012041022,0.003772743178014948
481130108072015,0.0003520042241211119
481130100032138,0.0013878447926906842
481130165262016,0.0008587717239215788
481130206002033,0.0013878447926906842
481130100032024,0.0006980211148347039
481130111042001,0.0005332273646805063
481130108093022,0.0003175382347973572
481130067012004,0.0013878447926906842
481130108062026,0.00023177564042288197
481130111032013,0.00023245237113460963
481130043001012,0.00015518755067219357
481130096043000,0.0013878447926906842
481130047001011,0.0009519663670153689
481130212003063,0.0013878447926906842
481130094022016,0.009390607370071125
481130124002005,0.0009553915975679151
481130129002026,0.0014840915761475694
481130001001005,0.003307002365035065
481130122071008,0.0021860676265293196
481130204022051,0.0009612933775597636
481130128012012,0.0013878447926906842
481130128012007,0.0005572607967324425
481130025001002,0.001217066200156218
481130092031004,0.00031806567573325594
481130100032025,0.0011680042749523589
481130131021029,0.0010466984363501656
481130206001045,0.0013878447926906842
481130130082007,0.00015967869349668603
481130115001003,0.007401965050299736
481130093032003,0.008365436054474396
481130091031007,0.0007455798118869726
481130091032003,0.006136439874787504
481130088012015,0.002617771559549337
481130055002032,0.0005173219807404922
481130124002014,0.0008148281110241262
481130122073002,0.0013878447926906842
481130012023011,0.0012619687615828962
481130091051011,0.0020304142212368105
481130087013011,0.0005719625257755642
481130045003004,0.0005332273646805063
481130050002001,0.0013878447926906842
481130136063022,0.0013878447926906842
481130087051025,0.0011451163690876732
481130136063029,0.0010510678020110413
481130136063030,0.0009279519542451818
481130206002000,0.0013878447926906842
481130121022015,0.0013878447926906842
481130022003005,0.0013878447926906842
481130140011052,0.013193917155773593
481130136082000,0.0027397160715507286
481130100021003,0.0013878447926906842
481130079021000,0.0018932285418232588
481139801001032,0.00020792192572506037
481130025003010,0.0013878447926906842
481130128022002,0.0013878447926906842
481130076051009,0.0017994086517016156
481130006091003,0.0013878447926906842
481130136241008,0.0026912866499796805
481130136241005,0.0013878447926906842
481130007051010,0.0013878447926906842
481130085001006,0.0013878447926906842
481130099001030,0.0013878447926906842
481130206001005,0.0013878447926906842
481130079025002,0.0013878447926906842
481130013022015,0.00018677782990260942
481130122071007,0.003307002365035065
481130004051005,0.00015078283983524805
481130127011003,0.0026506520987108527
481130203001010,0.0011516162714704666
481130185063033,0.0013878447926906842
481130185051004,0.0016571619868387332
481130096042028,0.0013878447926906842
481130096041017,0.0013878447926906842
481130130113002,0.0013878447926906842
481130081022027,0.0013878447926906842
481130081011009,0.004277298562406838
481130130101010,0.0013878447926906842
481130127011009,0.0013878447926906842
481130068003004,0.0005272908896652662
481130100032217,0.0013878447926906842
481130119012001,0.0013878447926906842
481130118013001,0.00014973652792649154
481130116042002,0.024171103674046193
481130122073009,0.0034770682461486044
481130073011015,0.0013878447926906842
481130136182014,0.0006980211148347039
481130136111012,0.00018597481405244656
481130098023011,0.0008872748317945723
481130165272018,0.0013878447926906842
481130108052005,0.0013878447926906842
481130050001005,0.0026145922465679304
481130165272005,0.0010974666552617338
481130131041007,0.0022424083599677093
481130078282000,0.0020348314564996757
481130163012007,0.0015562303615698377
481130096041018,0.0010634768044270962
481130136152016,0.0013878447926906842
481130110032013,0.00028567608312445535
481130046001037,0.002291417465550065
481130065022007,0.00035468299737683275
481130109031016,0.0001149280362142967
481130111032003,0.0017784316958501317
481130006091002,0.00042813600234802333
481130136101014,0.0013878447926906842
481130165111021,0.0013878447926906842
481130123011010,0.00019080071839858742
481130204022111,0.0014538043458659157
481130025003001,0.00015162936080615516
481130011014009,0.0009824259655775319
481130091042005,0.0013878447926906842
481130125012031,0.0007286514814539869
481130171021026,0.0019277088075848126
481130171021008,0.0011105441928175822
481130063022001,0.00037812418071023695
481130165261012,0.0020048413411355576
481130094021007,0.00018005000304318356
481130203003020,0.00010782971933051251
481130170091002,0.0018378514071469988
481130081021004,0.003307002365035065
481130003001010,0.005170695302242182
481130059011000,0.0009188102607176331
481130130131023,0.0004599730964923108
481130006081021,0.0013878447926906842
481130106021008,0.0013878447926906842
481130130131017,0.001752648018378931
481130130051007,0.001965982414221321
481130110032008,0.0014687851607690895
481130042021000,0.00034760313951808755
481130004092010,0.0007327246177856085
481130097013002,0.0005087423518948251
481130046001018,0.001912348443499854
481130107012008,0.0013878447926906842
481130165342033,0.0013878447926906842
481130125012005,0.0008198850683013329
481130166341023,0.00028305504045976
481130006051009,0.01865046453119389
481130176052003,0.005839764508037647
481130100032048,0.0013878447926906842
481130136062016,0.00012914377364842142
481130027031019,0.0006980211148347039
481130024002002,0.0003644244069033155
481130190161005,0.0005210188753177568
481130108072030,0.009336645525227597
481130202002067,0.003072889911910484
481130211002071,0.0017671669017937234
481130136092010,0.00039349750776607477
481130093011007,0.0009006132495409788
481130043001004,0.0013878447926906842
481130067012006,0.0013357779022400637
481130024001009,0.004749042027206792
481130170081014,0.0013878447926906842
481130117022010,0.00042738210522562457
481130203003031,0.00033894220586503423
481130055003037,0.004672132540831468
481130116031026,0.0013878447926906842
481130078091006,0.00041598568867896396
481130097012012,0.00040987840863115666
481130206001024,0.0005517257064591938
481130079025001,0.0004019912262899817
481130131021021,0.0029670695611295453
481130056003022,0.004684754017967687
481130126042001,0.0012335021102319163
481130054003007,0.001633499093362792
481130117023005,0.003307002365035065
481130043001039,0.0009228180273829566
481130045003003,0.0013878447926906842
481130054001027,0.0013878447926906842
481130063021024,0.004445580576899986
481130063011007,0.0014143780277157485
481130119021004,0.0013878447926906842
481130003001022,0.0021201847438267626
481130166353002,0.0013878447926906842
481130027031014,0.004642146184725725
481130002011014,0.0011277201399552237
481130056002013,0.011726236024985133
481130113002029,0.0020009235422332027
481130122132002,0.0014538043458659157
481130002012018,0.0013675439332230348
481130114011009,0.003085387649921062
481130130113005,0.0013878447926906842
481130112012020,0.0013878447926906842
481130096091009,0.033554573408124205
481130110021005,0.01445958278464162
481130212002000,0.0013878447926906842
481130135002037,0.0009519663670153689
481130054003016,0.001316744857549893
481130053003011,0.0032348994209078627
481130065022036,0.0010435413119842193
481130053004016,0.0003027635367471191
481130053004017,0.00043516073080425584
481130169021014,0.0013878447926906842
481130007062009,0.006612325531731923
481130096042002,0.0004956454384202732
481130081022005,0.00028836275972419655
481130115002017,0.0013878447926906842
481130063011023,0.0015215955531486583
481130136172024,0.002136641364465795
481130136171011,0.0019040332715773761
481130087032001,0.001393179014255225
481130124004000,0.0023910580822026238
481130045003036,0.00486649550192475
481130130131007,0.0007286514814539869
481130116031003,0.001294360242502608
481130056001012,0.0005581046461832632
481130084011001,0.0013878447926906842
481130210001018,0.0013878447926906842
481130044002021,0.0011239850800445136
481130044001016,0.0014506294306748152
481130006061008,0.0023038312423230064
481130136182004,0.0013878447926906842
481130122071016,0.00012364839273423453
481130027032063,0.0010297848752283524
481130084022033,0.0001901726922279301
481130171022005,0.0019407610027789783
481130093011032,0.0013878447926906842
481130060011007,0.0013878447926906842
481130076012013,0.10090036719791283
481130087032017,0.0018932285418232588
481130203003043,0.00024875279903557564
481130037002031,0.00030284524349427335
481130043001094,0.014209459529732866
481130136111001,0.0021498107241419593
481130067021030,0.0015879029056280328
481130067021010,0.0010422371458346724
481130110021009,0.013521618530908408
481130181421040,0.0013878447926906842
481130100032000,0.0013878447926906842
481130072041005,0.001281214077685405
481130106021024,0.0002835640666354505
481130096092000,0.0013878447926906842
481130129002002,0.0029670695611295453
481130119011013,0.0004799590364375228
481130211001001,0.0007327246177856085
481130055003012,0.00023978041526920448
481130081023006,0.0075396736583062075
481130001002017,0.002117294668690966
481130006082006,0.0031996974597273535
481130043001102,0.0024041976285420407
481130052002011,0.00023355539377983506
481130053003036,0.0006809953687106103
481130053003017,0.001447865673072512
481130022003004,0.000996960703971513
481130125012022,0.0013878447926906842
481130128012003,0.0010192485037287407
481130130082017,0.00039791590264922754
481130131012040,0.002303835110268193
481130100032135,0.0013878447926906842
481130206001023,0.002196471927378385
481130116042019,0.008308614471884334
481130117021015,0.001877925166111838
481130073023008,0.0008636259926605292
481130093041018,0.0005675269062053191
481130122132017,0.0004227236378344252
481130076042000,0.0013878447926906842
481130204012048,0.0023112918591120224
481130081022013,0.0013878447926906842
481130012022001,0.000141052848280387
481130059022002,0.0006480816857322588
481130210001007,0.0013878447926906842
481130091052025,0.0013878447926906842
481130202002004,0.006737409220275321
481130190405031,0.0013878447926906842
481130096082009,0.0013878447926906842
481130107014004,0.0005921538093065573
481130096032000,0.0013878447926906842
481130098031027,0.0013847362398087732
481130082003013,0.003354457741460066
481130127022017,0.0013878447926906842
481130165262015,0.0015017176850010167
481130077011002,0.0015788446773169211
481130107011007,0.0013878447926906842
481130125022020,0.005521325860405481
481130190342005,0.0013878447926906842
481130190411012,0.0013878447926906842
481130084022012,0.0013878447926906842
481130126043006,0.0013878447926906842
481130129004029,0.0006022637307175726
481130204012053,0.0012986900301999041
481130099001123,0.007602509231246743
481130094012005,0.0013878447926906842
481130097013021,0.0013878447926906842
481130071011026,0.0013878447926906842
481130129004024,0.0013878447926906842
481130136101013,0.0013878447926906842
481130136081023,0.0013878447926906842
481130044002001,0.0013878447926906842
481130099001011,0.0013878447926906842
481130096101000,0.0013878447926906842
481130122102016,0.0013878447926906842
481130079025020,0.0020048413411355576
481130042013000,0.00024006195527448364
481130091013010,0.03296276677237627
481130080004018,0.00035665844117661183
481130100032005,0.001991678973320674
481130085001008,0.003620787893395835
481130079022005,0.0006730905998545712
481130098031003,0.0013878447926906842
481130122074014,0.0013878447926906842
481139801001028,0.0013878447926906842
481130003002015,0.00020172986095793262
481130095002029,0.0013878447926906842
481130131012006,0.002107327798098514
481130094013014,0.0022057355077184
481130211002023,0.0013624750444272533
481130165112009,0.0013878447926906842
481130136172010,0.0007286514814539869
481130063012007,0.0006658564922973085
481130050002044,0.0028514174743914204
481130060023012,0.0013878447926906842
481130110022025,0.0019065819020233129
481130094011016,0.0013878447926906842
481130096042034,0.0013878447926906842
481130047002000,0.0012465900388495968
481130051001008,0.0004274981893920802
481130012022015,0.0015962913139628031
481130205003005,0.00025266575406046653
481130106011024,0.00020036973934300267
481130101021015,0.003708203881649306
481130131072000,0.0013878447926906842
481130004072001,0.0018065405147250568
481130204022001,0.0005951667569398507
481130130132006,0.0020376066092447956
481130080004030,0.0009424344143108997
481130027033010,0.0020678211443636214
481130091042003,0.002567183929522293
481130208004031,0.00038325237857046057
481130185051003,0.0012180087551206826
481130136101018,0.0013878447926906842
481130212001011,0.0013878447926906842
481130100021021,0.0013878447926906842
481130005022002,0.0016999811679165812
481130004012022,0.004156519499124806
481130136053015,0.0013878447926906842
481130004103024,0.000583247921274606
481130084011005,0.00013530721790234264
481130101011019,0.002145541565923181
481130027033001,0.0001371845024310382
481130210002001,0.000243022604028061
481130115002051,0.00038934647114803844
481130109041005,0.0013878447926906842
481130081024021,0.01151763564349181
481130004012025,0.0030104814434391484
481130056002021,0.00042202087996150633
481130112012019,0.0013878447926906842
481130079031006,0.005775511755117562
481130208003024,0.0013878447926906842
481130123024003,0.011330437747849566
481130166341020,0.0013878447926906842
481130004082003,0.00035649660315953055
481130046001016,0.0023948635483203116
481130094022010,0.0006168590125573095
481130125012019,0.0002560591142354922
481130063013027,0.0007485473287968839
481130062003036,0.0010422371458346724
481130055003036,0.0013878447926906842
481130006063006,0.00012107169925169381
481130109041001,0.002015665722915874
481130135002039,0.00269698749228647
481130063012004,0.00042237860650580375
481130068002035,0.0013878447926906842
481130099003064,0.0027284398065635113
481130212002020,0.0013878447926906842
481130211001007,0.0013878447926906842
481130211002015,0.00012786119202840812
481130086041003,0.0011680042749523589
481130210004016,0.0011864544522477603
481130202001023,0.0013878447926906842
481130055003011,0.0011876736224571594
481130114011026,0.0012224962223276901
481130096072008,0.00012128980825521453
481130064011023,0.0026473073444926378
481130099003000,0.0017994086517016156
481130206001006,0.0019993841190013304
481130206001042,0.0017743263278747487
481130136101037,0.0013878447926906842
481130123022004,0.000359050382399089
481130011021002,0.0016789172596832472
481130043001109,0.0013878447926906842
481130206001048,0.0005014246734920634
481130005022016,0.00017335920442134098
481130204022041,0.0005286427783317192
481130095002025,0.0012451384734611037
481130211002074,0.0013878447926906842
481130116032001,0.00036731964149286985
481130062001013,0.001523232622721242
481130063021016,0.010725028858487931
481130078291010,0.000619846107493861
481130105001020,0.0029670695611295453
481130126031014,0.0004156594433869452
481130093043004,0.0007051241123806974
481130096073012,0.0007542281612256975
481130125022008,0.0013878447926906842
481130122062018,0.007966054930273761
481130101011010,0.0013878447926906842
481130059012033,0.0018225815020771275
481130065022024,0.002947954552167474
481130045002015,0.0009250367113390591
481130166341039,0.001250295472946724
481130042022020,0.000993168050959257
481130110022029,0.014859091978388212
481130096033004,0.0006546640701468169
481130165112025,0.0035218769212500374
481130208001000,0.0012216498578442251
481130053001007,0.0007467734627627625
481130053001003,0.002007938726817052
481130060012012,0.00012603946074312705
481130065021004,0.006995954020516289
481130046001028,0.0007153317610114548
481130042011040,0.000991356724950508
481130170102004,0.0013878447926906842
481130171013023,0.0006345117567087728
481130107012024,0.0013878447926906842
481130132011028,0.00221632856758667
481130136213001,0.00011414149932812859
481130096032022,0.0002192668001919632
481130011022007,0.0013878447926906842
481130122121014,0.0004080931447189481
481130082002005,0.0013878447926906842
481130082003019,0.0013878447926906842
481130037002012,0.0005816280331481925
481130165281007,0.0003855620100656894
481130080004006,0.00104870294124712
481130022003018,0.053853926596537684
481130002021003,0.0009722759098786254
481130055002031,0.0006599109304174717
481130078291006,0.0013878447926906842
481130101021003,0.0005253371176357491
481130170101014,0.0013878447926906842
481130042011025,0.0011953204828510204
481130171013007,0.01355912763901707
481130085001011,0.00016580671824681823
481130012041019,0.00032687501943198387
481130024002008,0.0016790525466966095
481130208003050,0.0013878447926906842
481130100032110,0.0003342332189491299
481130093041032,0.0013878447926906842
481130061001019,0.0013878447926906842
481130206002025,0.0013878447926906842
481130087043012,0.003307002365035065
481130020022012,0.00024253105807171675
481130098043001,0.014999669228078643
481130067012003,0.0019389461738054496
481130110022013,0.0013878447926906842
481130084011030,0.00016445673487898048
481130056002015,0.0006856545926546477
481130106012015,0.0013878447926906842
481130067021025,0.0015775258583589833
481130062003023,0.0001787017461778929
481130116031000,0.0003608633326913226
481130097013008,0.0003159250437684605
481130094013012,0.0004315336262916034
481130178054010,0.0013878447926906842
481130127022020,0.00016604624083136024
481130124004014,0.008012177316074306
481130117013035,0.0004939325467430417
481130117012006,0.000398814744282618
481130001003009,0.0003443336398370085
481130078092003,0.0021061772551526636
481130002022022,0.0020194696592728983
481130088023001,0.00023648686154103683
481130117011015,0.026286105307221967
481130062001031,0.0013878447926906842
481130101021021,0.00039999125105739225
481130064021012,0.0003619042748004121
481130053002005,0.003105046483046383
481130078103005,0.0003965390213098202
481130072052009,0.00023281440255471655
481130127011020,0.09264438422511068
481130042022026,0.0015349397471001143
481130052001001,0.0013878447926906842
481130062003029,0.0013878447926906842
481130093031010,0.001956482032786987
481130091012014,0.0029956884774888213
481130076042016,0.0003494016633039365
481130076042033,0.0005473037371459586
481130009012007,0.3164381880896477
481130079023003,0.0024041976285420407
481130067011002,0.0013878447926906842
481130101012020,0.002146053954136229
481130111041016,0.0016245290336135139
481130106022010,0.0010915316491476941
481130124004008,0.0003570317664997398
481130122121011,0.0024019393475931267
481130122061016,0.016139877513360257
481130122061011,0.001175928938738832
481130130091004,0.002703653896111327
481130079122003,0.003273600905597068
481130087051007,0.004963661873941133
481130211002043,0.0013878447926906842
481130088021015,0.007257123871689259
481130055003025,0.0011764733500736865
481130044003016,0.005305062381748955
481130003002025,0.001435049847057807
481130096043002,0.0013878447926906842
481130205003006,0.0013878447926906842
481130190162001,0.0013878447926906842
481130165332007,0.0013878447926906842
481130100032127,0.0013878447926906842
481130107012030,0.0008571592568986674
481130136251005,0.0014099938708169845
481130165112005,0.00013303466472486172
481130109031053,0.00031259695933135155
481130127021003,0.0013878447926906842
481130073024004,0.0013878447926906842
481130136285018,0.0023531625141854154
481130076051024,0.0013878447926906842
481130136193016,0.0013878447926906842
481130136051003,0.0013878447926906842
481130073023007,0.0008085997950859241
481130081023025,0.0043035254936764165
481130079023039,0.0021498107241419593
481130211001026,0.002869035292136644
481130190343003,0.0004873678039053339
481130126011020,0.0013878447926906842
481130097013012,0.000943305311263322
481130136101002,0.0013878447926906842
481130006091030,0.0030492884731803315
481130141301042,0.0013878447926906842
481130097011000,0.0007194515800927968
481130122102008,0.0013878447926906842
481130079025009,0.0013878447926906842
481130078103014,0.028070269906180507
481130167111034,0.0009602293595179594
481130096112028,0.001087268265538789
481130122122013,0.0005324058914505566
481130091041001,0.0013878447926906842
481130111013022,0.0006013024665825531
481130096033020,0.0006123867394129961
481130096042029,0.0029060901837273233
481130096033000,0.0013878447926906842
481130078191002,0.0002166733031957292
481130203003001,0.0013878447926906842
481130025004035,0.0015296089715494123
481130006061009,0.0016757522134727408
481130203001016,0.0009974183783468824
481130064021022,0.0022080463503166984
481130012023012,0.004076441231739024
481130024003020,0.0013878447926906842
481130136171013,0.00011800106598264174
481130204022146,0.0004262051299417832
481130171022004,0.0028335149628183087
481130056003004,0.0009370669299160603
481130003001001,0.0025628972379031427
481130121011001,0.0023005008644589567
481130136103004,0.0013878447926906842
481130079061008,0.0011680042749523589
481130211002064,0.0004678844198490893
481130065022009,0.0019322722398002646
481130047002037,0.0021106214045827423
481130165212063,0.001218231901108188
481130136112007,0.0013878447926906842
481130201001014,0.0013878447926906842
481130067021060,0.0011953204828510204
481130050002018,0.0013878447926906842
481130125022036,0.00027816718868053437
481130125022033,0.0013878447926906842
481130136102021,0.0015775258583589833
481130204022103,0.0021739778284583238
481130204022044,0.006289430822347442
481130128022005,0.004715867795029882
481130136063020,0.0013878447926906842
481130027032037,0.00209409831854385
481130027032025,0.014796542294374593
481130027032041,0.002367873208407355
481130025003017,0.0030406548471295855
481130024002039,0.0013878447926906842
481130118021006,0.009457240169388155
481130125012001,0.012013061932720646
481130125012011,0.0013878447926906842
481130024003010,0.004809292524855196
481130093041023,0.0013878447926906842
481130113002010,0.00030211241736773726
481130159002011,0.0013878447926906842
481130136092018,0.0036884088424002748
481130063022011,0.002834217558369251
481130063022030,0.0011902978878732444
481130100021039,0.0013878447926906842
481130106012022,0.0013878447926906842
481130076051045,0.001708739042440846
481130004103026,0.00036090801240091646
481130043001059,0.001130625270170919
481130106021016,0.004755385543186054
481130204022039,0.00017924271042017874
481130208001009,0.00020875666232942987
481130114011030,0.0038905129869578107
481130092022012,0.0008550752913374851
481130130071016,0.0013878447926906842
481130171022015,0.0047218780959712115
481130006071000,0.0005273809270087734
481130129001015,0.0023531625141854154
481130084011012,0.0042178898793651855
481130080006008,0.0008800528080548136
481130130113008,0.024788373783963574
481130210002019,0.0029544597413609414
481130004012008,0.002427112520440728
481130185063073,0.0013878447926906842
481130099003007,0.0013878447926906842
481130165262006,0.0013878447926906842
481139801001033,0.010121619052109856
481130016022014,0.0003329827317339921
481130110042009,0.0015330813186410612
481130181271034,0.0013878447926906842
481130114011001,0.0012348347539696948
481130015032008,0.02698799610417229
481130081024010,0.0013878447926906842
481130052002038,0.0013878447926906842
481130206002045,0.0031339643411768233
481130134001026,0.0013878447926906842
481130110042013,0.0003924043090240691
481130009012016,0.0006143175573343482
481130107012027,0.0013878447926906842
481130212001009,0.0028373137283166216
481130106021025,0.00010401115684403005
481130136101005,0.001223095131703663
481130063011022,0.0007703867329030384
481130165333002,0.0013878447926906842
481130140021186,0.0013878447926906842
481130045003021,0.0003903952517221964
481130055002017,0.0002556644807266052
481130079032023,0.0015551497474416873
481130079023000,0.0013878447926906842
481130131012028,0.0023531625141854154
481130131012044,0.0005477876637868186
481130076042012,0.0013878447926906842
481130130132029,0.000683630248680985
481130027032018,0.0014969245675099687
481130056001007,0.028590240284122763
481130056001032,0.0013878447926906842
481130053002004,0.0011124903782257242
481130106011013,0.0013878447926906842
481130002011002,0.00045875953238783585
481130209002084,0.0013878447926906842
481130171013004,0.0009279817490459809
481130050002042,0.0008136085468002496
481130050002024,0.0013878447926906842
481130165211011,0.0017337640981388142
481130136182009,0.0025830443155353015
481130076042024,0.0017602295690680918
481130110031004,0.00016133436224782428
481130062003015,0.00017449451556768376
481130062003009,0.00041136685799097685
481130118013016,0.0018358910713723016
481130078092020,0.00016118655323138845
481130043001041,0.0013878447926906842
481130080004010,0.00030719531936097876
481130125022012,0.0004042664843528709
481130054002033,0.0007286514814539869
481130001001008,0.00042808304446973226
481130128012016,0.0027477622446593
481130122132027,0.0009361060557514184
481130064011041,0.0015177258190053262
481130098044000,0.0013878447926906842
481130109031044,0.0011419972402172886
481130113003037,0.0006999058705771177
481130112021001,0.0013878447926906842
481130067021044,0.0013878447926906842
481130051001023,0.15272885552546345
481130107012029,0.0013878447926906842
481130096033009,0.011798721771240113
481130054003047,0.002692861947589837
481130108093011,0.004456471951569322
481130108072005,0.0013878447926906842
481130053001010,0.0013878447926906842
481130053001004,0.0020272139533673837
481130053004013,0.0013878447926906842
481130053003013,0.0009864933911166906
481130060012014,0.0006345886527561968
481130063012020,0.0007810290800320961
481130131021007,0.0013878447926906842
481130027031025,0.004921630739232773
481139801001015,0.0013878447926906842
481130022001033,0.0006475708766735587
481130008022003,0.002203437828620812
481130078121015,0.00036596385757098717
481130071021019,0.002093165485818308
481130073022005,0.003085387649921062
481130071021014,0.0007022293485643373
481130136071002,0.0013878447926906842
481130080004014,0.00906956113773115
481130130131021,0.0002749933860044856
481130022003041,0.003307002365035065
481130025004022,0.0009070969493503947
481130057002041,0.0017815820392182765
481130055002015,0.0005701191753795095
481130108071015,0.0013878447926906842
481130209002011,0.0013878447926906842
481130037002049,0.00804382282446123
481130042022003,0.0006733727001624444
481130136172022,0.0013878447926906842
481130085002006,0.00036809976121325556
481130127011012,0.00042654853650534325
481130165112033,0.0014538043458659157
481130100032172,0.001265339539101873
481130003004006,0.0006168590125573095
481130097013011,0.0013356300457301462
481130108061027,0.0010035123164574198
481130071011009,0.0017994086517016156
481130063013017,0.00026856169935471873
481130110021015,0.0025041817926330155
481130110021001,0.03630136356256087
481130140021101,0.0013878447926906842
481130081022012,0.002920986783559403
481130171011049,0.0013878447926906842
481130092023020,0.0013878447926906842
481130072042000,0.056945537307552745
481130094013003,0.0008984909496614431
481130085001017,0.0005026118862699918
481130123021007,0.0013871694824054443
481130124002013,0.007651801327514617
481130009012012,0.0013878447926906842
481130130053011,0.00047513890208986093
481130129004006,0.0008672427346157485
481130129002029,0.00037573000687541024
481130129001033,0.00041503603701976743
481130078352005,0.00021315731463516585
481130210002011,0.0009250367113390591
481130091041007,0.0013878447926906842
481130211001042,0.001720388198189826
481130053001028,0.0013878447926906842
481130206002013,0.0012091991250003493
481130088023012,0.005607851788516367
481130203002072,0.0022950230227229604
481130052001019,0.010802278588018315
481130130071020,0.0013878447926906842
481130078121024,0.0017511889817574434
481130078121018,0.0039583669251226535
481130208003055,0.0004480661111670225
481130084021004,0.0025494960852220387
481130037001014,0.0010633537415731947
481130094011014,0.0028836874913071566
481130115002066,0.0019389461738054496
481130167101027,0.13370308662489708
481130170101010,0.001019348500087611
481130099003090,0.0013878447926906842
481130130121007,0.001661796012512026
481130130122007,0.00572880143764911
481130116031024,0.0007399800347530124
481130131041002,0.0099736050402392
481130204012039,0.006382703653323311
481130170102009,0.0013878447926906842
481130093031007,0.0006055481693172385
481130087013029,0.00011243366083482825
481130136211010,0.0013878447926906842
481130130122016,0.0013878447926906842
481130131012012,0.00036915007536700176
481130181411003,0.0013878447926906842
481130206002001,0.0013878447926906842
481130106022031,0.0005765760028247155
481130130091011,0.0013878447926906842
481130076011013,0.0007022293485643373
481130136051004,0.00036432945984293623
481130208002042,0.0006959285805935117
481130211001031,0.013749904717574198
481130096072000,0.0013878447926906842
481130025003028,0.04182674743432101
481130130101018,0.0013878447926906842
481130078052001,0.0003930051277627532
481130098031009,0.0016718747102640894
481130136101026,0.0012496216292705203
481130128011003,0.0013878447926906842
481130165212022,0.0014302674427484235
481130136251002,0.0013878447926906842
481130019013000,0.0013878447926906842
481130079121002,0.0013878447926906842
481130091031014,0.0013878447926906842
481130092041036,0.0012800256993756184
481130170101004,0.0031468937528033748
481130013011016,0.0013878447926906842
481130081021006,0.0013878447926906842
481139801001047,0.0019389461738054496
481130084021040,0.0013878447926906842
481130122072007,0.0040603897031507435
481130100014006,0.0021261215231118532
481130012023007,0.0006571753273625249
481130081024018,0.001985469961168441
481130003001026,0.0005490457247361058
481130164122008,0.0013878447926906842
481130136052010,0.017375946649799686
481130076041008,0.0013878447926906842
481130133002000,0.0005332273646805063
481130131061004,0.0013878447926906842
481130081023038,0.0021192701713645297
481130097022018,0.00089569619751961
481130108062025,0.0012682304737568204
481130130053006,0.006131826232780855
481130129003019,0.00682166981932662
481130136061024,0.0010801667954126173
481130093013005,0.0013878447926906842
481130132024027,0.003085387649921062
481130006071004,0.0003344507515395384
481130106021009,0.0017665155322713047
481130108052000,0.0007361547081678898
481130063013028,0.0013878447926906842
481130108071003,0.0008750483693505068
481130045002010,0.0008828786346794011
481130111032002,0.0005473037371459586
481130212001004,0.0038320401489116292
481130079062016,0.0008395940752272411
481130136102006,0.0015519620908395605
481130125022018,0.0013878447926906842
481130125022022,0.0011762361696560505
481130001001003,0.00017909119337689692
481130112022019,0.0010355689543975488
481130093041007,0.0013878447926906842
481130171013015,0.01043512526519936
481130124001008,0.000406421655964714
481130053001009,0.0002201978977778081
481130045002018,0.00034392525264783264
481130076011023,0.0004694434602752921
481130096071017,0.002689928560017217
481130063022003,0.003630720442120516
481130136072018,0.0004744389899670238
481130101011002,0.0011891301523237407
481130136053003,0.0013878447926906842
481130111012002,0.0015180268754677972
481130203002021,0.0035944599897947587
481130014002008,0.0013878447926906842
481130210002003,0.0008085997950859241
481130114011021,0.0043135679151295545
481130092023032,0.0013878447926906842
481130092022010,0.0006602331991383059
481130206001033,0.0013878447926906842
481130065011007,0.0062614723211455465
481130043001049,0.0013878447926906842
481130071022013,0.002136641364465795
481130211002004,0.0013878447926906842
481130059023009,0.0023449716707974683
481130130071001,0.0031325524682588044
481130117013037,0.0006126403185133087
481130208003001,0.00033321671473904
481130088011008,0.0004734338191381323
481130210004001,0.001879840398113278
481130101022000,0.00010081815466329551
481130043001093,0.0011624372316357216
481130082003029,0.0013878447926906842
481130109063001,0.00027143849892149514
481130100032185,0.00036306921332504203
481130094021003,0.0013878447926906842
481130062003022,0.0013878447926906842
481130115002019,0.0013878447926906842
481130100032115,0.0013878447926906842
481130091013029,0.012816407462721969
481130091051006,0.0018098854041337278
481130135001001,0.0015017176850010167
481130135002018,0.0005852896629417062
481130202001019,0.0041056270907299216
481130006111000,0.004278436837012896
481130171021032,0.00012897656086386224
481130085001040,0.0013878447926906842
481130210003016,0.002389213579015849
481130190411008,0.0013878447926906842
481130096103004,0.00677159440576854
481130096092023,0.0009496785874147981
481130043001087,0.0008976550099250097
481130065011006,0.002471452385446741
481130027033037,0.00027647644151719184
481130037001020,0.0017534507411361426
481130107012011,0.011242836203924222
481130067012009,0.0010422371458346724
481130131012000,0.00041231117336731503
481130212002019,0.0013878447926906842
481130008012017,0.0005948241002971913
481130202002043,0.0013878447926906842
481130109043004,0.10121612280518462
481130108093025,0.017404966149802626
481130050001013,0.00013088016056910564
481130081022030,0.001044504768728322
481130100032123,0.007214772953812851
481130011012003,0.003264524984878857
481130082001009,0.0001231859622055364
481130130132010,0.00019461222283889058
481130094022029,0.0003526682562242276
481130095002009,0.005297771747720866
481130063022020,0.003307002365035065
481130064011022,0.000268188461357446
481130114012002,0.00014879633192526706
481130132024025,0.0009943303583700674
481130015041002,0.04619076730629983
481130109031029,0.0011953204828510204
481130107012001,0.0013878447926906842
481130047002020,0.00011479358851223975
481130108042015,0.0008452302263481434
481130108042014,0.0006946422163936585
481130100032029,0.0016700654212512876
481130081022026,0.0007286514814539869
481130057001013,0.0010414242815311166
481130108092035,0.0013878447926906842
481130108092037,0.0008571547544982683
481130065022017,0.0013878447926906842
481130053001015,0.007240657545775214
481130060011008,0.00221632856758667
481130171022011,0.0009102107400567373
481130096091006,0.0005920798600618526
481130096042032,0.0012924662760017756
481130082003032,0.0027824081727965163
481130136172006,0.0013878447926906842
481130099003053,0.006505089373729137
481130091013028,0.007820617926198405
481130045002046,0.0015865506925545757
481130165261013,0.0004982106003095073
481130165111000,0.2710630028196998
481130212001002,0.0011073436653477391
481130073011024,0.0010824530835807093
481130129001020,0.0027240936045792264
481130002021012,0.00016105322557814636
481130203002052,0.0007670958080261006
481130210003032,0.00010737919095777423
481130057002026,0.003413109344280367
481130167102008,0.001009027098557456
481130211001039,0.001399893136140363
481130208001019,0.0016097832266754937
481130115002010,0.0013878447926906842
481130114011040,0.0003685262626391779
481130077021003,0.0013878447926906842
481130108051005,0.006472176644737591
481130165271002,0.0007790463289756842
481130097013013,0.0013878447926906842
481130098031022,0.004322267512876812
481130012041013,0.0015218767030081735
481130210004020,0.0009791606977530237
481130051002014,0.0013878447926906842
481130113002035,0.0008503340346084743
481130209001006,0.00028865926172078694
481130170102008,0.0013878447926906842
481130053004025,0.00039572276197661575
481130111011014,0.0013878447926906842
481130057002008,0.0009428868092023507
481139801001017,0.0013878447926906842
481130020022007,0.0027698859243626087
481130096043001,0.0013878447926906842
481130185063057,0.0013878447926906842
481130112021007,0.0009732118910597071
481130072052010,0.007102520648764594
481130084012016,0.012690899228391095
481130055001002,0.0008813594642260393
481130002013009,0.001446144565288087
481130122062006,0.0001456912007880768
481130011012018,0.005946585185218736
481130096042011,0.0013878447926906842
481130210004006,0.0013878447926906842
481130052002025,0.0008872157996004284
481130212001010,0.0005890440876361869
481130136051016,0.0009250367113390591
481130064022022,0.0005977292037270353
481130131012004,0.0023531625141854154
481130132024010,0.0017923579993870207
481130128021009,0.004080298970092178
481130071022007,0.00016991458980336057
481130077023041,0.003486890694868004
481130093031020,0.00022690669380963447
481130055003029,0.0003597147413473849
481130002021005,0.0012530761177347537
481130079023006,0.0013878447926906842
481130164121029,0.0013878447926906842
481130124002008,0.000584604085373377
481130127021007,0.002275383620186586
481130122062008,0.007162634681147855
481130090021005,0.00021577283176405404
481130087011001,0.0015900501807484316
481130092032005,0.0015709512737395656
481130165341004,0.00113875719196677
481130096083007,0.0013878447926906842
481130192081033,0.0013878447926906842
481130136211009,0.00013894841482418798
481130190403004,0.0013878447926906842
481130136171000,0.002703653896111327
481130206001010,0.0021106214045827423
481130108041002,0.00024309984502289005
481130051002016,0.0006093554347630801
481130076011007,0.0001457226130466443
481130129004009,0.0001406361424298121
481130096091025,0.0013878447926906842
481130078292009,0.0013878447926906842
481130082003017,0.002136641364465795
481130210002005,0.0004369109186620888
481130097011028,0.0013878447926906842
481130206002029,0.0006628391097329534
481130165282000,0.002703653896111327
481130178061014,0.0013878447926906842
481130042012015,0.025730765142282837
481130027033011,0.0008166849558226014
481130136252000,0.0036551427446435214
481130208001023,0.0015017176850010167
481130092041026,0.0013878447926906842
481130136171007,0.0013878447926906842
481130130103003,0.0013878447926906842
481130100032199,0.0013878447926906842
481130107012004,0.0013878447926906842
481130073023037,0.0013878447926906842
481130084021028,0.0020445377892482222
481130136072014,0.0013878447926906842
481130171013009,0.000606511516197383
481130122073012,0.00425453714832486
481130071024004,0.0013878447926906842
481130131021002,0.0011953204828510204
481130131011016,0.0013878447926906842
481130131061007,0.0004917363998537945
481130099001000,0.0013878447926906842
481130087042003,0.0032884955521867007
481130096091014,0.004721391917423165
481130012022025,0.00024864199900090464
481130003001016,0.0027600101739906338
481130208004013,0.0028745189923989264
481130115002004,0.014808991133153811
481130091042008,0.002446338444412198
481130164122041,0.0013878447926906842
481130115002059,0.0005332273646805063
481130045001002,0.0013878447926906842
481130065012003,0.004468789371365938
481130072031001,0.0013878447926906842
481130190193007,0.009272027587886478
481130079151001,0.0013878447926906842
481130077022007,0.0013878447926906842
481130045002030,0.0013878447926906842
481130051002013,0.0013878447926906842
481130123012004,0.0010192485037287407
481130043001046,0.0013878447926906842
481130138061068,0.0003703554180236439
481130054002036,0.0007916899090204659
481130057003051,0.0011102369490706215
481130092041003,0.0008951432401600678
481130209002085,0.0019195207710591825
481130073012027,0.00012075988281129046
481130165341014,0.0024006634589195655
481130164091000,0.0013878447926906842
481130076051037,0.00010439267770123179
481130045003005,0.0013878447926906842
481130068002016,0.003640644209375383
481130005022021,0.0010159669144460307
481130136052017,0.013728184724460985
481130004103049,0.003340374002126015
481130171022002,0.00011794929111297663
481130099001066,0.00995349226806842
481130167111010,0.0013878447926906842
481130117013001,0.0013878447926906842
481130078101001,0.0003152659293668902
481130100015015,0.0013878447926906842
481130027032071,0.0013878447926906842
481130208004016,0.0008001598114195829
481130079022013,0.0015551497474416873
481130130051013,0.011352471473099106
481130130052009,0.001807842556101854
481130048001001,0.0013878447926906842
481130210001019,0.00014407150256896727
481130209001064,0.0013878447926906842
481130062001000,0.0013878447926906842
481130111042020,0.0018754612109296148
481130098023010,0.002313193226651074
481130055001019,0.00014126210713989834
481130020022004,0.0003693327586024331
481130210004026,0.0004019458934522908
481130087013014,0.00017146789346646004
481130045003015,0.0003276614771844021
481130129001021,0.001991678973320674
481130202002063,0.00022551551240621877
481130088023004,0.005822338784096928
481130086041011,0.003328190224378035
481130211002053,0.003001731229609627
481130119011008,0.0003056911954618176
481130052001010,0.0016737753219714243
481130100032064,0.0032904214274605227
481130087013008,0.0012922523088502865
481130061002021,0.00047789570992022844
481130117023041,0.0013878447926906842
481130015033003,0.010356224266529766
481130059012015,0.01588511389916368
481130051001021,0.0006648169409808904
481130027032011,0.006433564613279031
481130037001006,0.0014045963260763239
481130099001110,0.0013878447926906842
481130078092026,0.0013878447926906842
481130079025005,0.002647058285339022
481130002022010,0.001012472289949223
481130096041002,0.00010277712342754968
481130131012026,0.0013878447926906842
481130056003023,0.0005853296557553163
481130073012018,0.0002935170441793153
481130107043019,0.0013878447926906842
481130053002026,0.0006475708766735587
481130106022016,0.006342977953142475
481130131011018,0.001333867610507503
481130001002026,0.004238765741456372
481130116032007,0.0013878447926906842
481130050002037,0.00019314053728101277
481130136171002,0.00036325543194366583
481130045002002,0.005606095506578893
481130071021004,0.0028844762409364305
481130062002012,0.00011047728519825026
481130101021039,0.0010659747221876098
481130100032178,0.0003504463462966885
481130100032176,0.002352251668782021
481130002022030,0.0013878447926906842
481130014001011,0.0009900635695813103
481130020012017,0.00021384069783068077
481130107042007,0.0007441512969469075
481130043001072,0.001506150816687916
481130171021001,0.0013878447926906842
481130167111020,0.003307002365035065
481130073023001,0.0005473037371459586
481130165341008,0.002765417676613106
481130004081005,0.0058049295364174126
481130053004007,0.007841873982673764
481130108071010,0.0012986900301999041
481130110022004,0.0013878447926906842
481130110033010,0.00279809576537463
481130064021011,0.004103396074724078
481130130092013,0.002994465872604952
481130078254016,0.001333721201309746
481130109032001,0.0008436688925720536
481130082001005,0.0012354662143011987
481130004014015,0.1474491702805431
481130107042006,0.004266700848306476
481130165262020,0.000729072170544822
481130205003007,0.0013878447926906842
481130065022033,0.0006475708766735587
481130025002008,0.00016059346497046661
481130037002026,0.0009688899625677472
481130095002011,0.0013878447926906842
481130107043013,0.0013878447926906842
481130100015011,0.00013397201262137917
481130096042024,0.0013878447926906842
481130096032014,0.0030043671204097763
481130053003014,0.00324622765096238
481130067012024,0.0004111534916160104
481130166341024,0.0013878447926906842
481130025004036,0.0006980211148347039
481130210003013,0.0017585867918236354
481130167102006,0.0018266971054780982
481130056001014,0.0036575923047514184
481130055001027,0.0003139348243402269
481130055002028,0.0008263572791503823
481130166341000,0.0013878447926906842
481130208003045,0.019315815538042114
481130136063031,0.00017354247454088158
481130165342000,0.0007696578673332948
481130122071015,0.0008421078901135616
481130127013016,0.002513938546085586
481130012023017,0.013544715619909227
481130136081007,0.002199483530471619
481130116011025,0.007892204765661598
481130109031031,0.00042307122766959744
481130051001028,0.0015180268754677972
481130100015009,0.0010633537415731947
481130087032025,0.01142305420414681
481130106011022,0.0015551497474416873
481130110032022,0.0020416150753532754
481130097012014,0.004001854344573251
481130202002071,0.00045356741469063317
481130111041006,0.0013878447926906842
481130096081001,0.001436482545739868
481130110021019,0.1153495952154404
481130124001000,0.005575954140285294
481130136092030,0.0013878447926906842
481130025004044,0.0014993612959864797
481130048001040,0.0008612377639921115
481130007031006,0.0017212876521615276
481130123012014,0.0012323849132568811
481130122074012,0.04440817021868259
481130125022028,0.0013878447926906842
481130129004028,0.0015019178982835495
481130091031009,0.00016594516408995167
481130091011010,0.000215033648665787
481130132011004,0.0006843589712395843
481130203002015,0.00466752840968884
481130002021006,0.0007464305230239297
481130192132006,0.0004994256122948418
481130190341011,0.0007992615384507508
481130015042011,0.0010296183051690896
481130091032002,0.0013030374103218932
481130076042028,0.0019993841190013304
481130059013006,0.0019202596866462463
481130091042018,0.0011559550381151117
481130204022033,0.00018679031823639852
481130084011033,0.022194681810168974
481130167111037,0.001103760536771448
481130203002004,0.00042384425788323174
481130124002018,0.0014169653778398103
481130108092010,0.00012185348094600196
481130096042018,0.0013878447926906842
481130167102017,0.000394754208426435
481130053001024,0.0013878447926906842
481130004103014,0.0010422371458346724
481130122062007,0.0009160219675039154
481130003004004,0.008284833683646737
481130003002023,0.0020222232850368653
481130090022002,0.006775637001391539
481130087013009,0.0019098887064561362
481130092032007,0.0020562821201020034
481130136071026,0.0007327246177856085
481130134001006,0.0007227964623105677
481130099001064,0.00220565169804262
481130078292008,0.0013878447926906842
481130125022001,0.004354280434097985
481130136081026,0.0006167611648749227
481130120002003,0.0013878447926906842
481130064011025,0.0018277445472182296
481130132011017,0.005000644085751205
481130101011016,0.00021315731463516585
481130076051052,0.0013878447926906842
481130129004002,0.0013878447926906842
481130100031044,0.0013878447926906842
481130190181013,0.0021498107241419593
481130106012020,0.0013878447926906842
481130100012024,0.0005473037371459586
481130006102001,0.007258715082693939
481130006062010,0.01270866512958965
481130009011004,0.000974850842581731
481130165212072,0.004641102338275514
481130096051000,0.001700325982393533
481130132021001,0.001044504768728322
481130100032120,0.004135552813091562
481130122072006,0.0013878447926906842
481130085001034,0.0013878447926906842
481130080002016,0.0005773958037419863
481130092023000,0.0013878447926906842
481130112011002,0.002259868405397721
481130185063012,0.0013878447926906842
481130204012062,0.0013878447926906842
481130007052011,0.0011864544522477603
481130124001021,0.0011953204828510204
481130081024016,0.0013878447926906842
481130121022006,0.0013878447926906842
481130055003043,0.013552883058556533
481130008021003,0.0026302569120034616
481130159002017,0.0013878447926906842
481130165271006,0.002847440696762295
481130165272014,0.0013878447926906842
481130192084008,0.0013878447926906842
481130096073006,0.00018602066135169236
481130004012002,0.00016800493347289143
481130170081012,0.0005161643979845926
481130091032010,0.0003094432497661788
481130072042012,0.0013878447926906842
481130108052021,0.0008343774095802619
481130132011020,0.0016757522134727408
481130109061009,0.0013878447926906842
481130072032003,0.00015665139990726982
481130068001007,0.0013878447926906842
481130064022033,0.003545119520712465
481130100013000,0.0017324346598457225
481130125022042,0.0014969245675099687
481130125022014,0.0013878447926906842
481130043001083,0.0023531625141854154
481130004103023,0.00012029480040861505
481130071023011,0.00016043783860590668
481130025001024,0.0009757338212587355
481130025002001,0.0002971449761465224
481130081023031,0.00042440297706503315
481130013012006,0.0013878447926906842
481130016011017,0.0006333751557103325
481130212001015,0.002453087773753864
481130117022011,0.041304333647460896
481130136053004,0.0013878447926906842
481130084011006,0.0011589758524053156
481130099001109,0.0013878447926906842
481130204012054,0.0013878447926906842
481130013022020,0.002729575031686359
481130128023010,0.003118114209097331
481130085002020,0.0009693825471412974
481130085001030,0.00016375474678010206
481130078102009,0.0008085997950859241
481130136181004,0.0013878447926906842
481130130071002,0.0013878447926906842
481130113002024,0.014967538279291238
481130052002008,0.0012222040669989636
481130112012002,0.000791337696005919
481139801001030,0.0013878447926906842
481130136285023,0.0012139120022839035
481130209001060,0.010167071403175399
481130165211019,0.0010422371458346724
481130117023030,0.0004026395434729639
481130141572000,0.0013878447926906842
481130132011006,0.006568701306763418
481130053004046,0.0031077812729140737
481130100012051,0.001326778344018159
481130025003004,0.010508490280692782
481130091013017,0.0021345988404266165
481130043001030,0.0017743263278747487
481130059011009,0.0013878447926906842
481130071011030,0.0004953961113673578
481130044001006,0.00012587156339140411
481130112022032,0.002691184024490472
481130210003021,0.00021738336200184522
481130115002031,0.0013878447926906842
481130116042009,0.0010996534055664226
481130076051042,0.00036034524175030714
481130060022008,0.007536302060081455
481130110033002,0.002333021324049645
481130004012001,0.0008140167542741084
481130108091001,0.0013878447926906842
481130097011014,0.00474371880258907
481130206001013,0.0017416003567987716
481130165273017,0.0020048413411355576
481130079025006,0.0026888025322555835
481130096041003,0.0013878447926906842
481130131012010,0.0013878447926906842
481130107012049,0.0013878447926906842
481130052002026,0.0002761541471520954
481130136062027,0.0013878447926906842
481130097021017,0.0021498107241419593
481130131021013,0.00024053152659886515
481130050001002,0.012523026416406142
481130062002016,0.0013878447926906842
481130118022021,0.0024218466483358412
481130118012011,0.002005812995625127
481130106022015,0.0015180268754677972
481130126012011,0.007274226795308938
481130080002005,0.002275383620186586
481130166341030,0.0015017176850010167
481130126011011,0.00018221225519882928
481130002023002,0.0016482086909396512
481130016011015,0.007882765930958713
481130090012007,0.00012763674322260226
481130091052005,0.0011688613315911957
481130209002094,0.001908875507921911
481130054002011,0.0028947534506173623
481130107043015,0.0009373151510486518
481130067021053,0.0013878447926906842
481130208003009,0.0013878447926906842
481130116012001,0.0002961803335731657
481130135002019,0.0015464937678429987
481130111011017,0.002920662331165973
481130212001026,0.0013878447926906842
481130171013024,0.0008750483693505068
481130136051027,0.0005473037371459586
481130106021013,0.00012959201069003711
481130136213005,0.0016756556295821658
481130206002023,0.001506150816687916
481130100032157,0.006973046740883214
481130065012023,0.0002392815346133602
481130064021038,0.07320501232518437
481130065012021,0.0010565240660999255
481130053003031,0.00288600962375111
481130098044008,0.30925544650172454
481130100015014,0.0013801671749343384
481130096042005,0.001044504768728322
481130096031002,0.0013878447926906842
481130056003028,0.00016020283209075946
481130053003007,0.0002920555676619325
481130165282011,0.0017994086517016156
481130136072034,0.0013878447926906842
481130165112027,0.0009250367113390591
481130025004065,0.0010816403800888816
481130059011011,0.0006980211148347039
481130055001033,0.0010330976097511415
481130084011017,0.00034590699674665883
481130004101001,0.008735868178568584
481130006061004,0.003109215290312983
481130084022016,0.004903274789211765
481130115002022,0.0021261215231118532
481130115002011,0.0013878447926906842
481130192081007,0.0008009052493078967
481130096051009,0.0009189546653531437
481130203003030,0.00020941764019508191
481130170102005,0.0013878447926906842
481130001002028,0.0013878447926906842
481130097012019,0.0001623755970365725
481130111011011,0.0001514509278912862
481130130121003,0.0013878447926906842
481130212003059,0.0013878447926906842
481130062001023,0.0009737827481363912
481130071011000,0.0010442631721807672
481130136072015,0.0006220942822717813
481130171013022,0.00023030680179307424
481130082004015,0.001504241965214559
481130167101022,0.00036376112793600965
481130062001022,0.0013878447926906842
481130079061016,0.0006544893804821774
481130001003001,0.002100124646404986
481130123012015,0.0013878447926906842
481130124003008,0.0004906776805498074
481130078122010,0.000610024707486271
481130206002020,0.00221632856758667
481130081024008,0.003085387649921062
481130118021010,0.0004184576769466809
481130064011015,0.0013878447926906842
481130057001027,0.0005187660851807577
481130099003073,0.0013878447926906842
481130132021004,0.0013878447926906842
481130054001032,0.0008221631400565777
481130136221000,0.0013878447926906842
481130109041007,0.0013878447926906842
481130096112012,0.004180140539408185
481130078053003,0.0012478002671079376
481130057003023,0.00010298620260467595
481130120003006,0.0013878447926906842
481130076042009,0.0003102512744283887
481130077023006,0.0035261552520398282
481130167091045,0.0011962810977139775
481130063021023,0.0013878447926906842
481130078122007,0.0004406293844917225
481130100032251,0.0013878447926906842
481130179003012,0.0013878447926906842
481130136172023,0.0009567375570401595
481130203003017,0.000763224054994206
481130124001022,0.0013878447926906842
481130112022038,0.00222209804979678
481130037002058,0.0019346877194593235
481130208004012,0.0009146219444094078
481130211002067,0.000742207361048336
481130190182008,0.0013878447926906842
481130116042015,0.0033024745954890627
481130106012001,0.0013878447926906842
481130091013001,0.00022078531875000738
481130125021017,0.003778668806433966
481130076011020,0.0013878447926906842
481130206002003,0.0013878447926906842
481130080002008,0.0023531625141854154
481130206002053,0.0019454640595198448
481130085001024,0.00477198613014282
481130097013001,0.0005978096709985631
481130025004001,0.0013878447926906842
481130130092003,0.0013878447926906842
481130136051022,0.004692228734549874
481130136152011,0.010389303120241035
481130126011017,0.0013878447926906842
481130094013010,0.0007022293485643373
481130071011013,0.0013878447926906842
481130203001017,0.00027636888371672993
481130062002014,0.006191435555311965
481130004092005,0.002135852536400856
481130107011009,0.0013878447926906842
481130164122001,0.0013878447926906842
481130096103000,0.0013878447926906842
481130100032205,0.001853154928022308
481130019022022,0.009447371352421003
481130100031008,0.0013878447926906842
481130093013008,0.0013878447926906842
481130093012005,0.0009246878382730885
481130092021001,0.0007022293485643373
481130092023001,0.0013878447926906842
481130126012008,0.003055516438878224
481130099003039,0.0013878447926906842
481130130101019,0.0013878447926906842
481130068001008,0.00047844443090798764
481130190405029,0.0013878447926906842
481130164211003,0.0013878447926906842
481130135002003,0.007232063253932122
481130211002012,0.001083431382120465
481130054003015,0.0013878447926906842
481130110022009,0.0013746054491900488
481130204022098,0.0006210642113167971
481130116032028,0.0013878447926906842
481130116032025,0.0004084660016975643
481130130102010,0.0029525388681004524
481130099003104,0.0013878447926906842
481130078254019,0.0013878447926906842
481130169021013,0.0013878447926906842
481130123011017,0.0013878447926906842
481130024003017,0.006004769031763693
481130093011018,0.0028811172006988177
481130093011000,0.0006168590125573095
481130171023021,0.0006075532262153391
481130185063023,0.0003213497079439108
481130053001026,0.0011516478318640102
481130067021043,0.001218231901108188
481130062003011,0.0019832072695130844
481130206002036,0.00014432259656225948
481130084021000,0.00032506968096095314
481130084012029,0.001025572727104386
481130171022016,0.0008754380983773846
481130011012017,0.0026312599491101285
481130079023038,0.0002805365547288188
481130037002027,0.00039236946467907
481130208003014,0.0020270249726557677
481130092023010,0.0037822911994906216
481130203002048,0.00013989094414344283
481130080004012,0.002136641364465795
481130205001021,0.0016703776867125506
481130045003034,0.009915751978869864
481130046001003,0.0024368684498447587
481130078254017,0.0013586571554340618
481130116042003,0.009660674644267396
481130136191006,0.000779060303846289
481130136181011,0.0013878447926906842
481130130122000,0.00020718646823177078
481130130113006,0.001044504768728322
481130101021032,0.011057376042198665
481130101021026,0.0008038566380156116
481130042022024,0.0007286514814539869
481130100032075,0.0013878447926906842
481130165282020,0.0013878447926906842
481130128021027,0.002984560132449157
481130165342027,0.0014134426351776115
481130099001086,0.0013878447926906842
481130125012018,0.001029351115644097
481130096112006,0.0013878447926906842
481130071021012,0.024677548830826353
481130044003000,0.0013878447926906842
481130059012007,0.0013878447926906842
481130078122003,0.00044077326358683974
481130092023031,0.002832488867297481
481130088012028,0.0004972709975001867
481130027032052,0.007784167871503205
481130004092020,0.0013878447926906842
481130131012039,0.0013878447926906842
481130131011012,0.0030531133561378676
481130013021002,0.00023571253556824856
481130096092034,0.0014368514192941917
481130009012014,0.0011956500578895633
481130088012003,0.016339070673337504
481130079023017,0.002196471927378385
481130059021015,0.0020740986476611508
481130202002041,0.0013878447926906842
481130130132012,0.00034313900774332113
481130096111011,0.0011155046680970252
481130096073008,0.00011314862342100753
481130136172033,0.0013878447926906842
481130101021025,0.0004049083583470997
481130136062015,0.0013878447926906842
481130206001007,0.0013878447926906842
481130079025004,0.0017279612824296214
481130130091003,0.0006024098119461746
481130078241006,0.00221632856758667
481130131012021,0.00024020764728611946
481130106022009,0.0033291223522421095
481130190192009,0.0013878447926906842
481130119022012,0.0007391327069893434
481130170052011,0.0012465900388495968
481130165273012,0.002227168863851457
481130134001034,0.0005875597908887075
481130054001013,0.0008908123130480519
481130120001011,0.003198929077632574
481130122074016,0.00017802444204882104
481130108052001,0.0027677634750990308
481130100032131,0.003724231578479806
481130100032087,0.0013878447926906842
481130100032109,0.0002701261328612778
481130082001002,0.00021597737158711398
481130128022007,0.001379416808569546
481130130132009,0.0009933901969317162
481130091052018,0.002068236220014015
481130117023037,0.0013878447926906842
481130117023038,0.0004994402953341618
481130096073000,0.0009257427416739509
481130011014010,0.00010360854815126686
481130063011013,0.001130682753397213
481130022001034,0.0029863136284479937
481130111051007,0.00044751734372048754
481130136081021,0.0019892013538659083
481130042011024,0.002231495175153777
481130042012005,0.00023634464631853324
481130045002013,0.0013878447926906842
481130057003000,0.000691157631654669
481130136201004,0.0014144635601271468
481130204022047,0.013027586653495878
481130127022004,0.0013878447926906842
481130130052014,0.0023156051394269193
481130062001005,0.002891071625488623
481130045002031,0.00029595901294819063
481130110031007,0.0022737733265990024
481130060022011,0.00043359239008143054
481130020011025,0.0020007774880638667
481130135002027,0.001991678973320674
481130111031001,0.0008167850251554926
481130108092016,0.0025340431053541583
481130042011041,0.003013981965542693
481130107011016,0.0005573451718683317
481130076051007,0.00021315731463516585
481130011022014,0.004043972846510309
481130082003028,0.0013878447926906842
481130117013022,0.0023158681322866183
481130022001009,0.0013878447926906842
481130190405026,0.0013878447926906842
481130210002027,0.004420948824993322
481130054001014,0.00346618856053344
481130087031008,0.002548691564694718
481130056001013,0.00044400167701709404
481130179003022,0.0013878447926906842
481130037002042,0.0008602930524031068
481130166353000,0.0013878447926906842
481130108071000,0.00011651739297696448
481130063011002,0.0013878447926906842
481130136072024,0.0013878447926906842
481130012041010,0.0009386703229247362
481130024002013,0.00038872611468097445
481130024002012,0.0021146621688312335
481130084012021,0.00097407064846359
481130113002036,0.0009696266951485924
481130110022008,0.0013878447926906842
481130091011005,0.0013414883216820413
481130073021009,0.00024112817462692142
481130111012004,0.00488105956404989
481130136091011,0.003307002365035065
481130136072028,0.0013878447926906842
481130099003055,0.0013878447926906842
481130050002009,0.002953829624694113
481130094022033,0.00026806155858980624
481130122073010,0.0014211030339567755
481130124002009,0.0036665567477091607
481130084012015,0.002002840372208333
481130120003012,0.0007022293485643373
481130127022010,0.008784472138193307
481130136151001,0.005016101319464004
481130013022008,0.0013921415861605378
481130059021016,0.0794166312762862
481130087051026,0.0013878447926906842
481130119012025,0.006186474933213452
481130096041004,0.0013878447926906842
481130100032071,0.05322677028197031
481130053004011,0.00047441824922448295
481130136081038,0.00199324574811748
481130100031027,0.0001060345357153194
481130165273015,0.0013878447926906842
481130057001022,0.0019127938589447915
481130044003015,0.001188301419021484
481130076041021,0.001668868180964549
481130077023040,0.002355478225174459
481130093031013,0.0003078656200463022
481130106011045,0.0037404643693975197
481130203002005,0.0018175997491947644
481130079092005,0.006350570363078922
481130090022000,0.0009250367113390591
481130093032015,0.00013777185609774355
481130060023001,0.0013878447926906842
481130141571003,0.000395334377397066
481130076051049,0.0008977017546355515
481130203003009,0.003329090061203553
481130006091014,0.00018029080799029085
481130109043007,0.0013878447926906842
481130192082000,0.0018196573890210841
481130136103003,0.0013878447926906842
481130094013005,0.0013878447926906842
481130076051014,0.0013878447926906842
481130190182006,0.0013878447926906842
481130136172037,0.002484005976426975
481130091013023,0.0005714206295234246
481130071021002,0.0013878447926906842
481130123012005,0.0013878447926906842
481130002011018,0.0013878447926906842
481130081021005,0.0013878447926906842
481130130053016,0.0013878447926906842
481130095001015,0.0013878447926906842
481130136062026,0.0013878447926906842
481130121011010,0.007163265432154181
481130123025018,0.0013878447926906842
481130100015006,0.0011277201399552237
481130167111030,0.0006376079511730354
481130079023029,0.0013878447926906842
481130079031011,0.00576419272099732
481130079151000,0.0010839217020560865
481130078091013,0.0025646298705545145
481130091031010,0.0002432615265358609
481130203001004,0.0005272907961319542
481130121022001,0.00019153493971093245
481130136071004,0.00019599544935291005
481130164211027,0.0013878447926906842
481130130113000,0.0013878447926906842
481130044001024,0.0006021653081249437
481130136182022,0.001748808554997632
481130136172003,0.00274308276536896
481130024001017,0.0003637989036398263
481130131011007,0.0010801667954126173
481130101021009,0.0013878447926906842
481130065012000,0.0004921034536919549
481130067021032,0.005266975405647624
481130112022028,0.0013878447926906842
481130209001023,0.007685262424353185
481130052002035,0.004141887313222539
481130042022023,0.0007248349759863743
481130094011011,0.0013878447926906842
481130099003004,0.0013878447926906842
481130132011008,0.0019666882159803914
481130045001015,0.0013878447926906842
481130124001017,0.0002354123032023927
481130065022015,0.00017776974037908512
481130165333015,0.0005332273646805063
481130071025014,0.002834217558369251
481130100032041,0.004334795950887994
481130025002013,0.007098498720354696
481130092041035,0.0013878447926906842
481130113003003,0.0005270665830145681
481130171021024,0.0006624985693306157
481130109062005,0.017283152358443427
481130052001044,0.0013878447926906842
481130067012018,0.0037972969854669957
481130136102033,0.005889124744471404
481130212001031,0.0009943303583700674
481130096112026,0.0021409115856766935
481130073021003,0.00011758905614877957
481130096081005,0.0014969245675099687
481130099001087,0.0013878447926906842
481130204022015,0.0024041976285420407
481130025002017,0.0027969092591363554
481130056002019,0.0030570657505834464
481130167111011,0.0020002693054538244
481130079021008,0.002545424025639915
481130093043012,0.0013878447926906842
481130056001003,0.00027150767400355706
481130136052002,0.0014885031132986716
481130098023015,0.002880347439445765
481130130093010,0.0002738484267305522
481130208003047,0.0013878447926906842
481130056001030,0.00345023441359831
481130109061017,0.0019451027720694554
481130136092025,0.0013878447926906842
481130130122002,0.0007449674228421168
481130097011031,0.0024160696497663886
481130043001095,0.00023539149700026334
481130105001009,0.0007022293485643373
481130111042014,0.058256414740067604
481130096112010,0.0012787359085293794
481130053002008,0.0038661730098165327
481130210004008,0.00015132391201956705
481130192081030,0.0013878447926906842
481130055002003,0.0013878447926906842
481130090011002,0.004011312073981114
481130094012000,0.004525380400462023
481130166353004,0.0013878447926906842
481130129003020,0.0017743263278747487
481130202002044,0.00031462385830370734
481130136221002,0.0013878447926906842
481130125021002,0.00397224641383703
481130127022021,0.001855365996430419
481130127022016,0.0021498107241419593
481130114011008,0.0013878447926906842
481130096083005,0.00930329301874227
481130063011020,0.0013878447926906842
481130043001029,0.0015203805950954052
481130165333000,0.0018932285418232588
481130208001006,0.0010248777522475403
481130119022022,0.0022080463503166984
481130098022000,0.0008829261665697945
481130057002011,0.0002661198667046878
481130080006004,0.0004781099832186398
481130097011012,0.0008461566382768607
481130122131009,0.0029319050235575308
481130185063046,0.0014538043458659157
481130011021007,0.03485374250068605
481130053002015,0.00934484875907847
481130052002033,0.0011771121163243001
481130106012011,0.01472004023386966
481130136213011,0.0016737753219714243
481130131012008,0.0018164553280139006
481130002011006,0.0004549204555843411
481130190192007,0.0020914373732211634
481130097022027,0.004182415929353332
481130062003037,0.0014417232196330036
481130050001017,0.005248554791532675
481130118013006,0.003997223841710532
481130067021057,0.0013817285345244562
481130128021011,0.0011680042749523589
481130130092010,0.0032563706761043584
481130090012000,0.0013878447926906842
481130190405004,0.0004718157419431897
481130112021022,0.005385353047038833
481130057001036,0.0008837505474508011
481130098022005,0.009966602838158287
481130165342003,0.0013878447926906842
481130108072011,0.0013878447926906842
481130165112029,0.001221078904701731
481130052001009,0.0013878447926906842
481130067021047,0.0007315739819438831
481130006091012,0.005780134220505093
481130130132013,0.0013878447926906842
481130110032023,0.004876797380062541
481130134001050,0.00016692387875886188
481130128011005,0.0014153810006029381
481130128021025,0.0007905062644155332
481130052002034,0.004174117555397931
481130064022005,0.002629522076257141
481130171021003,0.00020148370206331611
481130107012017,0.00011674903549701931
481130054003038,0.0005414707260791633
481130113002005,0.0009250367113390591
481130121021004,0.0060419021852242604
481130211002050,0.0013878447926906842
481130045002024,0.0016491147238394612
481130212002023,0.003085387649921062
481130136072035,0.0013380762942056704
481130203001005,0.006523965010051963
481130210003009,0.0013878447926906842
481130115002039,0.00015619095694633997
481130112011003,0.0002845922555966875
481130108092039,0.002703653896111327
481130044002005,0.0005098292949424857
481130004101008,0.0006815968829648807
481130079023034,0.0012513471083415312
481130027033039,0.0013878447926906842
481130084022009,0.0030792406124441293
481130012031017,0.005324715078185524
481130084011008,0.0010492365947016248
481130204012047,0.0007314846334629309
481130108053001,0.0009686256201304265
481130059011013,0.0022363696563846795
481130100015010,0.00025825843013940904
481130100011008,0.0009586733964426446
481130192081024,0.0040939940388278265
481139801001012,0.0011555093137004776
481130106011005,0.002834217558369251
481130124001007,0.0013878447926906842
481130167111018,0.0013878447926906842
481130055001010,0.0024849391215779138
481130076051051,0.0006019270073047656
481130094022039,0.0019152804343613237
481130121021014,0.0003270085084430937
481130120003019,0.0004584232381572216
481130091012008,0.00039342506640898387
481130211001030,0.0033910788492877617
481130211001036,0.0018275253381885251
481130014003002,0.002446338444412198
481130126043010,0.1790566683798961
481130046001013,0.0013878447926906842
481130053001011,0.0010422371458346724
481130127022024,0.00017216929812524512
481130106021021,0.00011550624775055143
481130128012002,0.0013878447926906842
481130051001018,0.004125965174601559
481130077023022,0.001003527097867021
481130037001024,0.0004161342521400729
481130115002015,0.0013878447926906842
481130059011004,0.0003030233756112524
481130117013025,0.0013878447926906842
481130136111024,0.000606847193602992
481130078092005,0.0006222922795317811
481130106022027,0.002208900806824628
481130067011014,0.0002275289316716444
481130037002048,0.0007952013966555246
481130090022011,0.000490055566347251
481130092032000,0.0007123494779546092
481130165271004,0.0006064541252031663
481130096082003,0.0017735572394347514
481130132012012,0.0007675485322781871
481130090022013,0.0018942187554257756
481130136283008,0.0013878447926906842
481130065022023,0.02158939901265388
481130136103014,0.0015463247624025191
481130136291001,0.0013878447926906842
481130043001002,0.0022534428502600035
481130052002017,0.0036290397008792983
481130106011044,0.001201700133498761
481130122112008,0.0013878447926906842
481130025002000,0.0013878447926906842
481130136191003,0.0009250367113390591
481130100021005,0.002703653896111327
481130061002029,0.0013878447926906842
481130133001001,0.0013878447926906842
481130127022000,0.0017994086517016156
481130128023024,0.0013878447926906842
481130100032255,0.0013878447926906842
481130127011010,0.0013878447926906842
481130122071012,0.0010181710407908546
481130025004005,0.0013878447926906842
481130119012021,0.00020784106264540317
481130136112009,0.009205159240434958
481130078251007,0.0013878447926906842
481130140021008,0.0013878447926906842
481130136285037,0.0013878447926906842
481130165272003,0.00016962816746360495
481130116032022,0.0014206540982746813
481130136171016,0.0013878447926906842
481130126012017,0.00028938583775661177
481130079092008,0.0013209812496181807
481130081023009,0.004136391486986275
481130099003041,0.003260008367533706
481130185063071,0.0013878447926906842
481130106021034,0.0013878447926906842
481130122072002,0.0013878447926906842
481139801001010,0.0013878447926906842
481130131041008,0.0024160696497663886
481130164211026,0.0013878447926906842
481130076051011,0.0013878447926906842
481130192084006,0.0013878447926906842
481130211002085,0.0013878447926906842
481130209002024,0.20469838030760606
481130012041025,0.0009904019129897636
481130108071022,0.002703653896111327
481130116042016,0.0015249581808532598
481130136111018,0.0025830443155353015
481130094011002,0.0013878447926906842
481130136251006,0.0010422371458346724
481130001001010,0.0163535519162535
481130108062019,0.0014842530482001865
481130081021010,0.001841136836459968
481130080004011,0.0013878447926906842
481130052001017,0.00020839286434288007
481130004092041,0.0013624750444272533
481130136102001,0.0013878447926906842
481130132024018,0.0013878447926906842
481130204022025,0.004525380400462023
481130167091048,0.0013878447926906842
481130112021004,0.05373396574532674
481130081023032,0.0013878447926906842
481130013011013,0.0006595431491168996
481130171021005,0.0007022293485643373
481130079062013,0.001677570115842534
481130063022013,0.008920132884456571
481130068003010,0.011118527707514859
481130004103044,0.009446168908939312
481130004103035,0.0013878447926906842
481130111013008,0.0013878447926906842
481130106021018,0.0011168736230725775
481130099001065,0.0002675128568754134
481130111013020,0.0004248250358701855
481130210001034,0.0027074529305721176
481130208002002,0.00015099640330214315
481130059011008,0.0013878447926906842
481130130131014,0.0029670695611295453
481130084012033,0.002324600797227176
481130056002023,0.0004016873382938606
481130130052003,0.00018899654086577586
481130012031020,0.00015098195957732982
481130087051028,0.052134622708765996
481130118013005,0.002290603617636219
481130044003017,0.0005549461560955365
481130101011026,0.0018932285418232588
481130071024005,0.0023023774480911948
481130122103004,0.0022629011472715677
481130165212052,0.0013878447926906842
481130171022000,0.0013878447926906842
481130095001006,0.0017940230679455963
481130054003034,0.000805439034884077
481130093044005,0.0014925237785552452
481130062003044,0.010287822007911333
481130055002001,0.0013878447926906842
481130176051002,0.0003582678653527283
481130044003006,0.0005547368608702201
481130073021014,0.0013878447926906842
481130079021005,0.0007028589386446838
481130130132030,0.00418281319645248
481130091011003,0.00030917208881747977
481130170072002,0.00020077290223150104
481130042022015,0.006411887558148184
481130063013025,0.00024584467279132596
481130062003004,0.012657616928972085
481130202002082,0.0013878447926906842
481130115002025,0.0013878447926906842
481130210002009,0.00016816579675696988
481130124002012,0.0013532431889773993
481130092023021,0.0006964829763594705
481130100032249,0.0013878447926906842
481130117011025,0.0014261410705898646
481130080001003,0.0013878447926906842
481130100032227,0.0022278967049494058
481130096051015,0.00012232013371874683
481130078241011,0.0012040253196128118
481130078241029,0.0038243395054829163
481130131012034,0.0010118998474533396
481130004101000,0.0013878447926906842
481130140021181,0.002203376691827099
481130055002023,0.00221632856758667
481130055002016,0.002414523336992495
481130117013020,0.0012110794348789693
481130121012004,0.00027290376679771995
481130107014000,0.0013878447926906842
481130081022020,0.001778775732957874
481130166341047,0.002842831025319029
481130020021008,0.00018999986840388704
481130044001000,0.0002950277045483604
481130024001023,0.0019134353868202898
481130082003001,0.0016401441476340366
481130080005004,0.001071203628165133
481130093032029,0.0007590739824782642
481130210003022,0.0008545945982240486
481130054003049,0.0012348347539696948
481130003002000,0.0005019400359219489
481130101011025,0.007258317258267098
481130100032141,0.007578931690173735
481130167101000,0.0013878447926906842
481130113003027,0.0005332273646805063
481130042013005,0.018381730368003633
481130004052006,0.002348330511302363
481130004051002,0.0033442120888941733
481130210001023,0.001366599290812338
481130092032024,0.007115466576868265
481130062001020,0.001506150816687916
481130110031020,0.0008787504479284606
481130110022027,0.000654692585715589
481130045001012,0.01074755155314497
481130053004042,0.0013878447926906842
481130136071007,0.0013878447926906842
481130054003006,0.0015180268754677972
481130100032158,0.004618084254224068
481130053001021,0.0013878447926906842
481130060012019,0.0007509419571043907
481130171011034,0.0003370498664255246
481130171021023,0.003088887181143942
481130097021011,0.0006168590125573095
481130107043028,0.0018932285418232588
481130132012005,0.0022788492446743857
481130165111004,0.0013878447926906842
481130081021018,0.007269388180580272
481130073022017,0.0013878447926906842
481130071011002,0.0008955644054392608
481130136072047,0.0013878447926906842
481130025004034,0.00012397551824817202
481130166341050,0.0013096899317791412
481130080006014,0.021003615330366675
481130064011027,0.0013878447926906842
481130114011006,0.0013878447926906842
481130108072003,0.0013878447926906842
481130165273002,0.0010456787690771051
481130122071019,0.00221632856758667
481130128023027,0.0012496216292705203
481130127011015,0.020560939771563612
481130012031010,0.00030420297021159845
481130116011016,0.004237040372559539
481130109031054,0.0022080463503166984
481130165112031,0.0013878447926906842
481130108062016,0.03287630633768672
481130108061000,0.0007128106154271054
481130060022017,0.0013878447926906842
481130059011012,0.0007471302130879013
481130108052002,0.0013878447926906842
481130051002010,0.0013878447926906842
481130206002008,0.0008452668119133999
481130096112017,0.0017070291670338176
481130110022033,0.0013878447926906842
481130112012000,0.0035003617395063477
481130111042002,0.000340403082753988
481130131071002,0.00036922054323483794
481130096083009,0.002610972456326761
481130091042011,0.00012187080297310483
481130072041003,0.0149964996432465
481130072031004,0.584097794633344
481130123011021,0.004628767490171485
481130124002010,0.0011262172864036043
481130129003028,0.0013878447926906842
481130203001002,0.0015017176850010167
481130120003015,0.00024919297044463385
481130057003043,0.0030767312462244446
481130085001036,0.00030852595220277505
481130055001001,0.0007449387102156725
481130087012010,0.0013878447926906842
481130122121021,0.0024160696497663886
481130130121001,0.0013878447926906842
481130118021011,0.013528814570028231
481130101021020,0.017958727018526705
481130022003012,0.0003202219665407762
481130010022008,0.004281492937772211
481130078103006,0.0013878447926906842
481130124001013,0.0013878447926906842
481130136103002,0.0013878447926906842
481130190192010,0.0005332273646805063
481130136181008,0.0007205892456083455
481130136182002,0.0013878447926906842
481130012041003,0.0023481808739767994
481130012041018,0.0005356362667805198
481130063021011,0.0005473037371459586
481130101021046,0.0015745277030571026
481130093032013,0.0005335683308736033
481130057003020,0.0026241897970714066
481130071021013,0.0029026799442324796
481130165261009,0.0004693333980805398
481130136061014,0.0013878447926906842
481130115001002,0.00503560395007059
481130167091028,0.00017933720131936952
481130055002034,0.0009664376774911377
481130117022012,0.002748481521768195
481130012023013,0.0011953204828510204
481130208004019,0.002638804081719464
481130087011002,0.0002693794825298407
481130136053017,0.0005986417115279673
481130190411013,0.0013878447926906842
481130022003003,0.0013878447926906842
481130100032254,0.0013878447926906842
481130096031023,0.0013878447926906842
481130210003004,0.010410394653656358
481130206002041,0.0013878447926906842
481130065022019,0.003841835647603672
481130127022027,0.0013878447926906842
481130113002021,0.0005546440159241056
481130132024002,0.0013878447926906842
481130067012001,0.0007193939256066656
481130108042004,0.001404876005010514
481130077011008,0.0013878447926906842
481130078101004,0.0013878447926906842
481130043001000,0.0013878447926906842
481130106012005,0.0013878447926906842
481130078241017,0.0013878447926906842
481130078052018,0.0013878447926906842
481130129004022,0.0013878447926906842
481130211001040,0.0018212460805207185
481130125022032,0.00042054152867666665
481130084021017,0.0013878447926906842
481130084021016,0.0013878447926906842
481130078051002,0.0013878447926906842
481130073024008,0.0013878447926906842
481130096083013,0.0013878447926906842
481130044002013,0.0013878447926906842
481130084012000,0.0013878447926906842
481130079025018,0.0013878447926906842
481130096042008,0.0030927137786227426
481130120001012,0.0013878447926906842
481130084012037,0.0013878447926906842
481130100032154,0.0013878447926906842
481130119021023,0.002500315288725516
481130085002017,0.0011922379104097934
481130112012006,0.00022360438189123846
481130136112000,0.0013878447926906842
481130126043013,0.0012348347539696948
481130078011025,0.0013878447926906842
481130044001008,0.0016344546224790028
481130055002006,0.0013878447926906842
481130131061011,0.0012303828100868998
481130133001008,0.0010984160294939367
481130097022009,0.0021106214045827423
481130094013000,0.004908129394943288
481130192081025,0.00040053351220730056
481130062002002,0.0012033261617352107
481130091052020,0.0013878447926906842
481130093043020,0.00039531543191305353
481130135002031,0.0015551497474416873
481130099001122,0.054071387816055486
481130128021004,0.001658845829160154
481130087032024,0.0003130047262127798
481130122072008,0.0010096366843814813
481130012022026,0.0013878447926906842
481130013011011,0.0011235171075135335
481130014003000,0.0003774430985290187
481130113003005,0.0013878447926906842
481130202002016,0.0013878447926906842
481130212001013,0.0013878447926906842
481130108093020,0.0013878447926906842
481130096072011,0.0006743330480480349
481130117013010,0.0003584208406871821
481130111042026,0.0029782046379456546
481130128023009,0.001934783088001509
481130027031015,0.001119821073868093
481130112022035,0.002326047573490166
481130118022024,0.0013878447926906842
481130114013002,0.0014969245675099687
481130077023021,0.002446338444412198
481130054003042,0.004513067701724218
481130122074013,0.1986923772627062
481130129002008,0.0021498107241419593
481130080002010,0.0010383528475985991
481130167111002,0.0013878447926906842
481130078092009,0.00019134606427236231
481130084012004,0.00047311074160574464
481130130072003,0.003689319716768862
481130078292015,0.0013878447926906842
481130110042011,0.0005033263043731037
481130100014000,0.0012478002671079376
481130136092026,0.0011605969913490418
481130076041031,0.0018552317817404598
481130019013007,0.001284805464403772
481130081024005,0.011644577168510323
481130135002000,0.0013878447926906842
481130114013007,0.0013878447926906842
481130107012057,0.0013878447926906842
481130136191011,0.00012986565813132622
481130190405016,0.0013878447926906842
481130096102007,0.0014578115209506678
481130185063053,0.001029651087717243
481130006072012,0.0012006034880394222
481130131012036,0.0012769027979293195
481130131011005,0.0019492966380155942
481130170101020,0.0015775258583589833
481130108061006,0.00129999128879426
481130115002064,0.0015069782386689186
481130208002016,0.005530839916084152
481130073021008,0.0006983096120404132
481130106011019,0.00027934889528796357
481130061001013,0.00207164893543252
481130069003001,0.0013878447926906842
481130063011009,0.004588988885536496
481130097021016,0.0012057283022753476
481130057003022,0.0023858022894785824
481130004012009,0.012268889819454606
481130136081010,0.000736436986019138
481130117011012,0.0007277345450992774
481130210002022,0.00231519437107292
481130098031007,0.00030872465733287213
481130136102025,0.0013878447926906842
481130079025016,0.0007799529807873539
481130131012023,0.001842073809157825
481130185063069,0.0013878447926906842
481130052002018,0.0011526267025860392
481130165211017,0.0013878447926906842
481130063021020,0.09766992858606381
481130119011007,0.001194933343231069
481130027032054,0.0013878447926906842
481130122074031,0.0011089713877125513
481130081022009,0.002779689436872807
481130129004016,0.0007393488470975127
481130084012002,0.00012246076163849377
481130170102002,0.0005366481996235124
481130127021015,0.000153325559105722
481130013011001,0.00167243047538887
481130050002053,0.003825052936107001
481130042011015,0.00029155248089970807
481130010011002,0.0010389801737687057
481130165212021,0.0013878447926906842
481130116032018,0.009654269138943806
481130004052005,0.00020629033888881548
481130068002044,0.01425359561623839
481130171021002,0.00020792192572506037
481130210003003,0.0020912943920114516
481130111051003,0.028970136092958346
481130110021020,0.00040024120999407906
481130110021010,0.0029916211910431924
481130064021015,0.0013878447926906842
481130064021033,0.0013878447926906842
481130079062000,0.0013878447926906842
481130203002069,0.0004008405748261262
481130111011020,0.0013878447926906842
481130134001018,0.002287521953625119
481130134001041,0.0023856404860631048
481130078012006,0.0041523676385724975
481130078011004,0.003154836135947682
481130081021012,0.00011151364647350392
481130081021014,0.0005830711780420122
481130027032064,0.0014396474273348078
481130053004002,0.0016844680430071128
481130165112030,0.0013878447926906842
481130045003027,0.0017241414072192132
481130071021006,0.0033320991555554442
481130136072036,0.0008306030583238458
481130116032006,0.00011912274200306467
481130059023003,0.000662465663852951
481130059013005,0.002107327798098514
481130056001023,0.001583138876911275
481130006091019,0.0015817054407020192
481130171011039,0.0012326681452341356
481130107043002,0.0013878447926906842
481130065012006,0.0013878447926906842
481130042011014,0.001176690012853746
481130097021010,0.001195584535058742
481130208003048,0.0015551497474416873
481130016021010,0.0012129128085023222
481130097011018,0.0013878447926906842
481130100012057,0.00039532351127988133
481130093041033,0.00030940848402526535
481130057003012,0.0013878447926906842
481130062002004,0.0013878447926906842
481130100032162,0.0006631380712988989
481130096051016,0.002446338444412198
481130112021019,0.0005515621346590757
481130110021016,0.0007374677676129935
481130107041017,0.0013878447926906842
481130067012023,0.0005839695060493148
481130067021012,0.00021315731463516585
481130107042003,0.006468850488418984
481130096092002,0.0013878447926906842
481130006071002,0.00043407221373232126
481130110022035,0.014126363611229193
481130111041013,0.018122463761734434
481130107041046,0.0017743263278747487
481130085002013,0.18214578717825744
481130127022005,0.00043195086164405587
481130025004051,0.00021690978599377554
481130203001018,0.0006187675487810411
481130117011024,0.0003263318063070016
481130136063021,0.0018917163948941917
481130011021005,0.00016211923799194826
481130094021004,0.0013878447926906842
481130128011012,0.003759551085604131
481130208003058,0.0009297762929284355
481130022003035,0.0010220918208209107
481130090023008,0.00040411557364511104
481130100012013,0.0013878447926906842
481130045001001,0.0006479328256658209
481130001002005,0.0022938353159796566
481130093031019,0.0009136594767801943
481130204022030,0.0013878447926906842
481130208003071,0.0013878447926906842
481130115002043,0.004692228734549874
481130167101021,0.002834217558369251
481130167101006,0.0013878447926906842
481130057002034,0.0026291596220844172
481130211001020,0.005487309758104547
481130101011029,0.00038528242923850306
481130136054005,0.0003923616175168786
481130211002047,0.0018470314552234799
481130134001047,0.0013878447926906842
481130117013013,0.005041659131035016
481130027032048,0.0024537175584448292
481130051002024,0.003307002365035065
481130106012030,0.0013878447926906842
481130096072010,0.005252876773400556
481130059021009,0.0013878447926906842
481130192122001,0.015030277996555068
481130125011006,0.0018719168897943848
481130190181015,0.0013878447926906842
481130167091069,0.0013878447926906842
481130042012023,0.0013878447926906842
481130090012026,0.0029650091494305923
481130136171001,0.0013878447926906842
481130063013021,0.0002166038155221996
481130121021019,0.0013878447926906842
481130073023016,0.0013878447926906842
481130136152014,0.0013878447926906842
481130077011006,0.0013878447926906842
481130100021014,0.0015730892303061452
481130136102030,0.00013916208549156722
481130136051002,0.0013878447926906842
481130084011034,0.0013878447926906842
481130106011049,0.0005540751418879478
481130131061001,0.0013878447926906842
481130181431016,0.0013878447926906842
481130129001000,0.0013878447926906842
481130210004015,0.0005805988713460601
481130096091030,0.0016222474782684132
481130025002020,0.0013878447926906842
481130071011012,0.0013878447926906842
481130176052005,0.0012496216292705203
481130204022124,0.0013878447926906842
481130004051000,0.002382670143371127
481130044003001,0.0013878447926906842
481130140011050,0.0013878447926906842
481130097012003,0.0016192906938640003
481130076011019,0.0013878447926906842
481130027033030,0.0013878447926906842
481130100032201,0.00321999568410033
481130185063013,0.0013878447926906842
481130096042022,0.0013878447926906842
481130079103003,0.00048401308520720424
481130068002007,0.0013878447926906842
481130044003003,0.0033236883294321205
481130085002034,0.0010332570540662167
481130132021000,0.0013878447926906842
481130165272012,0.0013878447926906842
481130126012012,0.0029160123662607517
481130010021008,0.00012102577543772525
481130073022013,0.0013878447926906842
481130181442002,0.0013878447926906842
481130170052007,0.0003778299143337998
481130204022080,0.0013878447926906842
481130010021006,0.03558895865419964
481130113003010,0.0013878447926906842
481130211002063,0.0039058638627605356
481130092023005,0.0005026398467113558
481130073023034,0.0028771852633342385
481130061001004,0.0007878974470036444
481130122061006,0.0003180540598000269
481130071025008,0.0010984862818411894
481130050002047,0.0015632577797836192
481130100032058,0.0013878447926906842
481130100032039,0.001663895139395012
481130118022004,0.0011419972402172886
481130119012006,0.003175656524166486
481130108071004,0.001512168326498186
481130050001003,0.00042808304446973226
481130063022002,0.011538902631657704
481130125021004,0.0006991075451658178
481130084021025,0.0002467437770714936
481130101012028,0.0019689399741869896
481130101011038,0.00017211742816200745
481130020022022,0.0013878447926906842
481130099001093,0.0013878447926906842
481130087012001,0.0013878447926906842
481130079061010,0.0013878447926906842
481130010011005,0.002178501677369292
481130210001035,0.005502718668455662
481130208002014,0.00042069390694413956
481130005011003,0.0010371635394480856
481130165212040,0.0031424848135840977
481130080005012,0.0010099441706640188
481130116032005,0.0021109189013083164
481130136181006,0.000254426191114809
481130080003010,0.0013878447926906842
481130080005000,0.0013878447926906842
481130079021003,0.00016936000734500833
481130130051010,0.0008032627042938009
481130114011052,0.00010497722792747816
481130092031010,0.0015720750508737636
481130059021011,0.0013878447926906842
481130210004005,0.00040875419716787664
481130067021039,0.0013878447926906842
481130042021005,0.0016755858084722105
481130004092033,0.004923029260278179
481130165342007,0.0013878447926906842
481130109031004,0.0003315654036114426
481130101021045,0.0004680599657964928
481130082003031,0.0018743617094075374
481130008011004,0.009674745440511407
481130165212041,0.0013878447926906842
481130165283004,0.0015551497474416873
481130125012008,0.0001321952639239758
481130136054009,0.0007964134888514135
481130136082022,0.000729421730864016
481130092021020,0.002002254621059475
481130210003011,0.00011954815073606518
481130019022009,0.00036866806234930487
481130086042006,0.006551113883981417
481130090012020,0.0020048413411355576
481130113001020,0.0013878447926906842
481130109061007,0.0020206035935062543
481130126012006,0.08811163912840846
481130170102022,0.0026791182372250632
481130130082013,0.00010035450762998939
481130117012002,0.0002980983513656035
481130110033006,0.0011398838862050253
481130099003012,0.0009237228632411761
481130097012018,0.004937550537666662
481130131021011,0.0006627010749803033
481130056003019,0.0026997067021127482
481130043001136,0.0013878447926906842
481130042011000,0.0013878447926906842
481130133002008,0.0008879129890369156
481130008012018,0.00037077545764135325
481130118022003,0.0013878447926906842
481130117023004,0.0013878447926906842
481130131012015,0.000651041444315777
481130208004004,0.04228198185898763
481130002023008,0.002014168229168573
481130090012024,0.0010956001906367258
481130112021012,0.00045256829474584517
481130117023043,0.0013878447926906842
481130011021004,0.0001813080629896795
481130101011028,0.001077399610231756
481130063022042,0.0018277922804558525
481130064011029,0.00158924539534723
481130045002043,0.0005964125614389656
481130111041019,0.002136641364465795
481130063022051,0.003330117441068811
481130110022015,0.0004071102808966604
481130042012010,0.00896298040247353
481130107041035,0.0013878447926906842
481130108082000,0.0029732996485991245
481130053004021,0.0016982883075107615
481130065012011,0.0006812976573645235
481130171023020,0.0034530346502352756
481130051001006,0.0002959532179070143
481130107043005,0.0011702662839948516
481130006111002,0.0006714861635901324
481130004052000,0.0013878447926906842
481130011022006,0.00027723394553048187
481130122091002,0.0004912437771297582
481130165273011,0.0003407346422968701
481130073022008,0.001853104803262248
481130203002067,0.0011902197892499375
481130054001005,0.0001384087101338451
481130078091010,0.0013878447926906842
481130208002006,0.0004525160975849187
481130113003026,0.0013878447926906842
481130057001032,0.0014438361469330159
481130085001012,0.0008832726943215032
481130127013004,0.00035919698216618524
481130109031035,0.003154836135947682
481130107041036,0.0005145790054803441
481130100032165,0.0008804875755909038
481130097012011,0.00015114981232017388
481130108092030,0.004525380400462023
481130060021001,0.0024041976285420407
481130060021006,0.00014731192114474386
481130136071009,0.000285367675006698
481130015041004,0.0013878447926906842
481130136072019,0.0016757522134727408
481130132024017,0.00024522321243037275
481130094013013,0.0009244793039183196
481130080005010,0.002179018625667801
481130124003000,0.05824880642129295
481130129003001,0.00285616956730039
481130129003021,0.0013878447926906842
481130043001126,0.0029689183006539805
481130053001017,0.0013878447926906842
481130087032011,0.0003798112166010555
481130053003018,0.0015586194142607967
481130078121010,0.00019006138677332308
481130131012043,0.0024104904956146348
481130052002004,0.0007103711129423215
481130202002002,0.08956063144503386
481130055003017,0.0061315964455853494
481130141203024,0.0016737753219714243
481130078241022,0.0008630287461287007
481130051002006,0.0011057411850234752
481130130072032,0.0009943303583700674
481130131021017,0.0015644865687595578
481130015032011,0.0001899081594928158
481130092041023,0.0011275145973830213
481130209001047,0.0013878447926906842
481130093031006,0.038031399865498465
481130087012011,0.0026846582181872295
481130055003005,0.0004902702202672181
481130092032010,0.0003383333464569035
481130136061002,0.006273564749126114
481130128022027,0.0013878447926906842
481130136182019,0.004106228643848343
481130121021009,0.0013878447926906842
481130128023033,0.0013878447926906842
481130050002020,0.0013878447926906842
481130140011086,0.0013878447926906842
481130076011005,0.0013878447926906842
481130206001055,0.0009690005670035799
481139801001027,0.0013878447926906842
481130076051001,0.0001301900311897492
481130128023018,0.0013878447926906842
481130106012021,0.0013878447926906842
481130097013016,0.0014016705195434068
481130098044006,0.0031355421302627926
481130128012018,0.0015017176850010167
481130006081011,0.0032846283719874946
481130107015001,0.0013878447926906842
481130096092005,0.0013878447926906842
481130002022018,0.0013878447926906842
481130079061022,0.0020352062749857502
481130091032009,0.0013878447926906842
481130092041004,0.0013878447926906842
481130136192000,0.0013878447926906842
481130096041012,0.0013878447926906842
481130025004020,0.0019193620529958445
481130081023012,0.0013878447926906842
481130106021022,0.0013878447926906842
481130134001002,0.0013878447926906842
481130051002009,0.0013878447926906842
481130067021035,0.003968063026156016
481130064022023,0.0035983562016211057
481130002022013,0.001459163256565169
481130002023003,0.0002932236810642766
481130002021011,0.00020707008670246377
481130113003029,0.00558606809344072
481130051001015,0.0006182236101157011
481130071022004,0.0013878447926906842
481130063013023,0.0013878447926906842
481130098031012,0.011300332453180394
481130062001026,0.000178427703677651
481130042012003,0.00015454514737140088
481130115002012,0.001477662565835884
481130125022027,0.0013878447926906842
481130106011008,0.0013878447926906842
481130109031043,0.0013878447926906842
481130079062020,0.002582309199760899
481130165111005,0.0017743263278747487
481130125012007,0.00042983612463736993
481130037001004,0.0004961566822944314
481130057001001,0.0007617035009973786
481130203001034,0.0013878447926906842
481130203001022,0.0013878447926906842
481130171023018,0.00295034498022553
481130202002005,0.0011214301299524306
481130068002036,0.0020905827172207807
481130063013009,0.000752188627890577
481130106011033,0.00018032503949507643
481130076051041,0.002972240904490329
481130205001015,0.0008152605982498016
481130101012033,0.00038146183030349456
481130020022008,0.0021195798669088853
481130115002030,0.0013878447926906842
481130118012017,0.01116781122500192
481130209002010,0.0013878447926906842
481130002011005,0.001050143397838574
481130079023036,0.0013878447926906842
481130014002009,0.0008463104949005305
481130015021015,0.0020048413411355576
481130208003003,0.00014350780813833372
481130101022010,0.0017553950293086337
481130078122018,0.000380886842448379
481130078101006,0.0013878447926906842
481130210002002,0.0007833318031215372
481130004103000,0.0013878447926906842
481130094011017,0.0017743263278747487
481130080001000,0.0013878447926906842
481130004012021,0.00325187578039546
481130044003024,0.000779060303846289
481130042021004,0.00037596180608896084
481130136081028,0.0013878447926906842
481130097013007,0.0011704036077317187
481130165333027,0.0013878447926906842
481130108062027,0.002446338444412198
481130077023026,0.0001911359482717187
481130117023040,0.0013878447926906842
481130096051024,0.0013005566946965943
481130111013002,0.0007961133646143722
481130099003079,0.017153610369413243
481130096111015,0.0013878447926906842
481130211002081,0.00046108258269386666
481130136172011,0.0006800217880165336
481130202002048,0.004036245630050112
481130130121014,0.0003130035941320002
481139801001048,0.0013878447926906842
481130096031024,0.0013878447926906842
481130190193000,0.0005914753128282864
481130060023009,0.0008730402956313172
481130212001021,0.0025170289332432424
481130045002045,0.0011001169788185823
481130115002061,0.0013878447926906842
481130061001025,0.0002971626470957962
481130165282008,0.0013878447926906842
481130117022006,0.000760140655944758
481130117022014,0.0010192485037287407
481130181272017,0.0013878447926906842
481130078092028,0.0019329471756103522
481130079025014,0.007746626349306603
481130131012025,0.0008750483693505068
481130131012022,0.002600619130800569
481130165283001,0.0031795038743149444
481130108042001,0.0031466721781912995
481130053002009,0.0008422197361878349
481130052002043,0.0014036034616024269
481130106022019,0.0019997074372996634
481130106011029,0.001158312056148543
481130133002004,0.0008118408839421372
481130008012016,0.0010839017914685502
481130090022010,0.00019237662078274787
481130211001037,0.0039853341733091735
481130136172009,0.0017602295690680918
481130117011002,0.002800506581261912
481130079032016,0.002887183207630802
481130079025015,0.000623363559154892
481130204022069,0.0013878447926906842
481130009012002,0.001831506312031026
481130100032108,0.0013878447926906842
481130105001019,0.0001302174551032976
481130130092007,0.0011160313118624325
481130013013001,0.001694272569575981
481130043001015,0.0013878447926906842
481130108093016,0.00692516574409775
481130002023016,0.00013542898155210106
481130116032023,0.0005921999156307279
481130053001032,0.009987347817524956
481130045002020,0.0013878447926906842
481130065014012,0.0014375541548468434
481130130121011,0.0057834409358699275
481130087042011,0.20952231238371233
481130045001030,0.0009943303583700674
481130042012021,0.0005287410443579828
481130100012035,0.0037058669278415605
481130056003006,0.0009250367113390591
481130100032044,0.0013878447926906842
481130165261010,0.0013878447926906842
481130076011000,0.003085387649921062
481130012041015,0.011205306177058665
481130136172016,0.011052280937424344
481130131021036,0.00018727778421573861
481130190161001,0.0038662521747904505
481130190161006,0.00659747976525559
481130048002011,0.00044313049152368115
481130119021002,0.020065772589573098
481130136192008,0.005923160915985356
481130081021003,0.0007868660195446647
481130053003000,0.0015017176850010167
481130061002031,0.0013878447926906842
481130073022006,0.0001851180007509528
481130071021010,0.0002011219501582933
481130130131008,0.0005418316691640173
481130165272026,0.0013113461758851414
481130057001040,0.0021498107241419593
481130073012025,0.006571793490285089
481130108072018,0.0006216898458731409
481130127022001,0.0021261215231118532
481130001002016,0.00022209933260883646
481130085002031,0.0007938116388674228
481130108072007,0.001218231901108188
481130129004026,0.00014332125880885032
481130108061023,0.0026221646867475947
481130108092006,0.00042808304446973226
481130096092024,0.002636417255413125
481130099003099,0.0017602295690680918
481130094013001,0.024126230222814956
481130127012011,0.00046324587591936415
481130129003002,0.0013317320456279343
481130054002007,0.0006168590125573095
481130057003041,0.0017211519165988643
481130085001022,0.0006560810374621231
481130117011010,0.00396210803458712
481130055001000,0.0017846070527656954
481130122121013,0.0016051611187306329
481130129001014,0.003965488833133722
481130024002017,0.0013878447926906842
481130208003064,0.0013878447926906842
481130128023020,0.0007286514814539869
481130087032010,0.0015810735166103351
481130012041016,0.01883886860770578
481130078291005,0.001332022659985471
481130101021013,0.0004423684368247988
481130059013023,0.002196471927378385
481130052001035,0.00038390882440377075
481130076042027,0.0009519663670153689
481130016011000,0.0011794814846598463
481130107041029,0.0013878447926906842
481130024002015,0.0013878447926906842
481130124004017,0.0021726947039841155
481130136171009,0.00032411170917613505
481130078291004,0.000888748438356135
481130024001019,0.0013878447926906842
481130027032046,0.0013878447926906842
481130208004005,0.00032693060831272546
481130087013013,0.0014969245675099687
481130136071028,0.0013878447926906842
481130097022012,0.0024503620760561494
481130052001026,0.0002658087813386624
481130136092023,0.00045047385247703266
481130078254004,0.00067145747404971
481130114011039,0.0008221631400565777
481130141381013,0.0013878447926906842
481130136111004,0.0010721968530506493
481130092032011,0.005114359324051838
481130004052001,0.0021316764522489287
481130115002040,0.0013878447926906842
481130099003059,0.00047273279175151907
481130170091000,0.006185240636928904
481130004071000,0.0012254842230986266
481130093043000,0.0013878447926906842
481130170052027,0.0008551845595873261
481130078092027,0.002196471927378385
481130057003025,0.00022281490142206075
481130202002045,0.00019322310731667653
481130055001044,0.0013878447926906842
481130053003032,0.0011324910287432613
481130063022034,0.0003870764920322067
481130141301032,0.0013878447926906842
481130115002037,0.004301761222697372
481130078122005,0.0017189729907207169
481130108052012,0.00030138668266387774
481130130072020,0.0012348347539696948
481130045002006,0.007469990667554482
481130007062005,0.0010537503289543995
481130211001000,0.00012688054252352305
481130190341003,0.0005160158861110351
481130165212038,0.0015209553443466808
481130129002022,0.0013878447926906842
481130004103020,0.0016013944808682538
481130024003001,0.0013878447926906842
481130166353006,0.016501431419046437
481130044002024,0.001921037337413921
481130022001013,0.0029654273547239617
481130105002042,0.010689827270203196
481130100032192,0.0008951283841402446
481130204022063,0.0013878447926906842
481130115002000,0.0019267791425246238
481130171023012,0.005837361328693533
481130170051016,0.0013878447926906842
481130136051009,0.0013878447926906842
481130115002024,0.0019831806634762208
481130136252003,0.0013878447926906842
481130164211001,0.0013878447926906842
481130001003018,0.0015370622688438277
481130132022005,0.0013909347503723412
481130165211000,0.0013878447926906842
481130212002005,0.0005816495883526365
481130069002003,0.0001987340443805362
481130167091037,0.0013878447926906842
481130093012002,0.007396738831290873
481130120003014,0.0033410681590023785
481130053004036,0.002255174008144362
481130096032015,0.03727924839902108
481130165333008,0.0013878447926906842
481130079025022,0.002200490755366169
481130136082017,0.012704350480400833
481130016011027,0.006412625779813055
481130159003000,0.021292259024956395
481130130051006,0.0012553958011802505
481130105002030,0.006750336711277421
481130136081003,0.0013878447926906842
481130180013019,0.0013878447926906842
481130002011013,0.00023641435727041643
481130097022013,0.003154836135947682
481130108091004,0.00011529365909624512
481130113003016,0.0003238656337620483
481130115002041,0.0034844864608571833
481130037002034,0.0033910788492877617
481130096041016,0.0004934751727780186
481130093041019,0.0004522510363787247
481130079022008,0.00019302138233887986
481130091013011,0.0013788080270290086
481130136271000,0.0013878447926906842
481130100032174,0.0013878447926906842
481130096071006,0.0036299285060458785
481130136063017,0.005673052325924847
481130056003005,0.0032579583012675413
481130171023011,0.0011243741425500664
481130136082001,0.0014949181072541396
481130099002014,0.007548249027930059
481130118013012,0.013081958016923289
481130165212001,0.0011038920886453463
481130125021008,0.0002871595399680386
481130165281002,0.13979918670729163
481130042022004,0.0023121578325830997
481130093043023,0.003578342450156228
481130078012008,0.0007005819292671887
481130132012008,0.01877303067389056
481130119011012,0.0007112508977912759
481130136111006,0.001044504768728322
481130108053000,0.0004929542116104553
481130205001001,0.2101495389539177
481130212002002,0.0013878447926906842
481130046001000,0.0010156589669599375
481130211002039,0.00217600392643265
481130068002001,0.0010854105254566328
481130132011014,0.000149003055957858
481130206002051,0.0005044586621552451
481130202002023,0.0013878447926906842
481130130102006,0.00420608455878199
481130106012018,0.0013878447926906842
481130126043015,0.0003814507293757057
481130002023009,0.0008959888923512124
481130037001010,0.001707025219042774
481130181431015,0.0013878447926906842
481130170051010,0.002213730518985971
481130100032173,0.0013878447926906842
481130050002054,0.0013878447926906842
481130065014001,0.0013878447926906842
481130136112001,0.005963326979586941
481130136285029,0.0004216026128099334
481130079062010,0.0004757790164656258
481130136062023,0.0013878447926906842
481130108072017,0.005381834105607473
481130025003029,0.0004345836684125725
481130015022003,0.0059782851892548755
481130122132003,0.007483803855528571
481130209001028,0.001755642234042409
481130136081001,0.0013878447926906842
481130125012004,0.0013878447926906842
481130202002021,0.0008886014717620287
481130136102027,0.0012521300089344083
481130042011032,0.031169956163698588
481130079021019,0.002428476176255286
481130068002020,0.0012170152890898984
481130171023014,0.0009505005755220372
481130165281008,0.0027236550838841177
481130064022043,0.0006740307640857206
481130136112013,0.00013726201278544303
481130100012006,0.0013878447926906842
481130167091001,0.0013878447926906842
481130042021007,0.000723529657093121
481130170051014,0.0021106214045827423
481130136201006,0.0008085997950859241
481130082004017,0.0013878447926906842
481130099003078,0.002446338444412198
481130057003005,0.00016539239668221205
481130087011011,0.0013878447926906842
481130020012001,0.0013878447926906842
481130171023013,0.0001304575716971848
481130159002002,0.0013878447926906842
481130003002016,0.0010215712124910827
481130117013016,0.0007286514814539869
481130211002045,0.002446338444412198
481130210003030,0.0040854483568424724
481130078011005,0.0013878447926906842
481130141213006,0.0013878447926906842
481130107041024,0.0010220918208209107
481130078103015,0.0015551497474416873
481130205001010,0.00037459067867704664
481130069003004,0.0003212150571652143
481130065021021,0.0004927262336363782
481130092021011,0.0002659201626735927
481130125012029,0.0013878447926906842
481130042022016,0.0016380773699008271
481130128023008,0.0013878447926906842
481130044002010,0.007764002807243997
481130100032125,0.0005919824269770352
481130117011003,0.0008951432401600678
481130165111007,0.0002187152275525642
481130136111005,0.0013878447926906842
481130133002012,0.0009935010007444676
481130117011018,0.0009904879570200042
481130171023053,0.0061650901584027595
481130190192002,0.00038169884210682864
481130076051044,0.00027526018031418756
481130098044001,0.0004704097671160305
481130130071018,0.0013878447926906842
481130042021006,0.005672218697921432
481130011014007,0.00020758058507479353
481130108061011,0.00032696969501389906
481130080006019,0.001980428529852348
481130159002014,0.0010220918208209107
481130204022115,0.002136641364465795
481130073011000,0.0708039817747399
481130076051019,0.0012555688023180777
481130073011022,0.017269202520751797
481130100032220,0.0013878447926906842
481130100012026,0.0008085997950859241
481130201001019,0.0013878447926906842
481130002022031,0.0005711852176813295
481130165332000,0.0008662241950589923
481130131021016,0.00021601035185317478
481130114011011,0.0012633953298235865
481130078122017,0.0009520753544607492
481130057001038,0.0013878447926906842
481130078012005,0.001540626266176505
481130007032003,0.00018304939685067755
481130079103002,0.002780950543520949
481130107041003,0.0015412146811250565
481130129002018,0.0013878447926906842
481130006063000,0.0001449253111374774
481130136071000,0.0016737753219714243
481130006051005,0.0034543048090181893
481130129002030,0.0012513471083415312
481130001002004,0.0005491350281288596
481130068003009,0.0013878447926906842
481130127013017,0.0009943303583700674
481130202002033,0.006718153088556446
481130166341038,0.007758302745080956
481130042011036,0.00504570258629408
481130202002000,0.0026593090644751434
481130025001011,0.0002842190216627321
481130097022030,0.0010192485037287407
481130136082019,0.0021198200839983167
481130081023020,0.016199121113960588
481130190403006,0.0013878447926906842
481130136092027,0.0013878447926906842
481130204012046,0.007839427639417805
481130063022040,0.014756021621972596
481130053001029,0.0011959626698365294
481130055003010,0.0015600259910739107
481130068002010,0.0013878447926906842
481130131021000,0.0013878447926906842
481130204022046,0.0065634139670948935
481130208003072,0.004911143826655879
481130111032019,0.0036199263176965326
481130004103003,0.0013878447926906842
481130045002042,0.001554387699427972
481130091051004,0.0004073159975188873
481130122061002,0.0002550244463368991
481130165273004,0.0033234892159892215
481130092032014,0.0013878447926906842
481130015021001,0.0015668547332100108
481130100031019,0.00040194914559368936
481130116011017,0.0001444119652136138
481130011021000,0.00022397832255907602
481130131071000,0.0013878447926906842
481130181592003,0.0013878447926906842
481130086041009,0.0008576335798183157
481130043001099,0.00020687118088900486
481130127022029,0.0012496216292705203
481130171023006,0.0003249837510163954
481130202002047,0.01514257580626353
481130108092021,0.0013878447926906842
481130130103002,0.00628128121754516
481130208002013,0.0002230549118280998
481130004011008,0.001706457256410091
481130165212050,0.0003485898561937719
481130107012042,0.0013878447926906842
481130056001009,0.0006232764119652042
481130106021023,0.004185416808099351
481130100012008,0.0013878447926906842
481130096051001,0.0018540569606349429
481130099003054,0.0037550539760392953
481130006091020,0.04498087900391717
481130165273020,0.0013878447926906842
481130165212043,0.0013967914386024886
481130109041002,0.000760140655944758
481130095001000,0.001583367118412113
481130107012005,0.0013878447926906842
481130062003026,0.001313956555888416
481130115002053,0.00021315731463516585
481130025002012,0.000948176326329904
481130025003030,0.0013878447926906842
481130170092001,0.00030215773588251915
481130136212001,0.0008635907066267955
481130206002043,0.010284899892247701
481130128023017,0.0006913553578782657
481130108062003,0.001215509486218077
481130027033000,0.0013878447926906842
481130136103026,0.0009282842426001869
481130096043011,0.00019566905479197482
481130114013000,0.0005332439415771133
481130054003044,0.0005001305003701446
481130171023046,0.0013878447926906842
481130100032001,0.012537712469338012
481130112011007,0.0018426737181333464
481130063022029,0.0003296309626073751
481130118022005,0.0007500697161884276
481130115002072,0.0013878447926906842
481130163012036,0.0008220976327936001
481130127012008,0.0013878447926906842
481130113001016,0.0018413501832373188
481130096072006,0.0016474301955677003
481130119012015,0.00044833439432374525
481130108092012,0.002434623150245065
481130067012014,0.0013878447926906842
481130091041006,0.0020877903104604997
481130064022050,0.000477289044775175
481130076051027,0.0015228987327617401
481130097013015,0.0007982052184027779
481130136181014,0.0033910788492877617
481130116042022,0.0013878447926906842
481130132012010,0.00021085623117624385
481130079023004,0.0013878447926906842
481130067021055,0.0004794205026252455
481130117013017,0.0019804006194297256
481130210003018,0.0032221454237718553
481130003001008,0.015343333088501582
481130013022012,0.00013965038308915594
481130130093001,0.004469825439436344
481130115002016,0.0013878447926906842
481130119012000,0.00032799323774411975
481130106012002,0.0013878447926906842
481130011012008,0.0011043299013004508
481130202002083,0.0013878447926906842
481130122061007,0.0012761303291486338
481130006063002,0.005754440875069984
481130165271001,0.0010873865772272771
481130100012015,0.0009519481046689789
481130045002023,0.004525380400462023
481130204022022,0.0013878447926906842
481130211001022,0.004682300284261199
481130043001007,0.0012944315600037664
481130078052013,0.0017994086517016156
481130099003108,0.0012478002671079376
481130107041023,0.0013878447926906842
481130131021039,0.0006801923481288032
481130170052026,0.0037499481907830655
481130057002006,0.0013878447926906842
481130094013007,0.0013878447926906842
481130063022014,0.0012797056465932127
481130126011007,0.0013624750444272533
481130050001023,0.0015775258583589833
481130136182008,0.001297709146375783
481130113001009,0.005143878219119315
481130085002026,0.0004207474428368644
481130206001009,0.0014538043458659157
481130093032024,0.0013878447926906842
481130082004018,0.0013878447926906842
481130078102002,0.0010397859198370306
481130107012021,0.0005304609521543959
481130171023016,0.0004192041337023812
481210216163012,0.0015775258583589833
481210216421004,0.0008669959416061902
481210216161007,0.00257385708104754
481210216151013,0.0013878447926906842
481210216421001,0.002072814879183655
481210216382005,0.002252860377529687
481210216342003,0.0013878447926906842
481210216341002,0.0013878447926906842
481210216372005,0.0015775258583589833
481210216161001,0.0013878447926906842
481210216373013,0.0013878447926906842
481210216373009,0.0013878447926906842
481210216353007,0.0013878447926906842
481210216413000,0.001700325982393533
481210216353011,0.0001298170128960491
481210216382000,0.0026487835438776678
481210216153000,0.0013878447926906842
481210216163013,0.000575943468481023
481210216372018,0.0010938730909595862
481210216381006,0.0012478002671079376
481210216381004,0.0013878447926906842
481210216411006,0.0013878447926906842
481210216383007,0.0014375541548468434
481210216422002,0.0013878447926906842
481210216353004,0.053973303142934734
481210216371004,0.004525380400462023
481210216342002,0.00016269522858587755
481210216161000,0.0010372000152964484
481210216162017,0.0013878447926906842
481210216372012,0.001406256632078241
481210216382001,0.0033222315627271996
481210216411000,0.0013878447926906842
481210216341000,0.014383857561524065
481210216382004,0.00022198991589542273
481210216373010,0.0013878447926906842
481210216423000,0.0037038125219822937
481210216352002,0.0013878447926906842
481210216163011,0.00024105306576944105
481210216371002,0.0020149602261970642
481210216352001,0.0013878447926906842
481210216383003,0.007420918428454242
481210216372003,0.0005968005348858783
481210216381002,0.0013878447926906842
481210216373005,0.0003188754910035649
481210216341001,0.0013878447926906842
481210216161002,0.0013561203986216031
481210216421006,0.0009362177389114893
481210216372019,0.0016757522134727408
481210216382002,0.005607193283217098
481210216373007,0.0013878447926906842
481210216353012,0.0006980211148347039
481210216353009,0.0005332273646805063
481210216411003,0.0013878447926906842
481210216372008,0.0007322012165870676
481210216373002,0.0010681229965583312
481210216323025,0.0013878447926906842
481210216372007,0.0013850797093355699
481210216372002,0.005746584858424678
481210216372004,0.0013878447926906842
481210216161003,0.00035638282544380346
481210216373011,0.0013878447926906842
481210216342001,0.0013878447926906842
481210216381007,0.0013878447926906842
481210216341003,0.0013878447926906842
481210216373008,0.0013878447926906842
481210216351001,0.03250620588613308
481210216163002,0.0013878447926906842
481210216422000,0.0013878447926906842
481210216163004,0.0013878447926906842
481210216383002,0.0012650302461166985
481210216163006,0.002136641364465795
481210216411007,0.0009769310688881047
481210216381003,0.007082136195257638
481210216323023,0.0005332273646805063
481210216371000,0.0013878447926906842
481210216421003,0.0008900037364455595
481210216421002,0.0019121894339288767
481210216381005,0.0006475708766735587
481210216163003,0.0013878447926906842
481210216372009,0.0009943303583700674
481210216323028,0.0013878447926906842
481210216372001,0.0013878447926906842
481210216162011,0.0013878447926906842
481210216373014,0.0013878447926906842
481210216353000,0.002775653948555365
481210216373000,0.0013878447926906842
481210216382006,0.0013982347043110172
481210216162009,0.0013878447926906842
481210216411002,0.06548356968653532
481210216372021,0.0013878447926906842
481210216323029,0.0013878447926906842
481210216411001,0.001557282831528904
481210216373006,0.002703653896111327
481210216163010,0.0005332273646805063
481210216382003,0.007755285979105497
481210216381001,0.0013878447926906842
481210216372000,0.0013878447926906842
481210216353010,0.0013878447926906842
481210216383008,0.0002630837096768553
481210216323024,0.0013878447926906842
481210216161006,0.0014797548560982713
481210216411005,0.0013878447926906842
481210216371003,0.0013878447926906842
481210216163009,0.0017559314780253975
481210216162008,0.0013878447926906842
481210216372015,0.000760140655944758
481210216373012,0.0013878447926906842
481210216163005,0.0013878447926906842
481210216161004,0.002136641364465795
481210216423001,0.0013878447926906842
481210216422004,0.0013878447926906842
481210216421005,0.0013878447926906842
481210216162000,0.0013878447926906842
481210216383000,0.006816774169788537
481210216383004,0.0008041759572464931
481210216163008,0.0018569307792825228
481210216383001,0.0012656856383248174
481210216162010,0.0013878447926906842
481210216353006,0.0013878447926906842
481210216412001,0.0013878447926906842
481210216423002,0.00020731561904902592
481210216161008,0.0013878447926906842
481210216163000,0.0013878447926906842
481210216341004,0.0013878447926906842
481210216323026,0.0013878447926906842
481210216422003,0.0013878447926906842
481210216412000,0.0013878447926906842
481210216372016,0.0013878447926906842
481210216373004,0.19759725571729259
481210216372017,0.0013878447926906842
482570502082006,0.0013878447926906842
482570502082011,0.0013878447926906842
482570502082007,0.0013878447926906842
482570502082008,0.0013878447926906842
482570502071001,0.0013878447926906842
483970401041002,0.0013878447926906842
483970405103018,0.0013878447926906842
483970403012019,0.0013878447926906842
483970401041003,0.0013878447926906842
483970403013019,0.0013878447926906842
483970405103017,0.0013878447926906842
483970402031012,0.0013878447926906842
483970403012001,0.0021498107241419593
483970401042001,0.0013878447926906842
483970401042035,0.0013878447926906842
483970401032002,0.0013878447926906842
483970402031028,0.0013878447926906842
483970403012022,0.0013878447926906842
483970405103005,0.0013878447926906842
483970402031011,0.0013878447926906842
483970401032000,0.0013878447926906842
