GEOID20,weight
360810656001009,0.0008807036086969376
360810155001002,0.036013290795920146
360811187001002,0.00045990822724122484
360810991005000,0.0015044762712306313
360810499003004,0.013674639046132123
360811163021000,0.0029450743631276688
360810645002003,0.005934733325839377
360811291044006,0.010534644102235317
360811277001001,0.0015825977055518854
360810656003000,0.004381126004014299
360810598002004,0.022649866108855117
360811459001003,0.000355510285838289
360810612001006,0.0032713912660292787
360810254011001,0.0008284342142776312
360810402001004,0.0032079174494250647
360811215002008,0.04314676733721828
360810085001002,0.0031097038827782924
360810189003003,0.00031069541868055
360810485003002,0.00021997012662967083
360810137001012,0.0029450743631276688
360810478012010,0.0006599035238971052
360810476001005,0.0030564511340061946
360810478012011,0.0023017495413522526
360810680002008,0.003525747054532336
360810294002007,0.0029450743631276688
360810294006005,0.007080168648900968
360810384001000,0.010673932546961877
360810383021040,0.0029450743631276688
360810251002005,0.000282194415807055
360810713031001,0.04148416184964064
360810621002005,0.0026125144147721075
360810440002006,0.0009363432974024541
360810837001014,0.057663297325383084
360811017007001,0.0026114097804488296
360810656003013,0.0009277573804149237
360810456001014,0.012682255168623549
360811267002002,0.21644417084078293
360810169002003,0.009721408308961132
360810184022000,0.0003417062495306732
360810254022002,0.0011205511688709442
360810194002007,0.000927080768868279
360810731002003,0.001024295110392265
360810122002004,0.00048019519800461015
360810126022006,0.0005086020640685707
360810884001006,0.0029450743631276688
360811008012009,0.0033868498968241127
360811072011032,0.0033547183963689954
360811072021007,0.0029450743631276688
360811265001003,0.026097362217924833
360810616013002,0.0020435758984032487
360810614001006,0.0029450743631276688
360810616011001,0.0011688310577940833
360810646001013,0.0006417544099168335
360810585002000,0.006781775232117405
360811257001009,0.0005416338115926375
360811483004015,0.0033819892484196084
360810809007001,0.0029450743631276688
360810620001002,0.004868862505037939
360810592001008,0.005349653688172512
360810306004016,0.00035940913438420926
360810063002003,0.0008471047777829822
360811099003007,0.0016030107682601699
360811571014000,0.0021158621034782785
360810288022006,0.00984227859076207
360810366001014,0.00737825982180479
360810568001011,0.0011482959270638065
360810100001002,0.0029450743631276688
360811147002006,0.0033908135973301327
360811155002001,0.002875326449922939
360810645002001,0.0029450743631276688
360810317002003,0.0007685581353551263
360810524001001,0.00040082902301053484
360810650001010,0.00141868688077103
360810178001005,0.0005074788624813353
360810818003007,0.0005115073740213377
360810998015005,0.003131262970777704
360811467003002,0.0007375928522732286
360811085003008,0.006349584063786095
360810991001003,0.0031401822116606196
360810437012008,0.0005305926984174496
360810565001008,0.000955430880096539
360810779071003,0.0014999747727168498
360810999001014,0.0029450743631276688
360810166001001,0.20456113189762132
360811571015008,0.03743285428919265
360810889024002,0.02386194630502701
360810663011009,0.0022735117670037146
360810558001003,0.0003680548815084184
360810972043001,0.0006475189225891904
360810972062007,0.0024737055820898846
360810660002013,0.002196958957515446
360810330003003,0.0014665468594665858
360810838004005,0.004114456487784788
360811333003003,0.008169047581330283
360810694002003,0.006534204879481847
360810062021009,0.004281651442769951
360810288021005,0.00872380042459171
360811571021004,0.006084771358084343
360810404003007,0.0025269345441206862
360811085001006,0.01094741060346425
360811017003010,0.003557354500643791
360810479001001,0.024202685542862527
360811147002000,0.016121182704466133
360810103001003,0.0008300708846599792
360810206001014,0.0029450743631276688
360810560002000,0.0010786268195553891
360810012002002,0.0011322197521912054
360810376004010,0.0028921688259406424
360810169003001,0.004889470450480013
360810253022007,0.0008658378746199803
360810928003005,0.0024746083577510927
360810288022003,0.0019781656731109303
360810398001000,0.007959992722993183
360810566002002,0.0017750632871349832
360810179021023,0.0020328654930147614
360811247002004,0.0021336911107093753
360811417001001,0.0029450743631276688
360810697011002,0.00048459739702785235
360811471001017,0.0029450743631276688
360810818002001,0.008556998194298731
360810329001000,0.0040176633330395025
360810126012002,0.0011593184551739952
360811409021001,0.006773110464338751
360810154001001,0.0010750594229879573
360811291022006,0.0009032451862332238
360811385013003,0.0006603303245334219
360810592001018,0.002242220392891754
360810664012003,0.004438606593405046
360810797014000,0.01597335733172404
360810444003013,0.00035954582773832836
360810294004007,0.00014325065088509613
360810818002003,0.07125086844664963
360810790002008,0.00026962234311110833
360810294001006,0.001877165121455164
360811429003009,0.01440309139899524
360810892011013,0.0023680429311891014
360810869002004,0.0029450743631276688
360810916035005,0.0029450743631276688
360810998011012,0.001977332671599982
360810187003006,0.003360983364646561
360810219001000,0.0029450743631276688
360810513002002,0.0006151699655056913
360810142012003,0.002299569983606485
360811333001007,0.0023672023224938585
360810353002001,0.0029450743631276688
360810892013009,0.0065771571547487105
360810818003008,0.0005154112441608065
360810622001006,0.002242220392891754
360810779061002,0.0009864783946129864
360810929003002,0.0031427359670616836
360810939003007,0.007295962408300935
360810711002004,0.03990457916638097
360810054004010,0.00387983001963064
360810253022004,0.15258140723305655
360810104001001,0.002379283174643531
360810284001008,0.0016554115930178374
360811097001000,0.004664094617320037
360810513002004,0.00013632010683030678
360810440003007,0.0024881625851999973
360810582002000,0.0006822760455176974
360810694001008,0.0015840208582572194
360811579023003,0.0029450743631276688
360811059001001,0.0002416449329915519
360811059002010,0.0026905678777602565
360811157001008,0.0020968858837799183
360810723003003,0.0029450743631276688
360810246001007,0.0006503330028720969
360810158021002,0.004482925508709087
360810190001003,0.0037703534008096257
360810716001021,0.0029450743631276688
360810330005002,0.008519165109948424
360811529024005,0.09794018291286397
360810295002004,0.0014964363248669902
360810928003007,0.003019577309670666
360810929005001,0.001300777623890256
360811039002011,0.0029450743631276688
360810577002004,0.0005271595326571192
360811223002008,0.0005133484790929819
360810206001006,0.016098336392696522
360810942021005,0.0028921688259406424
360810464001010,0.0009549522619071327
360811291021009,0.0006598559660996905
360810138002005,0.004373508284503523
360810288022007,0.0004297702764881638
360811291045002,0.00023391708282828887
360810424002010,0.0015060529885656052
360810205001024,0.0029450743631276688
360810044011011,0.005383412329511132
360811159002007,0.003535735309427685
360811123001007,0.000940181186373414
360810627002003,0.0017323991533118512
360810892018013,0.0005631826688005366
360810600001008,0.00030523853777699876
360810115002001,0.22382420948777698
360810432001005,0.008637140851903898
360810998021000,0.0010293182213569486
360810582003002,0.0011633121197819683
360811579033006,0.008083662167600491
360810260002003,0.007734767625422823
360810580001007,0.0012118658704327514
360810187001009,0.0029450743631276688
360810557002008,0.000606666171846159
360810664033003,0.0005106106399339678
360811507021007,0.004201567544341146
360810694002011,0.000879540788394194
360811441003001,0.0020075415195621566
360810972043000,0.01910296700744898
360810063003002,0.0029450743631276688
360810134003001,0.05385895466891097
360810216011009,0.0018193112968337855
360810623002004,0.0045625603029234435
360810747001006,0.0022572681783638564
360810713044001,0.0022445380451238625
360810155002001,0.0006084148270427072
360810513002006,0.0016594000012579203
360811621002005,0.0027877282387482796
360810330002001,0.0018357818792430509
360810922003008,0.00273609643374211
360810889023003,0.015411144277707718
360810539012001,0.00022934972723942274
360810799001008,0.008831225250712683
360810694002014,0.00022805254799956767
360810654021000,0.001030348722814695
360810991004012,0.031028307167920367
360811207011008,0.004581587907960427
360810517001003,0.014730908319922504
360811385011004,0.0028053362307295226
360810999001005,0.002612417314199792
360810102002003,0.00107993489501793
360810656003007,0.0009519714266508477
360810261004005,0.02201486489230757
360810598001002,0.0029450743631276688
360810641021006,0.0029450743631276688
360810185011001,0.0022410663130421715
360810329001004,0.0029450743631276688
360810007012006,0.000279892731465398
360810845002000,0.006349457917634941
360810085001005,0.004832152744270988
360810627001003,0.0010827862130992464
360810054001000,0.0024507378272392148
360810472002008,0.012710668036817292
360810717022001,0.0029450743631276688
360810118001002,0.0031722612116400783
360810025001000,0.003592327637169794
360810683001003,0.0011588645647055656
360810110001002,0.0014689972383755637
360810548002002,0.0010429471617155873
360811072011005,0.004346275597781285
360810779061000,0.0001231874547075338
360811267003003,0.0002632569314971331
360810357001011,0.0006656981961247184
360810552002005,0.002097649892675729
360810473001003,0.0005354833875180306
360811047005001,0.01048570466003265
360810717013002,0.0029450743631276688
360811483001005,0.004804615062312147
360810288021001,0.0005892952239250345
360810646002012,0.008511599487806666
360810452001008,0.004598732287704507
360810916035009,0.0029450743631276688
360810918001006,0.0029450743631276688
360810329002006,0.002363310292841611
360811195001008,0.0017400280632497247
360810713044002,0.00011285568749374184
360810122002007,0.002695296327270326
360810922003007,0.0014708682238677023
360811291022013,0.004247365077424065
360810568002005,0.001790247501728903
360810992002025,0.0022979398385512984
360811099003000,0.00011753857486261187
360810991004013,0.0029450743631276688
360811017006003,0.0029450743631276688
360810629003003,0.003141967601147835
360810925001005,0.00013442213054219398
360810483021003,0.0029450743631276688
360810169002004,0.0029450743631276688
360810535011009,0.00408535543828442
360810176002006,0.00253710963585201
360810019021000,0.0029450743631276688
360810462002000,0.0031214125942877246
360811409011010,0.0029450743631276688
360810306001020,0.0029450743631276688
360810036001011,0.0029450743631276688
360810997011014,0.0017174284775557731
360810444001003,0.0004060028004348785
360811377002000,0.019247057097192436
360811377004001,0.004581587907960427
360811429002000,0.0008660126531793872
360810680004005,0.0043460151411436
360810656001001,0.0029450743631276688
360811047002007,0.005570879196005674
360811157001000,0.0005210699033448225
360811529011005,0.0029450743631276688
360810334012005,0.0014895439207571004
360810294001014,0.005698780644776311
360811267003004,0.00039247407073870403
360810713064002,0.0021885648569027307
360810809004007,0.011272416469537513
360810424003003,0.0002059401769946455
360810637002003,0.0014181162362404927
360811579021003,0.0003433132268600748
360810687001000,0.0012261046718054776
360810713064000,0.012807452173466207
360810542003004,0.0021771765261703983
360810539012007,0.008922211618523026
360810568004001,0.00183679702796765
360810383021035,0.0029450743631276688
360810606002001,0.001516397781094294
360811223003014,0.0021504727648371915
360810884004012,0.0029450743631276688
360811385011012,0.005320358831663083
360810062022001,0.0029450743631276688
360810539011009,0.0029888236200182926
360810243002001,0.011112163065842133
360810623001006,0.007384722397616357
360810792001006,0.01938033127086854
360811551042019,0.004612965916544607
360810694002001,0.010096239177007565
360811291022011,0.008084204184917409
360811385013002,0.003224056981681441
360810368001002,0.029138991358716504
360810199021002,0.005922702226230098
360811447002016,0.0029450743631276688
360811579032006,0.03998819034142834
360810443021006,0.0032034606230183374
360810664041002,0.0029450743631276688
360810553001005,0.00023107380809845305
360811529011008,0.0010784405524320846
360810610001012,0.0021335539963619043
360811339001010,0.005170065878445537
360810470002005,0.0003564597947106758
360810135001004,0.01983194191239136
360810373001000,0.0021872345356603183
360810564001004,0.0075280575994523475
360810132002005,0.036319628803779924
360811341001000,0.0029450743631276688
360811347012002,0.0029450743631276688
360810373001006,0.1710315896447847
360810929005008,0.0002398652175562014
360810582001003,0.0009881824014463744
360810507001012,0.003947914380984
360811017005000,0.004038060643265562
360811175001001,0.0010522846570454828
360810149002000,0.0014693514761189583
360810142021002,0.00018578175451072117
360811551033002,0.0008214410119830809
360810115001006,0.0011481103656266255
360810117003002,0.0008347997213845428
360810645001001,0.0029450743631276688
360810981002015,0.0029450743631276688
360810513002005,0.0015207135907159565
360810317003004,0.004851376757632847
360810317003005,0.00022043275497474083
360810621003001,0.00037949741351919015
360811409022012,0.004305920535426189
360810306001019,0.0017795873739888306
360811241002005,0.005084299050727207
360810869001017,0.0029450743631276688
360810846011013,0.003347190115432639
360810846021019,0.0029450743631276688
360810116002003,0.005178730427349461
360810624001000,0.0029450743631276688
360810646002002,0.0020526414548543313
360810317005002,0.0012914345673805576
360811059004012,0.0025053017383144974
360810467004002,0.0007743548708965164
360810485002004,0.0029450743631276688
360810803013005,0.004008691540836328
360811567001010,0.0029450743631276688
360810997012011,0.0013241825515605623
360810189002000,0.00928143197590378
360810567002003,0.0032060372240591017
360810376003008,0.0049750446172728835
360811301004005,0.0029450743631276688
360810919003011,0.010105739489260787
360810954001001,0.0029450743631276688
360810432001000,0.0026228300086746314
360810171011008,0.0029450743631276688
360810580002008,0.0026491218597195156
360810309031002,0.0006972536489034299
360811467003008,0.0029450743631276688
360810205001011,0.004238461661325623
360810205001017,0.0012870691727739244
360810096001002,0.006131325766525672
360810216032000,0.00010901402361636755
360810320001008,0.00264773775738696
360810196001000,0.001697307461016858
360810568003001,0.00030252880259209433
360810054003001,0.0029450743631276688
360810054004008,0.010608972298405397
360810216021010,0.03175809738486648
360811215001006,0.00026449934374043603
360810779033000,0.002126137730754857
360810907001006,0.0013731355371127312
360811429004007,0.0029450743631276688
360811417004006,0.010231953660904784
360810439001003,0.010555568306385401
360810002002000,0.0005439019180093382
360810019011005,0.04548282363138977
360811291041000,0.001020439655020465
360810619001000,0.0045072777243312856
360810587001003,0.000390840569463147
360810367001001,0.002330818892896638
360811175002004,0.0007071974119834017
360810243004005,0.0029450743631276688
360810320003007,0.0023469475964113537
360810884001001,0.0005339560524791144
360810600001003,0.0021323648408264877
360810690002002,0.0006928985575656371
360810654013009,0.0011498669657761557
360810243002016,0.00010036887078134892
360810183003002,0.003133558206461079
360810987002000,0.0014756394592014914
360810259001006,0.0033191378040646974
360810500001011,0.0004976575468363889
360810205002004,0.022158555963680517
360810413001003,0.0071176523678294495
360810171011015,0.0029450743631276688
360810814001005,0.01165956644674492
360810182002004,0.00011367328753137463
360810838003005,0.0017506125555926749
360810942012007,0.012456113084938828
360810650002000,0.004975125356588622
360810294001003,0.0003703267032025593
360810552001018,0.0023957664031839447
360811277001016,0.0029450743631276688
360810036001008,0.00046466551883347885
360810330004006,0.00030724777282246484
360810144001001,0.0005595989306262597
360810729002000,0.00046959719202209005
360811385011009,0.0029450743631276688
360810294002008,0.0004787026330479605
360810103002003,0.00026388004302126914
360810019031019,0.00036207673290993003
360810964002023,0.004961326860741393
360811155001004,0.0034827100693816627
360810749002012,0.0007316617099142518
360810448001003,0.002728366371086831
360811171003006,0.14338475681155452
360810320001002,0.0029450743631276688
360810664011003,0.0031214125942877246
360810522001006,0.01615430259121983
360810528001008,0.0009954651015804696
360810320001020,0.0017638791213337162
360810282001008,0.0007653308681831622
360810637002006,0.00034884364997124685
360810132001003,0.002319719801834164
360811129002006,0.0014685617634049891
360810461001006,0.0013978310912125915
360811551042008,0.002639700786091427
360811579021004,0.0029664883002951882
360811099001006,0.028517926903672056
360810991002001,0.0005196186329240061
360811201001002,0.0037345041558176973
360810293001010,0.004025020440630749
360810376004006,0.0028937601322725
360810552001005,0.0029450743631276688
360810938002002,0.0017205215959115617
360810566001001,0.007032785014290587
360810964001022,0.0007588989456776129
360810998021004,0.010279137466881867
360810306002004,0.0029450743631276688
360811435002006,0.005053944148448462
360811403002001,0.0009793055384711307
360810632002004,0.0033206985362770366
360810638002003,0.0029450743631276688
360810330002004,0.0007784505633084937
360810840003002,0.00014892719955320348
360810531003008,0.0029450743631276688
360810656002003,0.0014958417211429753
360810113003002,0.001952735887993678
360810466002000,0.05320818656928869
360811447002006,0.005256161812027537
360810437023001,0.001195431205042964
360810521001000,0.0002591287242836658
360810945001019,0.01042757014784257
360810788001006,0.00027802084974526663
360811141002008,0.0018142124289974486
360811139001007,0.0029450743631276688
360811059002001,0.00528243063161747
360811157001001,0.0033908135973301327
360810934011009,0.0024307791780724033
360810507002008,0.0010189838148452568
360810884003006,0.045018602827101364
360811571018001,0.0029450743631276688
360810088002013,0.0006302271690716784
360811579023004,0.017388296613872832
360810553001003,0.0002843468803336037
360810559001007,0.0008721777768575836
360810166001002,0.0029450743631276688
360810512002002,0.0027043129766553308
360810540001010,0.0026646471349370433
360811447002009,0.0003353041684057347
360810383021045,0.0029450743631276688
360810088002007,0.00032675313641021564
360810679001004,0.001404015585577617
360810594002002,0.006069734161073563
360810276001003,0.0010367373020787574
360810818001002,0.009914808873898418
360810516001000,0.0032917138683573317
360810538001006,0.001496350239013632
360811341003007,0.0017269829338029765
360811417003008,0.0008106942006160815
360810108002003,0.0027722445466227524
360811617002005,0.00019518735682048452
360811129001005,0.0029450743631276688
360810367002008,0.0001629654329929175
360810245003001,0.0017505729659925175
360810489001013,0.007241662209730735
360810532001009,0.0015409201208368478
360810601002004,0.020018020641369143
360810964001010,0.0025360745293804897
360811333001001,0.0032690709929110943
360810088002003,0.003423920825402006
360811377001004,0.008235176630887625
360810769011004,0.0033326052429116276
360810394003005,0.00151030800782807
360811008011001,0.001037885901532157
360810790002007,0.00036762927920727277
360810892013002,0.0008775421154894373
360810892016007,0.006248346370669454
360810560001001,0.001963946892021758
360811085002000,0.006263056280141631
360810179021015,0.0006541918298758428
360811529023012,0.001083533371068756
360810892011006,0.0017980872491648024
360811010021017,0.001058525707212086
360810535011002,0.0075027183614797205
360811385021009,0.0029450743631276688
360811347021006,0.003796085759763119
360810641021017,0.0031401822116606196
360810809005002,0.0002555848770137732
360810929002003,0.002660205444728264
360810939003006,0.004862517358866935
360811435002001,0.006231492935513
360811483003002,0.0029450743631276688
360810259001003,0.002404925209843319
360810635002002,0.0021807444271511292
360811085001002,0.0015540042713440654
360811193001004,0.002012475087717495
360811247003002,0.0015570412857671301
360810020001006,0.00015700772006462004
360810247001010,0.0008048430350163936
360810552001012,0.00022638495949911942
360810656001002,0.0021727324487342795
360810368002004,0.0038821133836273464
360810368002001,0.003732920200230309
360810245001001,0.0015231934007904594
360810243002010,0.005855684339843118
360810047001000,0.02100116217013707
360811039004013,0.00188579321822008
360810489001028,0.001873239089652132
360810516002000,0.0017112778238338026
360810998015004,0.0031627748773050786
360810170002008,0.0029450743631276688
360810884005012,0.0028338128765433984
360810306002003,0.0032961140983503714
360810309052005,0.013669578742609578
360810942034000,0.0001888007274108987
360810838003000,0.006567169753096299
360810450002004,0.00036193442305240274
360810366002000,0.0034562159934520037
360811033004004,0.0029450743631276688
360810214003014,0.0029450743631276688
360810124001002,0.011702473462364518
360810235021002,0.004808196036352935
360811017001003,0.0033482157346810325
360810220022000,0.0035941493800782775
360811163011000,0.003925395713337643
360810922002004,0.001424027820342645
360810849012003,0.0015353795917688962
360810443021005,0.00200247690079573
360810138002000,0.03272511521365948
360810646001003,0.0029450743631276688
360810919003007,0.008299642777981868
360810664021000,0.00529593669664149
360810945002005,0.002369366608181803
360811039004005,0.0029450743631276688
360810278002000,0.001102240243351823
360811463002010,0.0001521967929640661
360811159002002,0.0062496768052193235
360810928002013,0.0009584402645522916
360810998011009,0.019438424506540496
360810329001003,0.004969051837082278
360810840004002,0.0029450743631276688
360810432001002,0.0029450743631276688
360810707003001,0.002172782989030569
360811579034003,0.002042571255951528
360810664012000,0.0004184393282663669
360810138002007,0.0009694081246899587
360811409021005,0.014117002943792919
360810998011000,0.01614675260515902
360811507011007,0.0007013281374038285
360810997033005,0.0029450743631276688
360810792002007,0.001995932081952389
360810534011000,0.003349559106675275
360810532001011,0.0018802634915651858
360811257001005,0.003128992242531069
360811409021002,0.004025020440630749
360810493022004,0.0004870213644431891
360810907001030,0.000629207604588292
360810499002004,0.0007683272548754308
360810521002007,0.0010334692886017596
360810097002003,0.007417385233187082
360810593002001,0.010319857564043439
360811507022003,0.0029450743631276688
360810367001000,0.0004132364220397656
360811189002001,0.005838138984207089
360811529013001,0.01603026930696981
360810320002014,0.0005667405367135442
360811227031005,0.0012017378956326197
360810991005010,0.03701192416057715
360810411002003,0.009426877628449485
360810495001011,0.004112566492062181
360810892013011,0.001773746919177231
360811033001002,0.0005563534259738297
360810991005008,0.002882037975225757
360811029001007,0.0029450743631276688
360810245003000,0.0029450743631276688
360810479002008,0.0029450743631276688
360810591004000,0.0024764505519086254
360810591003001,0.0005021156767293075
360810663011010,0.0029450743631276688
360811093002013,0.0028658049010758953
360810444001002,0.0029450743631276688
360810510001004,0.0007637347729493934
360810219001012,0.11224672770213824
360810499002005,0.0009824586831657437
360810220024000,0.0016838451574008268
360810446011001,0.00011231697496838082
360810716001001,0.02078255446256222
360810208002012,0.002926864805353265
360810187002002,0.001684401877420098
360810334012013,0.00015466650802288144
360811093003009,0.0004882973402226409
360810846021025,0.003957351772110139
360810838003006,0.0008900255421076012
360810840005001,0.0009247704920579126
360810679003003,0.0029450743631276688
360810297002000,0.00103723779673803
360810383021050,0.0029450743631276688
360810493011001,0.0018074112564384053
360810608001004,0.0018797408176692498
360810270001010,0.0004707062572202712
360810723001003,0.0029450743631276688
360810669002003,0.015574883830819071
360810358003006,0.004457274569358994
360810028002003,0.000874825206750669
360810212001007,0.00963215452254258
360810614001011,0.0008158434727333841
360810444003010,0.00034474184288782244
360810929005013,0.002790810029118876
360810646001001,0.0013356924233350505
360810585003002,0.002143167399842625
360810716001022,0.0029450743631276688
360810918001008,0.0029450743631276688
360810309032005,0.004411930682900126
360810329002001,0.03110263438480311
360811129002011,0.004756024508779705
360811199001009,0.0006813170530877404
360810837003003,0.0029450743631276688
360810884006007,0.002111838005767039
360810694002006,0.002006348470182398
360810869002009,0.004691006647332681
360810552001007,0.0016309451849612848
360810264001008,0.0033096475090150838
360810972041002,0.0016157678151747078
360810998021006,0.00014271809092630428
360811207011001,0.0007550369317684296
360810991004000,0.026868055083318937
360810128002002,0.0008067324510617162
360810212002001,0.0023332477413769924
360810484003001,0.0029450743631276688
360810208001008,0.0032844068677305924
360811301003000,0.0038725391502702354
360810366001013,0.005608866754392352
360810964001014,0.007117511096166933
360810480001012,0.0009178854425897911
360810482001004,0.0003435001210420865
360810294004001,0.00224561011085389
360811403002005,0.006404447515016177
360810320002024,0.0070298050166659925
360810500001012,0.0029450743631276688
360810038002002,0.0005945565865643305
360811123002008,0.0029450743631276688
360810531001011,0.0013027849839239872
360810493021004,0.0011042776731121945
360810779062008,0.003951675631162179
360810137001009,0.0024536743025802264
360810928003004,0.0063998240664402736
360810669001004,0.00048541509068682947
360810088002012,0.02231887600609818
360810506002005,0.001912958779075378
360810613014000,0.0005324426198436542
360811451022011,0.0006229277694979971
360810245003005,0.002605980706619234
360811207011002,0.01770531996776865
360810595022001,0.00038956726633885907
360810007012019,0.0029450743631276688
360810180001002,0.018370497222701832
360810158012005,0.001545842618098286
360810194001004,0.0023680429311891014
360810717022008,0.007789136316721011
360810713064001,0.0031015832075231976
360811403001000,0.0034186178737434657
360810294005006,0.0003407507006328947
360810536012001,0.002857470351887376
360810928002010,0.001910445325918341
360810383011017,0.0024743865249763027
360810284001000,0.0030910475958893066
360811571016013,0.0004399076679992343
360810461002002,0.00016864247408053602
360810411001006,0.00011131128263139885
360810094002001,0.004424574079570548
360810432001006,0.0010143013378312003
360811409021007,0.002344932120039102
360810273022000,0.0011413998272736684
360810489001015,0.00015462790705385467
360811033002001,0.0014040361134285521
360810654012005,0.0023164359044388536
360810306001027,0.004051188866376662
360810446011003,0.013905254047470566
360810646001007,0.0021782186339144092
360810258002001,0.0005722624939907746
360811459001004,0.0032708995063532027
360810183005002,0.005395370355169848
360810536011006,0.0014078560851081255
360810123011004,0.0006758508610368725
360811175001003,0.004682648464565609
360811139003005,0.002229005755917782
360810062011000,0.010509066385821204
360810846021007,0.002960852048617812
360810929005004,0.0026814190857887845
360811483003016,0.0023930120954439864
360811483002007,0.004769944220668686
360810259001004,0.0013846200465579069
360810707003003,0.0023680429311891014
360811039002008,0.018000085906009856
360810654011001,0.003914757015439705
360811483003014,0.0029450743631276688
360811507022012,0.001780510623328371
360811113001006,0.0029450743631276688
360810205001025,0.0029450743631276688
360810723003004,0.0010691072795524109
360810749001007,0.0029450743631276688
360811463002004,0.003557354500643791
360810040021010,0.0043352115610164705
360811417001008,0.002605980706619234
360810254022000,0.00224954133913069
360810126022003,0.0011884891897520368
360811567001006,0.0018485878598358103
360810757013003,0.014722291492021736
360810560002003,0.006073777337623305
360810580003006,0.001414387524252216
360810398002002,0.004471968729454874
360811529021003,0.0009402218754492949
360810592001002,0.0029450743631276688
360810384001008,0.004199628896775437
360811529021001,0.0021794248875840433
360811163022001,0.01706462949894111
360810871002006,0.006988464509172629
360810463002003,0.0012140895327020474
360810554001005,0.006972006939026172
360810220013003,0.0005496950541265389
360811417001009,0.008729212902696135
360811417001002,0.005910642130191453
360810373002001,0.046415451400583535
360811441002001,0.0005482699705430222
360810216031002,0.0029450743631276688
360810779071006,0.0023268031283701297
360810779051011,0.0006614503986105122
360810775001001,0.01913980213838269
360810424002001,0.005344433351080491
360810424002005,0.008584800239335985
360810424002006,0.0002791903193807816
360810007023005,0.0018973905826203934
360810997011002,0.0029450743631276688
360811157001005,0.002235298139917693
360810560001011,0.0047470872989395126
360811129001001,0.0029959414880410045
360811123002000,0.005537047555993677
360811029001005,0.005322289713635469
360810137001025,0.03576596665542401
360811483003025,0.0034744472114036458
360810198003002,0.00033591484934262817
360810680004006,0.0003287880131383819
360811579031007,0.00035870739800828306
360810032001002,0.0009532928489949183
360810138002003,0.004320800752334234
360811008031004,0.02358034178574389
360811032013006,0.0002770000031513725
360810884007001,0.0015813384679508474
360811133001005,0.0011835976230319307
360811347012003,0.0020197870816275804
360810690002011,0.004691205286888633
360810769012004,0.00022775209693771362
360811529011009,0.0029450743631276688
360810071002001,0.0029450743631276688
360810063002000,0.0021789608412596585
360810589002001,0.0006382174371912301
360811507022007,0.0029450743631276688
360810803011005,0.00034866923550769057
360811483004012,0.009741344361164701
360810263002004,0.028851684531022086
360810243002007,0.0034744472114036458
360811157001007,0.00036670625896027185
360810470002008,0.00428024030591613
360810240001000,0.006594858658821436
360810934023000,0.0029450743631276688
360810500001003,0.0005188824540854786
360810582002005,0.004730637531714712
360810838002006,0.0024746083577510927
360810394003002,0.003986368437636387
360810650001004,0.00013608446569886138
360810263003002,0.00010360181439052075
360810598002003,0.005368012220540528
360811579011002,0.0029450743631276688
360810568001013,0.012563964796542171
360810086001005,0.0029450743631276688
360811175005004,0.0015523010384380536
360810945002029,0.0003943020521247571
360810682001005,0.0011740687572097182
360810236001003,0.0019359314261340765
360810007022002,0.004631830356365735
360810845003005,0.003692035776893062
360810659002003,0.0029450743631276688
360810659001006,0.005574632235366501
360810186001002,0.00020129323980708474
360810190001006,0.0028448230856083197
360810258001000,0.000572295942524487
360810116002000,0.0013384164295811487
360810006002004,0.0006123114023134307
360810739003001,0.004581587907960427
360810088001005,0.010231667784856431
360810294003003,0.0051331171617277705
360810737001003,0.0007956296279971578
360811291022000,0.006273622668752405
360810992002007,0.0029450743631276688
360810212002002,0.0002357705768243687
360810492021004,0.0029450743631276688
360811385012004,0.0029132981294865937
360810552002003,0.00613630059810315
360810929005003,0.0023431443811615777
360810394002003,0.0031788733478660906
360811029001009,0.001686040888054816
360810707002000,0.01786177267714877
360810707002002,0.0036299196648255823
360810919002011,0.01266662149990132
360811385011002,0.0011069766380345806
360811483002000,0.002395803436846114
360810690001009,0.004467452236916927
360810394001000,0.0059942969991022554
360810381001004,0.10741960290466547
360810998021009,0.0053871707523987945
360811175004007,0.0029450743631276688
360811247001010,0.003318414761160668
360810729001004,0.004482925508709087
360810711002001,0.002339527244116334
360810711002003,0.0003725778855740791
360810504001001,0.00031901603060920813
360810939001012,0.0065771571547487105
360810690002004,0.0009252409564080059
360810532002008,0.0029450743631276688
360811093001003,0.0022907381903027077
360811139002001,0.004238461661325623
360810263003001,0.0029450743631276688
360810623002003,0.002380867941634337
360810542003003,0.0029450743631276688
360810542001000,0.0027351987555311475
360810869002005,0.0029450743631276688
360810945001013,0.0038734893756052235
360810664023002,0.004139881388290952
360810320001014,0.0013027849839239872
360811571022007,0.0027145705944183673
360810174001003,0.0007954575519496162
360810531002001,0.002343034350040355
360810329002000,0.10885539403234663
360810411002000,0.009088600627608592
360810440003004,0.009499302536487496
360811301001003,0.002209482079408093
360810484001003,0.0012483889712184618
360810507001013,0.0014078054130748229
360810884001013,0.0007094487299506606
360811187002006,0.00010721120007902078
360811072011036,0.0007818347428658289
360810743003000,0.0033908135973301327
360810532001005,0.0010688723202806174
360810243001011,0.003003229927773161
360810266001004,0.00019173106155190525
360810884001004,0.0029450743631276688
360811463002001,0.004997094898394765
360810922002008,0.0029450743631276688
360810925002000,0.0027421277527897876
360811571018011,0.0029450743631276688
360810137001001,0.0025310072218270464
360810026001005,0.000548198736892913
360810683003002,0.0014304201260085419
360810079002003,0.0029450743631276688
360810997033008,0.0053250019404163865
360810365001003,0.001240710257963831
360811199001006,0.005425561824091704
360810779052000,0.00035754050236466424
360810997041000,0.00026011233822434144
360811291023009,0.005077004271800065
360811291021007,0.003909007387696246
360811291023003,0.0075556736924017156
360811291022005,0.00103723779673803
360810294001005,0.0020884344655997663
360810260002001,0.0012743430122043873
360811451021013,0.003557354500643791
360811409022006,0.0029450743631276688
360810489001010,0.00013106887068492867
360810892015002,0.004524264417356147
360810088001001,0.026050718566305135
360810293001001,0.0003130057734121147
360810493011004,0.0027800714465000724
360810381001002,0.036574052116491805
360811459003007,0.0026816077742527022
360810500002002,0.005172341923237604
360810680002010,0.0013639592517375046
360810297002007,0.00012167533438481171
360810235022002,0.00021524388549988246
360810148001000,0.002910907481900154
360810542001009,0.0029450743631276688
360810548001001,0.00023860695376289086
360810638003001,0.002745046787878545
360810638003000,0.007208717960561177
360810664023003,0.0029450743631276688
360810334011004,0.0007022968176752781
360810622002000,0.0029450743631276688
360810916036031,0.0029450743631276688
360810108001001,0.000739657929395879
360811301003005,0.0020128410537113913
360810472001008,0.002102007268758706
360811621005012,0.003615813705676317
360810581001005,0.0029439441722375016
360810997033003,0.0003068012631152251
360810625002001,0.004348979919310279
360810929005005,0.003780363181891752
360810306001012,0.0029450743631276688
360811223002006,0.0001161262341406031
360810085001003,0.0063985659284531305
360810618001002,0.0029450743631276688
360810118001000,0.0004654511102404584
360810034002005,0.007360118893899591
360810164002002,0.008493663150965615
360810358002005,0.0031097038827782924
360810306004002,0.0005247622767865841
360811529021006,0.0029450743631276688
360810229001000,0.0012128335910638133
360810859002003,0.0023057843070101104
360810803011003,0.00037449470260033816
360810922002009,0.0008823524756276711
360810478021001,0.0029450743631276688
360810679003001,0.001983322551870553
360811017007002,0.013369330690624586
360810238001000,0.028684704358849428
360811441002004,0.002480902864421131
360810618001003,0.0029450743631276688
360810954001016,0.0018458342546820085
360810654012009,0.0004212805513063404
360810358001004,0.0006466247592561578
360810645002005,0.0029450743631276688
360810424003000,0.0038445763887169217
360811093002006,0.003974567787151459
360810057003003,0.005182590098209622
360811157001002,0.00018039849091523735
360810238004003,0.00020453783159033435
360810922001006,0.0029450743631276688
360810036001009,0.01078506338293821
360811529022014,0.0028522769766589295
360810112002001,0.36157119563186846
360811032013001,0.001298016474866575
360811507024001,0.0029450743631276688
360810463002004,0.05311153791272067
360810630002002,0.0297471856960048
360810294005007,0.0006979029676238531
360810987001006,0.00445970736825694
360810152001000,0.041932079265978445
360810942021018,0.0005497821058874435
360810518001002,0.00042654622226183836
360810520001004,0.002078484910321572
360811377004004,0.0003188962914178399
360811529024002,0.0009278179756804237
360811257002008,0.0008016565833821821
360811171003003,0.00040837236264501227
360811551042007,0.0029450743631276688
360810889031010,0.006347263056444575
360811385011005,0.005705993239627421
360811441001000,0.0029450743631276688
360810837002004,0.004073506727754937
360810739001001,0.0028291030095724916
360810504001005,0.002001027159075119
360810153001000,0.0005277525209654208
360810511001004,0.005862614931556606
360810206001007,0.004239057531769184
360811029001010,0.0029450743631276688
360811032021008,0.003224185548101209
360810171021006,0.006757128196253356
360810208002003,0.0013092518604194345
360811479001008,0.002418960466142175
360811429001003,0.0020342360833650198
360810622002001,0.004136873080816995
360810838003001,0.004482925508709087
360811551032001,0.0022849357526660155
360810205001000,0.0029450743631276688
360811093003004,0.0019208105134685834
360810116001002,0.0007685706187746062
360810132001005,0.002172782989030569
360810001041031,0.017223178760876097
360810309061002,0.0008410562998066437
360810028002006,0.0011521780289426124
360810309041018,0.007865442248600009
360810099001004,0.0029450743631276688
360810294004004,0.0093575592435076
360810272001002,0.016960285277568668
360811617001009,0.00508408122954504
360810942021009,0.0021572916250357215
360810202001009,0.0010261786625370155
360810309042006,0.000252546436324838
360810006002003,0.006728256400153892
360810034001009,0.0005334694555836936
360810739002002,0.02874676633614644
360810633022002,0.025888208084331867
360811227031007,0.0019412383459907053
360811507012010,0.00694239103645879
360811579034001,0.005292706165293163
360810954003003,0.002498158879680198
360811175001000,0.006981297120225985
360810954003013,0.005368012220540528
360810164001004,0.006654931687118809
360811072011033,0.0011447980102884804
360810309041016,0.001879436635555755
360810646002000,0.0029450743631276688
360810415002001,0.08124347541407526
360810427001002,0.010063512923510603
360810196002004,0.001751454271041941
360810694002009,0.0002498370635613279
360810680003010,0.0038231246938572067
360810185021000,0.0016194352954144332
360811171003010,0.0029450743631276688
360810938002000,0.0003190429119090598
360810518002005,0.0008599802198400793
360811617004000,0.00211440046166129
360811099003005,0.00401947184545422
360810042001000,0.000919668038415802
360810991004017,0.004747556806178009
360810565001007,0.0029450743631276688
360810945001027,0.0055796672356058195
360811479001010,0.0033908135973301327
360810480001004,0.01321668705477478
360810166001005,0.0020629024528409693
360811157001003,0.007418309495599516
360810855004000,0.0010585174999992082
360811032011004,0.00022520344432184995
360811241001005,0.002313936711873556
360810480001000,0.00023547720077985677
360810294002002,0.0029450743631276688
360810306004015,0.0007038831602850903
360810180001004,0.002708820950615936
360810180001000,0.0029450743631276688
360810102001009,0.0008628502658757892
360810654012003,0.0028598123433437065
360810792002002,0.00015677454562469992
360810919002010,0.0035569937544171933
360810792002001,1.3298346216521952
360810383021004,0.0029450743631276688
360810144001000,0.0002650239360589694
360810504001008,0.0016600186874056982
360810934011006,0.0028005380231130358
360810667011006,0.0029450743631276688
360810884001015,0.0024746083577510927
360810199021019,0.00036584681759783017
360811367001003,0.006459384052183829
360810079001002,0.00136879943691906
360810047001002,0.0009147409427023072
360810749002017,0.0029450743631276688
360810496002002,0.0002556991642002044
360810309041014,0.000818005485832653
360810717014001,0.00015001920171062836
360810595021003,0.003537578664287382
360810745002006,0.00012657300706967814
360810621002004,0.0029450743631276688
360810171011000,0.0023745973283383257
360811139003007,0.002480929477921234
360810204001012,0.00010792134054852468
360810846021004,0.004482925508709087
360811399001005,0.01706010646752577
360811621004007,0.0013104032509821302
360811341003011,0.0016444648797145837
360811417002003,0.004059688954559389
360810697024001,0.013505351616507124
360810459001003,0.24482278693276072
360811385021017,0.0029450743631276688
360810864002003,0.0070068490226129
360810096002004,0.0018646743803775222
360810110002002,0.0011464751839739289
360810285001001,0.00025553311865994445
360810934023007,0.007682143585443832
360811059001000,0.0013086188688194043
360810719001000,0.0029450743631276688
360810680001006,0.0029450743631276688
360810517001007,0.0029450743631276688
360811291023000,0.002216182753820088
360811277004008,0.0036289660233483167
360810476001010,0.0014317811773398108
360810792001010,0.0029450743631276688
360810294005008,0.005064207553651392
360810270001004,0.018276576969059113
360811409022003,0.0025669340500466997
360811409022017,0.004730637531714712
360810054002006,0.014546943701983275
360810183002001,0.0008149141618412034
360811467003007,0.0008904870278753432
360811579022000,0.005553588725121705
360810606002000,0.0031401822116606196
360810929005000,0.0006995547454193616
360810939002007,0.0013326255878925726
360810476001004,0.002142131180202831
360810010002002,0.0024871841449594285
360810187001007,0.004238461661325623
360811129001000,0.000568433184151569
360810219001002,0.0032532196707200475
360810022001002,0.001971344641161213
360810749002001,0.0029450743631276688
360810973003007,0.00338159746671786
360810556002000,0.006142195710275797
360810954002005,0.0029450743631276688
360810972062006,0.0009634623263761601
360810542003006,0.0013007069893144125
360810478011000,0.18289631882762758
360810208002000,0.002660205444728264
360810562001005,0.01239753317001848
360810626003006,0.004273596284414113
360810664032007,0.0029450743631276688
360810528001012,0.0004795338891930907
360811579024009,0.00264773775738696
360810085002002,0.0029450743631276688
360810400002003,0.0013905943670819338
360810532001002,0.0033140576501550995
360811147001000,0.0009839533168121523
360811163021002,0.0003095672924521292
360810799002008,0.00013206579580068368
360810918001012,0.0029450743631276688
360810871002005,0.02062715923080791
360810884004008,0.002726378274536763
360811579031010,0.0029192795737724834
360810185012002,0.005038308536891077
360810535011007,0.0033961696854672837
360810159004001,0.004633704590982241
360810079002001,0.0006503596260704395
360811277001015,0.0029450743631276688
360810889032004,0.0029450743631276688
360810383011001,0.0029450743631276688
360810329003003,0.0014075851817165238
360811429001005,0.005231894807232869
360811451022004,0.013366287814959698
360810997013002,0.001402472205240826
360810934023014,0.0022766086442821388
360810938001002,0.00010437655427161509
360810942012004,0.021793271457919497
360810309033002,0.0012686226585301432
360810987002002,0.0026816077742527022
360810694002008,0.005543398259696429
360810334011005,0.007354817601907354
360810580002012,0.0029450743631276688
360810637003003,0.011735178868255045
360810270001005,0.0007103416786013792
360811579033010,0.0022281503608788623
360810568003002,0.003897818866010924
360810042001009,0.003063457633857117
360810779025002,0.005543398259696429
360810667012004,0.014557248358403939
360810383011020,0.007716586700108284
360810884003009,0.0038506958019832306
360810790002006,0.0005364796595839569
360810411002004,0.004815593936634557
360810942022004,0.0025951348019828424
360810330003007,0.011692785312198624
360810489001018,0.0029450743631276688
360810508002000,0.0023504810971286035
360810243001005,0.0029450743631276688
360810057001001,0.0004802782756469735
360810613011003,0.001122510085725885
360810353001000,0.02772014660979634
360810288021006,0.011359819065823742
360810884002009,0.019359906878275494
360811479002003,0.0029450743631276688
360811159003001,0.007932166562344916
360810999001006,0.0029450743631276688
360811029001004,0.0168668333210449
360810599002001,0.0048298240693512235
360810593002006,0.0008348938761628447
360810577002006,0.0015207135907159565
360810991004025,0.0029450743631276688
360810507001009,0.0029450743631276688
360810779042006,0.001221452619203363
360810884006011,0.0029450743631276688
360810102001005,0.004259149788527508
360810102002004,0.0005702859843986539
360810460002004,0.00020038880280107724
360810219001011,0.0010030854485162633
360810246001008,0.004238461661325623
360811621005003,0.0011740238011334698
360811459002003,0.000762483479616745
360810603001005,0.0015916163361969153
360810026001000,0.0014047947274357115
360810328001001,0.0029450743631276688
360810721001000,0.0007258402085822918
360810329003004,0.0029450743631276688
360810837003002,0.001461354168509624
360810657031000,0.008077506203562781
360811507011015,0.0012027893653455738
360810929002012,0.0029327349600000606
360810294003000,0.004897188604529977
360810472002004,0.004949863365761261
360810440001007,0.00012522938966191317
360811283001019,0.0029450743631276688
360810610001008,0.0010404730742854516
360810238004001,0.0029450743631276688
360810115001005,0.0006866550012501809
360810006003009,0.002084658947012177
360810284002007,0.0021492968841126036
360810437022001,0.008713786891872381
360810855002000,0.0006305923130761821
360811479001002,0.0029450743631276688
360810590001004,0.0029450743631276688
360811241001000,0.0029450743631276688
360810330002000,0.005794522510857075
360811617001011,0.008350899450054442
360811579032009,0.0029450743631276688
360810520001011,0.0004617204478098039
360810077001005,0.0001411684267198461
360810713031003,0.0002766736796085342
360810717013001,0.0014867667565547458
360810158013003,0.009895829325037402
360811157003001,0.023772574894015488
360810693002001,0.024213124515941115
360810616013006,0.0009094405808327647
360810443022004,0.0029450743631276688
360810096002000,0.0023066703894603514
360810306001007,0.0029450743631276688
360810680004002,0.0029450743631276688
360810522001010,0.039275942266462825
360811093003008,0.0029450743631276688
360811175004009,0.006683888987172085
360810731001004,0.0009090915772651557
360810697022004,0.0010603877460054387
360810531001002,0.15834003576834113
360811441004003,0.001588962346362249
360810376004001,0.00014718824258136095
360810440003010,0.005255584693004472
360810846011004,0.0004329131065260336
360810838001001,0.002252662220539675
360811010031000,0.017557137971475213
360810998021005,0.00078007162486321
360811099001004,0.007050176564189136
360810773002000,0.0029450743631276688
360810577003002,0.00011281886366732242
360811507012020,0.0029450743631276688
360810747001004,0.0016914881641156884
360810179011001,0.0029450743631276688
360810792002008,0.007136046843873084
360810484001007,0.003600866473881158
360810088001011,0.005711058223194576
360810294006010,0.0031042111760494337
360810991004016,0.0009427316767661748
360810007023002,0.007098344545368079
360811010042004,0.0023657695325718974
360810916036002,0.0029450743631276688
360810032001015,0.0012403541057079293
360810592001006,0.000259314811262331
360811617001005,0.0003343017901125396
360811123002004,0.0012792153839688931
360810026002000,0.020448380290193535
360811341003008,0.0045203611831831705
360811339001006,0.07615579294229785
360810845003006,0.0029450743631276688
360810638005009,0.002690736150353079
360810664012004,0.0006682491345382186
360810650001006,0.0009294848320562858
360810444001005,0.0024064036507725987
360810954003015,0.0029450743631276688
360810664011005,0.003082026069157058
360811291023001,0.0037692699068203462
360811291022007,0.007125485981065369
360811333002007,0.0002496089644449213
360810512001005,0.0010450218364568924
360811032022010,0.0065771571547487105
360810916034012,0.0013027849839239872
360810922002006,0.00023236447860231575
360811333002001,0.06578767874711383
360811241002003,0.007959963566569708
360810262001003,0.000989743960241051
360810622001009,0.0013453554403974415
360810232003008,0.004863032631391714
360811483004003,0.003281192511542381
360811167001005,0.45612708835988647
360810656001006,0.0029450743631276688
360811141002003,0.0006550472402134218
360810115002000,0.00016364854164761355
360811257003004,0.019172062707847142
360810317005016,0.0029450743631276688
360810150002004,0.00027512064561189826
360810158023000,0.0020207900907820054
360810654011006,0.015604077706863626
360810229001005,0.0004308412561905715
360810123011007,0.0029067447197110214
360811029001000,0.002690620229046042
360811039002010,0.006561744221231661
360810309052006,0.003408372965740086
360810964001012,0.003250586817240978
360810556002004,0.002369366608181803
360810659002006,0.0029450743631276688
360810981001005,0.0029439441722375016
360810603001000,0.0003281595257427437
360810595022008,0.02505556774081368
360811008042003,0.00024032725285205576
360810616021008,0.0029450743631276688
360810552001001,0.011487440260667767
360810317005013,0.0008079431174676703
360810230001002,0.0009301317347348027
360810489001027,0.0029450743631276688
360810455001000,0.010037909562512727
360810361002004,0.0009629198993552095
360810892018000,0.0029450743631276688
360810997051013,0.0016136999285698945
360810938003003,0.07776255083985972
360810922002003,0.0006129530328005506
360810657033000,0.00018922510014675615
360810007011004,0.0002869229643734122
360810916035010,0.002817740635647609
360810174002004,0.0009361641978419888
360810484004005,0.00024161263161831897
360810561001011,0.0029450743631276688
360810040011002,0.007094597929333584
360810040011001,0.007745958610847979
360810779022005,0.004745755039759277
360810779022007,0.002029161907667306
360810779032000,0.0034769871755652867
360811507022013,0.012249740368132629
360811139002007,0.001790887810362546
360810809007005,0.004839234370611997
360811339001009,0.0018141725942304027
360810925003009,0.0013027849839239872
360810206001005,0.00013559698839346886
360810717021000,0.0031208388044808412
360810057001002,0.004507243265322409
360810629001000,0.0038204079660763665
360810255001009,0.0029450743631276688
360810916036022,0.0031214125942877246
360810939003009,0.004825727750235783
360810892014013,0.003237488788304013
360810483021009,0.0002063637173253066
360810892012007,0.0011938230008645375
360810749002005,0.00929159920352032
360810654012006,0.0025018140911604483
360810123011010,0.00361207230811834
360810031002007,0.011377808781868278
360810069002000,0.005274740327386182
360810545001002,0.004719974044738533
360810929002008,0.010451852097727104
360810012003001,0.011778926817049095
360810220013008,0.0001990196268528535
360810258001007,0.03681210118887491
360810568002016,0.0029450743631276688
360810596002003,0.00039605843596196365
360811181002005,0.005874853108670497
360811483002011,0.002242220392891754
360810400001002,0.0029450743631276688
360810525002003,0.021364987350016976
360810287001001,0.0016565879605142625
360810329001002,0.00048217552819058307
360810837002003,0.010271422381988063
360810845003002,0.0005608753995151544
360810081001003,0.001570843835656535
360810659001004,0.0029450743631276688
360810884008007,0.001925105573050523
360811507022006,0.012492548633049968
360810357003005,0.01405289846514488
360810095002010,0.0029450743631276688
360811301004003,0.0002697098347935004
360810476001007,0.014282231614209438
360810042003000,0.0025780575419342916
360810044012001,0.007578568413525124
360811189001002,0.0013064157097768612
360810358002014,0.00128033242537754
360811047003004,0.006521237664615635
360811241002008,0.0065771571547487105
360811567001005,0.0031235708319970446
360810547001004,0.0014899080483851788
360810991003010,0.0029450743631276688
360810837003007,0.0029450743631276688
360810542004007,0.000343773400651508
360810954003024,0.007731794141288304
360810168002006,0.00016845179760987224
360810045001003,0.005495230736787105
360810803021007,0.0016902203579147721
360811017003007,0.00016205810415916895
360810116001005,0.0016942901360108705
360810373001005,0.0021865180016795997
360810368001004,0.003320878002987313
360810019031028,0.0013910094188019574
360810496002001,0.00024404105560506517
360810506002007,0.004581587907960427
360811333004002,0.003605415855026891
360810972041001,0.0030185725121286535
360810998011001,0.002234524518148555
360810567003001,0.008354039221765966
360810945001028,0.0009622060026485914
360810664011012,0.0014167549533861254
360810172001007,0.0003577470360006494
360811157001012,0.00032639435352754993
360810972071001,0.0029450743631276688
360811267001009,0.001954514127718981
360810482001009,0.0006080926268810242
360811403002002,0.0006912051868682078
360811403001008,0.0029450743631276688
360811399002009,0.009316002043633701
360811403002008,0.007016187242695609
360810320002013,0.0017933755403380586
360810352002012,0.0015698768042146432
360810180001003,0.0012827516016141504
360810664021006,0.01723166746056543
360810295001001,0.0016074885772835543
360810492021008,0.0016844372555595197
360810117003003,0.0029450743631276688
360811059002004,0.0029450743631276688
360811059003002,0.000376951339332914
360810987001007,0.0029450743631276688
360810448001002,0.006948645120478794
360810031002009,0.008481023241072751
360810645002002,0.004636069047474492
360810723003007,0.01460519929290538
360810504002001,0.005748514387859074
360811347022005,0.009199479776036329
360811417002011,0.0018516741854668819
360811257002001,0.0025745072696828045
360810840004001,0.0011115210108216728
360810104001000,0.004027604173038913
360810220024003,0.0014110781080735025
360810547003001,0.0006864992967542278
360810682002008,0.0005756569259331038
360810199012014,0.0029450743631276688
360810583002001,0.00013704167982069146
360810687003012,0.015201887652656216
360810916036003,0.0029450743631276688
360810398001002,0.0003089098936332214
360810130002004,0.010972053100223783
360810371001007,0.0019229194003186234
360810803013002,0.03972056998305839
360810051001000,0.004812391040743672
360811571012001,0.0033908135973301327
360810371001004,0.00020584642855502467
360810892012020,0.002368582712461068
360811291021008,0.011559518295335795
360810007012001,0.002605980706619234
360810306001015,0.03482419482811972
360810919002006,0.0002513789414531391
360810320002020,0.0017853518891142053
360810062023005,0.006917217385811358
360810446021001,0.00011605078889291114
360810182001006,0.020197903409642632
360810542003001,0.0020434252245374387
360810142022005,0.00017922553468232113
360810123013008,0.0057237235516294505
360810132002000,0.005494111555977338
360810540002007,0.0006343777831372397
360810502021006,0.0007201269267233601
360811333002003,0.0022589646348357677
360810622001012,0.0007814678853558223
360810032001006,0.0029450743631276688
360810489001009,0.0008497274832854768
360810254011003,0.0126246368619018
360810818001003,0.0017505058059323066
360810779062007,0.0020455760896675762
360810945002022,0.0007442502773454821
360810612002002,0.0015434743243760733
360811483002008,0.0029450743631276688
360811039004011,0.0029450743631276688
360810934011010,0.0024918734132888293
360810245004000,0.015541541231009115
360810404003001,0.0019391238642288541
360811175003006,0.010640721448287992
360810317004008,0.0029450743631276688
360810638003006,0.004966436365129377
360810366002001,0.003554066255402929
360810749001000,0.06040897912631359
360811507013002,0.0016201665108122284
360810973002001,0.0006055325221300201
360810981002002,0.0006433574881564469
360811039001006,0.0003919826562905522
360810916035019,0.0029450743631276688
360810916036023,0.0005209427794703776
360811097001002,0.0029450743631276688
360810142011005,0.025511544000314617
360810204001014,0.010452240222173496
360810677001003,0.005359682207998364
360810614001005,0.004308550653757293
360810383021085,0.0004979552704379972
360810180001007,0.0035710922656275925
360810884003008,0.0012148400672360757
360811571015010,0.0009685545178627291
360811529022011,0.0042882831769813275
360811551011001,0.0009905854995177757
360810192001007,0.0029450743631276688
360810626003000,0.003974567787151459
360810254011005,0.008073398998794843
360810716001019,0.0029450743631276688
360810320001027,0.0029450743631276688
360810253022001,0.0002014055382028298
360810383021049,0.013733809005051386
360810140001003,0.0009283520675516723
360810437012005,0.008052108735099695
360811277002002,0.0004780105528079464
360810169003000,0.004183771580077922
360810625001000,0.006153317384360658
360810625002002,0.0009410315609502284
360810679003004,0.00930976883608382
360810032001011,0.011990856586825322
360810565001002,0.00016829253278181677
360810837005004,0.002803882674839023
360810134004001,0.00022482363820803582
360810964002017,0.002405714967901785
360810245004002,0.029674118525057296
360810997012008,0.006896357340255373
360811385012000,0.0005245541933690162
360810020001008,0.0007283045704771557
360810383011023,0.0025053017383144974
360811008031009,0.0718572676789801
360811032021010,0.0045088681038702345
360810884001019,0.005147096030494419
360810371001002,0.11766683454416782
360810220021007,0.003175779519738991
360810511001010,0.004114304806644629
360810480001003,0.0029450743631276688
360811291042002,0.00040687465138339513
360810671001005,0.0016815195194549485
360810619002002,0.01045842497442971
360810629001005,0.0018616864007126278
360810695002003,0.005352411991527023
360811529023007,0.004449896327123714
360810357002003,0.0002262028577648214
360810018001001,0.05271137521725994
360810352002010,0.0020073974352005173
360810997033001,0.0029450743631276688
360810713061001,0.0033229104043222216
360810677001004,0.0055745589780590125
360810680001014,0.00038553354759681075
360810172001005,0.0007501973738920796
360811167001010,0.0023383539121087107
360811367003006,0.00018174943103440404
360810155001001,0.020428392083902278
360810147002000,0.0010707541128112436
360810161002002,0.0037645473631983946
360810485002002,0.0009248628083247441
360810499002000,0.0005307724620723907
360810729001002,0.013256914199387456
360810179021030,0.0015586531570891634
360810907001027,0.0029450743631276688
360810102002000,0.00014603039362174204
360810458001007,0.0035940919437141327
360810383011014,0.003360983364646561
360810443021002,0.005751838132296797
360810443011004,0.003488421020610649
360810600001009,0.005266575959018799
360810657032002,0.0005411549978624561
360811483002009,0.0005196469066849391
360810182002002,0.0002959266020078845
360810840005005,0.0029450743631276688
360810001041003,0.0001279862423428283
360810799001006,0.0005778032058990617
360810671001003,0.004730637531714712
360810383021029,0.004730637531714712
360810478012000,0.000857786837492923
360810608001007,0.006571622303404615
360810190001000,0.0024781463205804143
360810186001000,0.00020408942561876602
360810916035003,0.0002860280294092785
360810580001008,0.0014763863505441058
360810884006003,0.0015038718693202015
360810440001009,0.002912474427626068
360810383021046,0.0024168227906337923
360810638004010,0.004306191797381926
360811507012005,0.007106170260222517
360811579032008,0.004730637531714712
360810091002003,0.0021121008993065984
360811429002010,0.0029450743631276688
360811571014002,0.010230332019935803
360810703002005,0.0012707453762243468
360811133002005,0.0011251098423209632
360811171003002,0.012583429866466203
360810645002009,0.0029450743631276688
360810190001004,0.0004505388036005322
360810513001004,0.003397965837972339
360810690001011,0.0054328301216622086
360811385021005,0.0029450743631276688
360810327002001,0.01055623927165196
360810357001003,0.0020435858594844247
360811193001000,0.0020136126512046377
360810703001005,0.001270791377707892
360810309032004,0.0019837228252873873
360810517001009,0.0014497803308255054
360810506001002,0.000598121866551328
360810939001000,0.0013372133565096574
360811367003011,0.003420341955937587
360810516002005,0.0330585296037218
360810264002000,0.0018505298208411484
360811579021007,0.0005673564917963713
360811099001008,0.0036649243454421844
360810019031027,0.0029450743631276688
360810567003003,0.0018374541655582464
360810297001014,0.006830665223638413
360811301002003,0.0005553821269747539
360810889031003,0.0029450743631276688
360810964002020,0.0011606274037120963
360810468002003,0.00065693249698689
360810511001011,0.003557354500643791
360810007012004,0.00856962362760816
360811451021010,0.005440171488844641
360810194001010,0.0028921688259406424
360810176002003,0.0009933763480148277
360810178002005,0.0031116326174037948
360810531001008,0.005293598389620172
360810471001004,0.0005987317120062331
360810997012003,0.0004429443877747071
360810992002016,0.0013559818548462283
360810437023000,0.0006485886104751672
360810320004003,0.00021453168225306495
360810376002001,0.017578071014242132
360810580001001,0.0029450743631276688
360810440003001,0.19174300113164605
360811301003002,0.005672183937102045
360811141001013,0.00011275181481479606
360810981001008,0.0029450743631276688
360810616022000,0.0029450743631276688
360811017001007,0.0006450655410770003
360811247001008,0.001921172514937778
360811333004008,0.028077140871161806
360810019031031,0.005000509323761877
360810560002002,0.006617633731530118
360810542003000,0.010085343902921604
360811617002008,0.0037142500515876396
360810028001007,0.0012672511550350786
360811189001005,0.0007506062210073078
360810457001005,0.011627497202536167
360810884005002,0.002660205444728264
360810846021008,0.0008711338806808991
360810799002007,0.0029450743631276688
360810073003003,0.0012086925927167482
360810513001000,0.001234496075375508
360810892018005,0.0014565097057076463
360810997043001,0.00017802560992428954
360810687002000,0.04358505620651145
360811291044004,0.030878403618581393
360811291022009,0.03164848582998596
360810095002011,0.00235404256572763
360810260001002,0.002875109568638029
360811008041012,0.0007717570752975878
360811032013000,0.005520577158818597
360811447002005,0.0009542858731707926
360810660002009,0.0011903597848118028
360811385014013,0.0021342650451273188
360810997051016,0.002744292068672367
360810183005003,0.002368582712461068
360810367002003,0.021912587234977556
360811579025008,0.00597752827712578
360810637003006,0.005775749988058122
360810803022006,0.0026918898613010086
360811039004004,0.0007380350780309276
360810939001006,0.001704969183860946
360811247003007,0.0029450743631276688
360810351002002,0.017178423720169315
360810251002002,0.0005577919266417793
360810154002001,0.0011757611034866817
360810156001003,0.00014714626624296202
360810973002007,0.0029450743631276688
360810947002002,0.006379298660322319
360811459001001,0.0029450743631276688
360810585003001,0.00011641125275002881
360811399001007,0.008438066490297871
360811403001010,0.003974567787151459
360810110002004,0.0029450743631276688
360810682002005,0.0007212770961152609
360810071001001,0.005056091528635019
360810818001004,0.0012171228577322675
360810331001000,0.0030338388584433096
360810202001001,0.010022831482787495
360810253013000,0.00970186580170059
360810309041003,0.0034419063958084205
360810297002005,0.0001171919410554106
360810997042000,0.0009760815711534021
360811017003011,0.0070168705525986376
360810135001001,0.0029450743631276688
360810532002003,0.0029450743631276688
360810779033006,0.0007628207772751666
360810559001009,0.0029450743631276688
360810991005005,0.0013131339526193618
360811277002007,0.003557354500643791
360810680001015,0.003535841494369893
360810664021003,0.0029450743631276688
360810612002008,0.002330202357898859
360810626003008,0.0020968858837799183
360810229001008,0.0029450743631276688
360811010043003,0.02778158387109842
360811463001005,0.008469958797826966
360810052002000,0.0002066190644903247
360810007023007,0.0035276909323486674
360811017001000,0.00385634052421364
360810853002001,0.0013676541392411527
360810918001005,0.0029450743631276688
360811579033011,0.008523244624341786
360810697022003,0.0030700441185768715
360810697021004,0.0027679864580228584
360810627001006,0.014723740603839627
360810600001001,0.000298827936106642
360810052001001,0.004294201022111759
360810259001008,0.035399336257463464
360810098002000,0.003996219304587485
360810199022012,0.0029450743631276688
360810204001006,0.04313372885342701
360810580003003,0.006733062152532709
360810769011000,0.00011551806749500598
360810054003008,0.0016740114905092144
360811429004008,0.0019369951408895808
360811417002013,0.0030594593179930534
360810121001001,0.00010143840400426461
360810603001006,0.0015166121767511145
360810997031005,0.0006667060173095299
360811471001016,0.007997062862753769
360810589002000,0.001981506608398302
360811301004002,0.00030752148960850684
360810337001005,0.0042882831769813275
360810291004004,0.0029832959918869332
360810306004000,0.0025053017383144974
360811291024000,0.0029450743631276688
360810002002003,0.0036451781821766104
360811072011017,0.0032071068840566555
360811529021002,0.009051546791891059
360811139001004,0.06607518452406119
360811257001006,0.00028733254047353307
360810130001000,0.0023041339173206065
360810083001003,0.0003258077411370184
360810376004000,0.0017505058059323066
360810803013010,0.005045785976336141
360811203001001,0.003605415855026891
360810892018003,0.0029450743631276688
360810557001002,0.0003188047985012413
360810123012010,0.02871775097907501
360810069002001,0.0029777301049705228
360810507001008,0.003141967601147835
360810499002003,0.15596300843608116
360810929005002,0.0013311118762037637
360810216011004,0.0029450743631276688
360811033001003,0.008059944937324304
360811409022005,0.002162965906949358
360810520001001,0.00022136363099155233
360811367006003,0.0035091305468781067
360810779051010,0.02751340257894067
360811579013006,0.0029450743631276688
360810208001010,0.014663679575548079
360810562001000,0.002857470351887376
360810187001003,0.005495230736787105
360811429001000,0.010259680443240247
360810814001011,0.002807866211344199
360810424001003,0.002223190436548959
360810126012001,0.0011299483287952187
360810554002004,0.0025001224577486224
360810470002001,0.0005991528798360952
360810294002000,0.09729769158594875
360810492012002,0.0017265350290568795
360810493021000,0.002581441008853269
360810034001010,0.009050467787426325
360810043002005,0.0026267161643430893
360810723001002,0.004095762797139126
360810062011005,0.025686254170657737
360810062026001,0.007862856179884338
360810502021007,0.006671873853798408
360810476001009,0.001118941222001136
360811571021007,0.004322064556058752
360811579031004,0.0015797772115246648
360810254011007,0.0005699171786954405
360811167001009,0.0065438250411571815
360811227043003,0.003805032505873751
360811341003005,0.00584610482184526
360810954001003,0.004136970876447182
360810638002012,0.0004917752004857859
360810152001005,0.005277204163272837
360810158013000,0.004900299041528423
360810456001007,0.08539770826408066
360810137001019,0.003006734876140331
360811385021024,0.0029450743631276688
360811047003007,0.00029196908129391696
360810599001001,0.0009298281299938007
360810892018009,0.007992361038474683
360810892011009,0.0016710210602831016
360810276001009,0.0020113945990362122
360810376005005,0.007416520467622044
360810616013000,0.0013559818548462283
360810347001002,0.013753013265268944
360811417002000,0.001072131094655305
360810697022002,0.0029450743631276688
360810697024005,0.00995337407582299
360810635002006,0.003141967601147835
360811463001008,0.0015114587078591335
360810475002002,0.006642573204746259
360810479001004,0.0029450743631276688
360810818002002,0.016945805743069496
360810992002006,0.004141321081663266
360811133001000,0.0029450743631276688
360810749002007,0.0029450743631276688
360810136001000,0.006198292325901718
360810565001000,0.0013151190365370618
360810263002003,0.006381077358527291
360810916036006,0.0029450743631276688
360810916035027,0.0029450743631276688
360810179021001,0.002678509483281889
360811008031003,0.001319310923989623
360811008031005,0.0025962051755418214
360811571022003,0.021959181524291275
360810294004005,0.00103723779673803
360810869002007,0.0029450743631276688
360810664022000,0.0064873785475219985
360810632002002,0.002877777876462059
360810320002015,0.0029450743631276688
360810178002004,0.000618214583146818
360810484003005,0.0029450743631276688
360810199011005,0.00039406859096060643
360811032022014,0.0013559818548462283
360811447001007,0.002661315367003308
360810947001005,0.0026530202903612635
360811033003004,0.00017656090807400965
360811171001003,0.001611767299934736
360811151001006,0.005495230736787105
360811059003008,0.0029450743631276688
360810884001000,0.0029450743631276688
360811367003016,0.0023320859830397484
360810294006007,0.0017891381339178907
360811257002000,0.002042530434252571
360810138001001,0.2234082712621512
360810443012001,0.0014696358937661088
360810220014002,0.005563312828051331
360810981001009,0.010713003581259917
360810991003011,0.0029450743631276688
360810991001004,0.0012555450305108196
360810180001010,0.004350192227577891
360810100001004,0.0029450743631276688
360810288011002,0.0007648004986603166
360811467002002,0.005790957851518144
360811447002004,0.004485009154997042
360810538002003,0.002829045643778841
360811171003007,0.0038928164493170652
360811207012011,0.0030896202936754463
360811417004015,0.001345335800372378
360810058004002,0.0029450743631276688
360810840002001,0.00046011157128750377
360810174002005,0.004171570030621473
360810245002004,0.004308550653757293
360810243004006,0.0012026214670088152
360810907001011,0.0036753257584411438
360810383021028,0.0029450743631276688
360810660001009,0.0002072479536442367
360811507024005,0.0029450743631276688
360811479001013,0.0004611613127735053
360810189003001,0.05476366429554769
360810383021086,0.0029450743631276688
360810964002019,0.0028256031581643695
360811291022004,0.0014891118857434825
360810632002009,0.00025613441952288863
360810294006001,0.0013850098143136011
360810156001004,0.014682806359410059
360811621005004,0.036062118671812846
360810925002007,0.009821037790053028
360810934011002,0.0029879334593924237
360811507023012,0.0029450743631276688
360810916035023,0.0029450743631276688
360810757022012,0.06495576600655503
360811333002000,0.0023680429311891014
360810161001000,0.006852609916758244
360810361002001,0.0035023206954940644
360810245001002,0.0029450743631276688
360810086002010,0.0014070734038214483
360810892012000,0.0008347472597801003
360810376002008,0.0013190928794369592
360811571018003,0.005344433351080491
360810663021000,0.003101425027731354
360810916034030,0.0029450743631276688
360810981002005,0.002822034054922558
360810150002005,0.010476507185728219
360810154001003,0.0045305858093686565
360810556001001,0.0013592451978163686
360810638002006,0.0019486709787563336
360810368002006,0.0010034858856677307
360810757022001,0.0044483665093426805
360810749001003,0.0029450743631276688
360810483011004,0.010742114864035267
360810928003011,0.00533176992192257
360810622001003,0.0033454118047730953
360810205002001,0.0027718462230125114
360810383021084,0.0045937757616676496
360811617001001,0.0029450743631276688
360810769012001,0.0005321705063981133
360810803021015,0.0010390314378288324
360810554002002,0.0034239850894476256
360810992002024,0.0029450743631276688
360810330003002,0.0003566118432973914
360810306005012,0.007712470191397165
360810198003001,0.0005520514222822477
360811147001005,0.0007930835878035115
360810973001012,0.0005891921216176356
360810973003000,0.0009403770246725057
360810981001011,0.006903386731625381
360810552001020,0.0002600386721993204
360811241001020,0.0029450743631276688
360811571018013,0.005659499913088335
360810557002005,0.0002511160475655
360810134003003,0.2906035902902789
360810560001004,0.0029450743631276688
360811463001002,0.0034870256519647404
360811159001001,0.005002150266575592
360810309041008,0.0029450743631276688
360810991005016,0.005837690999098091
360811039003003,0.0029450743631276688
360810590001005,0.0028084997043138233
360810019031038,0.0023680429311891014
360810007011001,0.0029450743631276688
360810246001006,0.006039527606187388
360810580004000,0.0006800822461746692
360810639002007,0.001843438177887582
360810014001004,0.014233543726202613
360810779023001,0.0005393254042358955
360811507022014,0.002395803436846114
360810309061001,0.09799661956414414
360810495001013,0.0029450743631276688
360810599002000,0.00012615065744536202
360810788001000,0.0024939175232865473
360810384002007,0.00023459057821859458
360810997011004,0.0029450743631276688
360811257002005,0.009723791717182127
360811339001002,0.017505904896143162
360810496003000,0.018507799588546033
360810954003002,0.0008341860856179558
360811385014010,0.00022557614838436462
360811291024003,0.003724933260253405
360810619001004,0.0029450743631276688
360810663011006,0.000494434115559128
360810621001004,0.0038507546498715234
360810383011026,0.0029450743631276688
360810929002001,0.0016225770971203494
360811171001001,0.007314263965663293
360810309041004,0.0029450743631276688
360810111002004,0.0010550203170811684
360810101002000,0.0001860530761933847
360810238002001,0.001455482297397696
360811227025006,0.010877149566517785
360810499001001,0.0029450743631276688
360810062023001,0.0008305061531802741
360810589003001,0.020027550173955907
360811301001010,0.0034137479138699016
360810460001004,0.00024859410342574625
360810656003004,0.0502343329007519
360810687003004,0.0017470673958526186
360810512001009,0.006954501181308467
360810475002003,0.00040867957939896783
360810185012000,0.00013999069331215055
360810590001010,0.0027732284428118614
360810721002001,0.34304613604079015
360810916021002,0.0029450743631276688
360810306001029,0.001156266440387949
360811551032005,0.002457888401994049
360811207011010,0.0029450743631276688
360810659002007,0.005127604550085361
360810679003006,0.00633558895177195
360810317004006,0.03048541870104116
360810054003003,0.0006619688750464462
360811093001001,0.00036670625896027185
360810884001018,0.005728291715935882
360810554002003,0.009594641379943756
360810383021066,0.0029450743631276688
360810608001006,0.0017171555673896812
360810610001006,0.0019454324673691204
360810270001015,0.002499443848987746
360810309041006,0.005684923320839701
360810033022012,0.003019971292187737
360811507013010,0.0013027849839239872
360811507012006,0.005344433351080491
360810088002009,0.0029450743631276688
360810184011003,0.00032917906261101937
360810320002011,0.0003524190717302126
360810126011002,0.0026639700319853587
360810126011004,0.002823702393794623
360810929003001,0.0005185102811559191
360810577001003,0.0015434743243760733
360810703002002,0.00010923287628490362
360810667011013,0.0029450743631276688
360810266001001,0.005085466692663295
360810351003001,0.001843438177887582
360811139003006,0.003224965214901126
360810309042005,0.0001725005839838152
360810264002007,0.003223343964100926
360811579023000,0.006231492935513
360811093001007,0.0014702684180926504
360810991003007,0.0013741041452108348
360810925002001,0.008504395536448462
360811409011009,0.001975241802490653
360811441004004,0.00731347625446472
360810330001008,0.001302593020550965
360810320001012,0.0016859721067380416
360810383021059,0.0029450743631276688
360811175003000,0.0019856899060335977
360811291041003,0.00030736302778774824
360811010021009,0.0029450743631276688
360810998021003,0.0028921688259406424
360810497001002,0.0016309451849612848
360810664022003,0.003141967601147835
360810143002002,0.00103723779673803
360810669002004,0.0029450743631276688
360810088001008,0.0855930502311828
360810641021011,0.002792064724035327
360811399001006,0.006950029710140169
360811072011014,0.0035425960010259023
360810942023001,0.007338966779522034
360810294004009,0.0026816077742527022
360810358002008,0.004790962920507646
360810803011000,0.00043676141814646415
360811483003013,0.0029450743631276688
360810038001008,0.008010682368127343
360810677002004,0.0007551345810147904
360810284002003,0.0001429100213747863
360810814003005,0.003046915003002993
360811207012010,0.003360983364646561
360810555001001,0.0029450743631276688
360810461001001,0.0007421957729238785
360810457001000,0.00017238202905232064
360810716001030,0.0029450743631276688
360810148001005,0.009281768712210791
360810014003002,0.0014045853716935328
360810363002003,0.0014155757477841095
360810614001016,0.0029450743631276688
360810206001004,0.0014869158145339994
360810452001005,0.004700449778552497
360810792002006,0.00870770975909071
360810192001001,0.002257570405296445
360811429003001,0.0003186856458873715
360810892012005,0.007146654956633144
360810892014008,0.006975760823275987
360810179021031,0.011923516335389144
360810317003002,0.001702660992108084
360810540001005,0.0029450743631276688
360810568004008,0.004548797693665984
360810916035025,0.002605980706619234
360810594001006,0.011761808682857717
360811479003003,0.005276373181684785
360810398001003,0.004428699672425606
360810058001011,0.0042882831769813275
360810697022008,0.005192170546796626
360810052001002,0.005744636131734828
360811447002002,0.0034887758314121648
360810257001008,0.0001516944389265211
360810558001005,0.000554883506460225
360810660002010,0.009035757444450444
360811551033001,0.016034574246568088
360811551041005,0.004241043502628634
360811129002010,0.0029179312125590853
360810235012000,0.0029450743631276688
360810044012009,0.0021025269892324424
360810062023004,0.0012168124635973548
360810973002005,0.04353096404170682
360810939001014,0.0015752507364580638
360810564001008,0.006727365622239284
360810130001004,0.002430154307241044
360810054004007,0.04047199408576848
360810992002002,0.0002748277405430496
360810998015007,0.0019453924794892094
360810019021002,0.0029450743631276688
360811032022013,0.00194329222954462
360810086001002,0.005339143867356514
360810749001002,0.004219904557123547
360810045001005,0.0009096420107870466
360810152002002,0.00016616393640510633
360810208001001,0.005793887047516314
360810568002009,0.0010686060860709936
360810592001010,0.0023469475964113537
360810334052008,0.004590557470841375
360811529022009,0.00029227908618681934
360811551031000,0.0029450743631276688
360810174002003,0.002708156719373593
360810297002008,0.0014580880162713915
360811141001001,0.0029450743631276688
360810947002005,0.0029450743631276688
360811032022005,0.00034331049045590564
360811047001003,0.028863913278433913
360811059001005,0.0021965776738194927
360810954002002,0.0015549657659429698
360810954001006,0.00044058755796279905
360811277002008,0.005553400236667611
360810317004003,0.00022668298920361515
360811059004008,0.0029450743631276688
360810284002000,0.002502253867516962
360810997032003,0.003652826139067213
360810205001006,0.0029450743631276688
360810044012000,0.006239021113486545
360810991003015,0.0029450743631276688
360810616012000,0.003141967601147835
360810596002000,0.0042649812145761565
360810510001001,0.0014626559287099514
360810309062002,0.002273225539777811
360810641011000,0.00028081346197207717
360811257001008,0.20175174882881905
360810779033003,0.0036422820408875583
360811008032010,0.010290296313035002
360811507021004,0.016651561870767658
360810187003000,0.0014075827976216886
360811017002006,0.00015615336236330762
360811227021002,0.0007593664058436896
360811113003002,0.0015748336159032328
360810150001002,0.003728311962751906
360810964001016,0.0039096247669614835
360810508002002,0.005044095601203353
360810053003001,0.0016223810483279118
360810775002002,0.0029450743631276688
360811507022009,0.0024167751152646593
360810599002005,0.0012215660895748448
360810493012003,0.0010066876759157618
360810357002008,0.0029450743631276688
360810664023004,0.0009951511399778385
360810103004001,0.0005813278916730813
360810565001001,0.0005877150054556279
360810577003001,0.0007097927811811794
360810456001001,0.003557354500643791
360811579025004,0.009052313173710446
360811579025003,0.008412279356998792
360810471001003,0.0003960289967353458
360810562001010,0.0029450743631276688
360810205001008,0.00431866477359615
360810889031002,0.0029450743631276688
360810475001006,0.0024919279073059276
360810437022002,0.003517091873469835
360810402001003,0.001810613270351922
360810001041021,0.0037204841799066547
360810019011001,0.02627460351642949
360810799001002,0.004908061122286979
360810659002000,0.003974567787151459
360810142022009,0.001501738121491405
360810001012002,0.0029450743631276688
360810476002000,0.013917750239130644
360810144001003,0.0001767653080498046
360810043002004,0.002696294161427377
360811157002005,0.0018543106740173275
360810779043006,0.019195867578381594
360810591002001,0.0023088840407243225
360810446011002,0.0008152983725401757
360811267001006,0.01669094514152322
360810062011009,0.0065771571547487105
360811241001017,0.0044057649349465095
360810837001011,0.0029450743631276688
360811099001009,0.0003061996099203998
360810220013000,0.0029450743631276688
360810102001008,0.0001952762623812872
360810208001004,0.0029450743631276688
360811072011024,0.0009895932225430371
360811072021008,0.0029450743631276688
360811205001005,0.0009643395637565869
360811047002005,0.002830017666486868
360810638001005,0.0029450743631276688
360810216012001,0.0010394264401263793
360810639001005,0.006770044652858517
360810001011008,0.008832032090698232
360810182001011,0.0029450743631276688
360810682001004,0.022368925187415695
360810942011008,0.0029450743631276688
360810616013007,0.0032470071543239266
360810690001000,0.0058049122445944824
360810284001003,0.0147821975221319
360810347002007,0.0035494722207140613
360810183003000,0.020922068181542575
360810709001005,0.005201826237808333
360810309041012,0.002831411158415982
360810502021000,0.0029450743631276688
360811479003000,0.0029450743631276688
360810258001010,0.003582404372187878
360810999001015,0.0029450743631276688
360811010031004,0.0005095245039251657
360810992002014,0.004730637531714712
360811097001009,0.005341168268962174
360810741001001,0.01846114299501227
360810579002002,0.0027354132605271276
360810916034029,0.00048266467078035953
360810916035024,0.0029450743631276688
360810838004000,0.0012543439437994605
360810158011003,0.07002701366506098
360810512003004,0.0012236797873625316
360810328002000,0.007087800386704529
360810535011000,0.00045164369188090717
360810492011000,0.0029450743631276688
360810125001005,0.0029450743631276688
360810151002001,0.006662231043449114
360810508002001,0.0009126423827728204
360811571022008,0.0415284204598309
360811451021012,0.00414001001672592
360810683002001,0.0005641245928632042
360810306004012,0.0002555848770137732
360810199012004,0.002829045643778841
360810137001027,0.0065771571547487105
360811175003003,0.0029450743631276688
360810697023001,0.0016640429193241822
360810665011002,0.004526260358891965
360810665013001,0.0024413645774756733
360810671001002,0.0014878943128253587
360811171001007,0.04818786122493759
360811189001004,0.004221345540000526
360811241001009,0.0030463974332698225
360811157002008,0.004716544267646984
360810645002007,0.001130170409155529
360810721005000,0.0011418243392079905
360811617003008,0.0001897890813859202
360810687003001,0.0029450743631276688
360810384002008,0.0012156576069671091
360810884001011,0.0029450743631276688
360810255001015,0.07434438582439451
360811347022003,0.002851662789452576
360811429004001,0.0029450743631276688
360811441004007,0.00027487936781112206
360810434001015,0.002578967690913672
360810328001007,0.001058724886280114
360810526002003,0.005887401034596322
360811617001004,0.003233291248484013
360810554002007,0.0025053017383144974
360810693002003,0.0010411065631874502
360810697012001,0.0011213472687560718
360810398001001,0.0012479465069145858
360810204002006,0.01031084786647498
360810098002004,0.0029450743631276688
360811039003001,0.0029450743631276688
360810235011003,0.003386790784794348
360811205002001,0.002116900505468541
360811201001004,0.0009490889416853446
360810884008006,0.0025922924797631844
360810612002004,0.002179907251856469
360810928003003,0.0042112481357176
360810964001019,0.01968133964834145
360810454002006,0.0006181656321373167
360810814001010,0.002430873792769301
360810892018014,0.0029450743631276688
360810892014004,0.004308550653757293
360811621003000,0.00443961385339877
360810538002000,0.0007488260676993661
360810997032000,0.0029450743631276688
360810511001009,0.0029450743631276688
360810366002003,0.0019806454237887364
360810723003000,0.0029450743631276688
360810373002003,0.0006345785643919858
360811223001002,0.026581125336681652
360810214003012,0.004337024143199929
360810646001008,0.0007301841427520989
360810014001005,0.0006683986333563779
360810063003000,0.02035603644787923
360810205001022,0.0015207135907159565
360810253022003,0.0011063379370180946
360810028001003,0.0020820866981702863
360810251003003,0.00013702970928948106
360810954002000,0.00061019664204469
360810334011006,0.0029450743631276688
360810723003008,0.0029450743631276688
360810033011003,0.09198539044046196
360810518001004,0.004125255885370119
360810358001000,0.0008895838089533521
360810596001003,0.002332967893778724
360810376002004,0.0008414715432374144
360810007022003,0.025638991099265616
360810703002006,0.00301646672077094
360811571016001,0.006084618059152688
360811205001003,0.00047255823644016376
360810251001000,0.03587840666543403
360810257001001,0.0002169088251200745
360810799002004,0.00095959395367122
360810884005004,0.0019447954630121456
360810507002007,0.0002524428060296075
360810540001001,0.00011200598292427467
360810869002006,0.0029450743631276688
360810907001005,0.0016813672037429737
360810212001009,0.003014415279209848
360810792002003,0.014223141285716825
360810424002008,0.012923879747187983
360811451022007,0.004985027267896478
360810997051015,0.0029450743631276688
360810625001001,0.005532698613467074
360810612001001,0.0013573181596232284
360810062011002,0.003169426988116056
360810182002007,0.0029450743631276688
360810656001007,0.0006232457502379422
360810198002002,0.0004247214484799206
360810220011005,0.0019262593824421047
360810779022003,0.021626200715068756
360810779022001,0.003016325980634035
360810869001004,0.12718684618247933
360810371001009,0.000166515183523716
360810383021072,0.0014105349436071524
360810599001002,0.019583405607872
360810534012001,0.0012947792438011308
360811227024002,0.0016087544068446962
360811277003010,0.0009322415064774781
360810499003009,0.00026451542473872027
360810719001002,0.0002509420822455965
360810357003009,0.0029450743631276688
360810621001005,0.05215578461349738
360810922001010,0.0028937601322725
360810593002005,0.0015126408037149717
360810837005007,0.0033287106518922367
360810749001004,0.00970186580170059
360810595012002,0.004622214817343821
360810595011001,0.000619665085303295
360810261004000,0.004845873548707701
360811367003018,0.007465440121869401
360811579014006,0.0028907481748864055
360810593001001,0.000583888226809288
360810907001028,0.005642189581086403
360810058001005,0.0032449414594248925
360810749002014,0.0029450743631276688
360811093003003,0.005552007996834146
360810086001004,0.055023329026503635
360810118002002,0.0003560310418443588
360810205001007,0.0005664911741081654
360810716001023,0.0029450743631276688
360811579033000,0.003065432915927766
360810513001005,0.0025943770238582116
360810462003001,0.06570122138020112
360811529011007,0.0024168227906337923
360810650002013,0.0029450743631276688
360811215001008,0.0003226394637813454
360810258001006,0.0010255592095582307
360811621004008,0.00022803863431944792
360810309031005,0.003238199272944605
360810741004002,0.0016360864954020342
360810358003008,0.004581587907960427
360811507012016,0.0029450743631276688
360810654012002,0.0014458141204287526
360811483002006,0.0029450743631276688
360811483001002,0.003668668648602729
360811579034004,0.0029450743631276688
360810254023002,0.0006400074026669878
360811385021022,0.034058533886941876
360811247003000,0.0027732284428118614
360810942023008,0.0027340093513342394
360810739004000,0.00023706751422502583
360810803011001,0.002583229870350785
360811617003006,0.0012910138796668775
360811029002000,0.002090845032167913
360810633011001,0.0009087303966755084
360811483004018,0.0056111027516215295
360810184022003,0.00017541383225229464
360810284001011,0.0029450743631276688
360810690002010,0.0290594377197767
360810680003012,0.0037529611691022235
360810179021005,0.0029450743631276688
360810189002004,0.01595221056645977
360810723002010,0.0018256880069148068
360811463002002,0.0034672022518828912
360810317005003,0.0003831035843510554
360810518002004,0.0029450743631276688
360811167001011,0.0007877968169864472
360810998011007,0.0004039056702138824
360810577002000,0.0005666174042969791
360810916034028,0.0029450743631276688
360811207012013,0.003017525413013946
360810472002006,0.005278732099978971
360810838003002,0.005590532647039029
360811159001004,0.0010959031931588592
360811047003000,0.00328029752342213
360810150002002,0.002369603740673176
360811617004002,0.0013027849839239872
360810444003000,0.03739689821467493
360810500002004,0.010073845041425628
360810525002007,0.01854536688445606
360810411002002,0.0029618994900014912
360810495001012,0.0030042025006985287
360810306001008,0.0005703662137294773
360811301001002,0.001639347501056394
360811621003001,0.00242366331300418
360810552002009,0.023427160386479913
360810404001002,0.0009522531164751299
360811617003007,0.007042228980795799
360810964001001,0.002599463087115684
360810510001003,0.002392709251435163
360810140002000,0.0029450743631276688
360811039003012,0.005740953306330773
360810383021001,0.0029450743631276688
360810524002005,0.0029450743631276688
360810512001002,0.004715631452320304
360811385021015,0.0029450743631276688
360810124002000,0.0015258004935786243
360810240002001,0.04465224651532455
360810086002005,0.0030177745383439085
360810606002002,0.0051385488775406805
360810180001011,0.0025018140911604483
360810814003000,0.0005880034368965457
360810528001013,0.0028937601322725
360811123002009,0.003557354500643791
360810551004002,0.09842191577218885
360810461002003,0.0003670151369017856
360810884004002,0.002077981191156868
360810086001007,0.009430543712992632
360810999001008,0.004482925508709087
360810243004010,0.003338784651072692
360811141001002,0.0027144621392598493
360811151001009,0.003617360116340517
360810187003002,0.0005587441481513693
360811507022010,0.0008972507486364064
360810361001001,0.0001342457113332591
360811483004009,0.002850199172644405
360810452001006,0.018434377473670282
360810294006006,0.00310476935338564
360810196001007,0.00012577810592581925
360810182002005,0.002575747774507565
360810515001000,0.0004177666105262037
360810206001003,0.00015945200984983205
360811010021000,0.001352283878301862
360810992002013,0.0016254156293007604
360810038002003,0.006033659053343854
360810884005009,0.0015891509688746913
360810580004006,0.0014536013486342772
360811529011013,0.0029450743631276688
360811571022000,0.0029450743631276688
360810032001013,0.00032970526390956484
360810916032011,0.0008763305105239005
360810809005003,0.0021332593364827594
360811417005009,0.009702898447337304
360810379001001,0.0001104377719712108
360810939003008,0.004381126004014299
360811471001015,0.025450423626116107
360811447001005,0.009379313648478042
360811017005012,0.00015801520693602152
360810153001004,0.0029450743631276688
360810517001001,0.0029450743631276688
360811385021002,0.0029450743631276688
360811113003011,0.0019496854664147155
360810219001022,0.0029942896893509156
360810014001000,0.008444106478319634
360810641021001,0.0029450743631276688
360810769011005,0.0029450743631276688
360810549004004,0.001001720049659028
360810513002001,0.00029159215082794147
360810187001004,0.0029450743631276688
360810719001005,0.0002408060181036419
360810592001013,0.002269571000835204
360810184011010,0.0004961315478051782
360810033011008,0.003924572001311354
360811409021011,0.001002116330363637
360810164002005,0.004884782240697132
360810152001002,0.004347670113468905
360810665011006,0.0026816077742527022
360810260002007,0.0008493249875712726
360810626001008,0.010994896860441718
360810799002001,0.0072414177177115464
360810869001019,0.001096579528182771
360810379003003,0.001278143169872869
360810717013000,0.0016408150420342774
360810055001006,0.0015233371566817611
360810507002002,0.000864899780362851
360811047003008,0.0017434395456429035
360810152001001,0.0029450743631276688
360810837001009,0.0029450743631276688
360811151001012,0.0029450743631276688
360810007012017,0.0029450743631276688
360810220011000,0.002291806972774967
360810317001001,0.001216780695929744
360810306001028,0.0029450743631276688
360810424003007,0.001960152851904993
360811133002008,0.0005206464872214367
360810007012003,0.0038622515188712074
360810061004001,0.00016735730312759126
360810633021003,0.0012653994339583002
360810439002003,0.016353822587150228
360810294004006,0.0065771571547487105
360810306002002,0.0031288412781260246
360811141001016,0.0006932063350362721
360810058001002,0.007444460875172628
360810334012014,0.06052039763184767
360810194002004,0.005351480466066369
360810713061000,0.00032709595129200536
360810506001005,0.002424593766177518
360810568003004,0.002018245902331527
360810103001001,0.0006158147080931586
360810038002000,0.03120535394384866
360810220024005,0.0029450743631276688
360811008031002,0.0004631576090756405
360810111002005,0.004651932887538072
360810022001003,0.0029450743631276688
360810414001009,0.0004973815428271163
360811199001004,0.004829453044754167
360811141001015,0.0026816077742527022
360811333002006,0.0005710518967375661
360810517001014,0.020482546842286415
360810493022006,0.0001777696778119313
360811215003003,0.0029450743631276688
360810216011002,0.0029450743631276688
360811377003003,0.002976717793285716
360810075001002,0.0004026886776246216
360810671002008,0.005078415103752252
360810593001000,0.0029450743631276688
360810328001005,0.0032885715121444927
360810639001004,0.0020925051635964464
360811417001006,0.002683569765298108
360810599001003,0.004481205157727572
360810723002009,0.027774501092147217
360810183005004,0.0010713912500539234
360810297001010,0.00031698676209347123
360810163001002,0.00014389338541427217
360810916041001,0.0029450743631276688
360810001041010,0.016259761029491487
360810551003001,0.0012760430015916076
360810179021029,0.0029450743631276688
360810358002012,0.007636781209621336
360810525002004,0.0050726482032611665
360810329003005,0.0014580844170422472
360810187002001,0.00014891482470686502
360810088002000,0.00020249544784410551
360811579031009,0.0029450743631276688
360811617004013,0.014432605533989668
360810294001002,0.00022484933988798806
360810188001000,0.00044895648169558205
360810938003009,0.0029450743631276688
360810108002000,0.00128863644043408
360810095001004,0.0029450743631276688
360810713031000,0.0017626663127248696
360810656001012,0.0028261829496445115
360811507012001,0.004075513994360895
360810846021018,0.0029450743631276688
360810135001002,0.00011411689893469673
360810294006012,0.0010982328837834915
360810184022004,0.007159595591112191
360810208001013,0.002210002541750676
360810471002000,0.0017790311327912716
360811399002008,0.0029450743631276688
360810358003011,0.001433940428361668
360810320004012,0.0029450743631276688
360810690001005,0.0012506797420921494
360811621001007,0.0029450743631276688
360810019031002,0.0031784386001508565
360810033011014,0.002868829127194829
360810219001015,0.0029450743631276688
360810703001006,0.004261898894648222
360810128002000,0.0029450743631276688
360810411001005,0.0005348875700913103
360810837005005,0.008229960386210265
360810502021004,0.0025196178812765015
360810646002010,0.0008182922587964475
360810682001002,0.020216948496608836
360810840001005,0.003087471140791728
360810140001001,0.00035383859666587874
360810916034009,0.0013088875934412546
360811451011009,0.004238533240676742
360810972021009,0.0008340751854725587
360810249001000,0.0010304659918060884
360811008042008,0.0015207135907159565
360810199022006,0.0008023140213302047
360810511002003,0.0029450743631276688
360810554002001,0.018024808656873906
360811141001010,0.0017236621749293294
360810665011003,0.0001635113040709842
360810377001000,0.00042570862090577337
360811247001004,0.0023680429311891014
360810496003002,0.0012601000788547995
360810208002019,0.007370779936938083
360810140002002,0.005299407961933488
360810214003006,0.0029450743631276688
360810214003003,0.00011796359956160006
360810142022006,0.0028984367568377556
360810439002007,0.00013193656222926342
360810919003004,0.009069183821367828
360810526002002,0.001534657834031684
360811571016004,0.004581587907960427
360811571017006,0.0030767437421215112
360811435001006,0.0013559818548462283
360811467001004,0.0017182437644357297
360810028002002,0.01360095948048777
360810861002005,0.0009996621353128982
360811247002002,0.0012309927629424267
360810461002004,0.0007228896142589425
360810400002004,0.0004017820630191971
360810243001002,0.0013879042457678238
360811617003011,0.0013559818548462283
360811403002009,0.0029450743631276688
360811529013006,0.0009843390236085542
360810253012002,0.0022401667087588117
360811483003007,0.0029450743631276688
360810444002003,0.01634221036807393
360810797012000,0.0029450743631276688
360810446012001,0.0029450743631276688
360811291023004,0.004346056523582776
360810650002006,0.0009675894741993539
360811451022013,0.0027732284428118614
360810916034016,0.0029450743631276688
360810568004009,0.00023341080270274756
360810235011004,0.0029450743631276688
360810737002005,0.0028937601322725
360810594001005,0.0029450743631276688
360810243002002,0.010228472577734857
360810892012001,0.0019414031433112112
360810450001009,0.00011209886774979264
360811441001001,0.002525498640590584
360811039003002,0.0029450743631276688
360810663021001,0.035203091376447795
360810001011000,0.0033613113035427583
360810664033000,0.003051215298863982
360810404003002,0.0025053017383144974
360810515002004,0.011799022803481468
360810148001012,0.0036859719189034196
360810556001000,0.002691689152665282
360810368002005,0.0029450743631276688
360810368001006,0.0023544984124907226
360810024002004,0.00102807592795465
360810757022015,0.0020377529860058914
360810889031009,0.004012484470189429
360810493012002,0.003560016339531458
360811417005000,0.16448769246755138
360811129001010,0.0053639355570924965
360811377003001,0.00012370427926258905
360811227041001,0.0004644536286619666
360811347022007,0.0020826815847160493
360810922002012,0.0009669272504875896
360810922002007,0.002595185900211968
360810614001012,0.002308109567539807
360810283001000,0.004157874437982793
360810006001001,0.005858814627129486
360810814003002,0.0038740799250053166
360811151001007,0.0029450743631276688
360810568004004,0.0017278399817780249
360811032013004,0.000387793638406285
360811529023010,0.0016538115549989262
360810809007002,0.0005589896192134384
360810384001014,0.010676322220736181
360810376004011,0.0017243921217876593
360810251004002,0.0002945129663411212
360810997041001,0.0001685181034374597
360810922002011,0.009779955066053553
360810892016009,0.0015217304198926508
360810677002003,0.0003894437121850825
360810184011000,0.00011050783287366654
360811291043001,0.0017538934284600425
360810837003004,0.005790417160296113
360810942031008,0.014772806829649546
360810942023012,0.0019026794475647864
360810654012007,0.002615360456768042
360810664012006,0.002595011476890787
360810383021021,0.0029450743631276688
360810775002001,0.007765132417992463
360810044011007,0.007705001609491639
360810997011012,0.0006529923178473187
360810934022002,0.0023444232357802764
360811417003001,0.000287402612353606
360811403002010,0.0029450743631276688
360810606002005,0.00016602758699512483
360810398002005,0.005930166871970944
360811551041001,0.008444853228192554
360810660002008,0.0010134650792664607
360811072011011,0.0029450743631276688
360810099001000,0.0029450743631276688
360810309062003,0.00012513332815255681
360810779043002,0.004390430205906524
360811032013005,0.00047119429559807155
360811507011002,0.0001419069257608103
360810693002002,0.09649792675569036
360810255001006,0.0073918849392250515
360810331001002,0.0029450743631276688
360811429003000,0.0046270864683812495
360810152001004,0.002857470351887376
360810164001001,0.0029450743631276688
360810468001001,0.0006699461115789992
360810671002003,0.0009654196491817683
360811085001000,0.006038478585139042
360810306003011,0.004578405348302023
360810619001005,0.00029816277921749574
360811047001002,0.00013654419430096965
360810567001005,0.011302133366484281
360810613012002,0.0006347086772551476
360810892016006,0.0026138546978601977
360810478012009,0.005425646620924598
360810145002000,0.00018595017507410917
360810103001004,0.0015361845428324128
360811029001017,0.00023280544002986974
360810779062001,0.0012156109497444682
360810999001017,0.0029450743631276688
360810954001005,0.0036586073162089804
360810637001002,0.00103723779673803
360810664031007,0.006897593269914041
360810219001009,0.0010807664184592346
360810589003002,0.00197426246177892
360810198001004,0.0005756164723395218
360810502021010,0.0037537627141747904
360810383021007,0.0029450743631276688
360811479002000,0.08721639003539028
360810680004007,0.0029450743631276688
360810916021001,0.0029450743631276688
360810838002005,0.0006863065502020352
360810619001010,0.0016295793820449522
360810309061000,0.0017806352050608913
360810690002003,0.003078994544365836
360810258001004,0.0029450743631276688
360811621004006,0.003601495434731628
360810747002005,0.0029439441722375016
360810799001000,0.006469377386769083
360811033002006,0.005492886340491051
360810270001007,0.04747097734593842
360810192001000,0.005543398259696429
360810991004018,0.0029450743631276688
360811247002010,0.000819789180138117
360810383021034,0.0042882831769813275
360811291042005,0.0006704716031574147
360810352001003,0.0008209609649737733
360811579016010,0.0019147107185805354
360810124002002,0.005431006578387562
360810152001006,0.025070399634592073
360811072011022,0.0031214125942877246
360811072011029,0.0029450743631276688
360811072011027,0.0031214125942877246
360810863004001,0.00011944345084304478
360810532001012,0.001745586961353435
360810616021004,0.00487321170445634
360810520001008,0.009295357536076118
360810518002002,0.0029450743631276688
360810376001000,0.0028921688259406424
360810366001007,0.0033079862506840488
360810560001003,0.010712547404303718
360811097002005,0.0047959120397596516
360810183001001,0.00025429294022699233
360811195001005,0.011583241399119199
360810641021002,0.0029450743631276688
360810285001000,0.1326125208174443
360811451022010,0.003576176687585513
360810457001002,0.00023198199726304246
360811347021001,0.0010086107611030062
360811333001003,0.010719376413384883
360811277004007,0.008304015317355553
360811032021005,0.00021461415348401325
360810992002021,0.0029450743631276688
360811097001012,0.013193387371413547
360810947001003,0.0013996243724928746
360810945002026,0.011044523641136634
360811175004004,0.01123921186531931
360810552001010,0.010211369559462627
360810152002001,0.0027692502908986953
360811435001009,0.009890792842607521
360810192001006,0.023131136112603378
360810153001005,0.007578412994283581
360810568004013,0.0009250934763074419
360810538001004,0.004043429824466593
360810869001006,0.0058171795731914375
360810376003007,0.005368012220540528
360810809007008,0.0029450743631276688
360810809007007,0.0029450743631276688
360811033004008,0.002527072475110056
360810981002012,0.0011356937407452153
360810635001003,0.004343092208818627
360810192001002,0.011953236614956533
360811377003000,0.003101425027731354
360810660001007,0.00813654685526303
360810500001004,0.002465028151449177
360810582002002,0.002062442790033958
360810845003004,0.01282713325683779
360810745001004,0.11948808476409147
360810202001004,0.0029450743631276688
360810294002004,0.0002485080660788436
360810779051008,0.022236070714155162
360810264001007,0.004941091522389063
360810432001010,0.05776122782068196
360810040021007,0.0021962850646372652
360811181001005,0.008651061344564613
360811399001010,0.00014459078968634794
360811367003007,0.0042882831769813275
360810434001006,0.0008768655085244952
360810266001002,0.06106524460372456
360810309032003,0.025647862864991478
360810459002001,0.000890567905308668
360811579023007,0.007985515823885885
360810846012011,0.004308550653757293
360810434001000,0.005344433351080491
360811409021004,0.0020476136260302808
360810243004007,0.00020819463378134122
360810623001000,0.0026800548390506014
360810515003002,0.005724021419427911
360810884001005,0.004381126004014299
360810383011010,0.0029450743631276688
360810749002013,0.0012335362927732739
360810717022004,0.0029450743631276688
360810194002001,0.005685653736605334
360811579024001,0.007525592003768117
360811429003010,0.0031906618983951335
360811347011003,0.005583342269100783
360811339001011,0.0011085838618351107
360810158013001,0.001780759966682847
360810560002004,0.004308550653757293
360810199012010,0.0006151767500968412
360811175001002,0.01008902120128248
360810919001006,0.004655748121668525
360810124002006,0.0008032341814246686
360811227031000,0.0029450743631276688
360810142012005,0.0006919487199033321
360810026002002,0.00021067423275064704
360810137001014,0.0029450743631276688
360811139002004,0.005737060497479842
360811529011018,0.00970186580170059
360810622001015,0.0026816077742527022
360810622002004,0.006372754414121476
360810616012008,0.0029450743631276688
360810929005010,0.0010665827559862776
360811085001004,0.0003016419848567128
360811175001005,0.00041498031118447225
360810297002013,0.0016942901360108705
360811185001000,0.0029450743631276688
360810022001000,0.00013827967704113677
360810265021008,0.0029450743631276688
360811571015005,0.009123937807074768
360811129001006,0.007459214973117406
360810757022007,0.001647066143450938
360810757022014,0.003012418723175832
360810033021003,0.007144594808217835
360810513002003,0.002570784077700081
360810621003000,0.003074162261547655
360810713051002,0.002909790402766482
360810055001004,0.004449847969824346
360810383021080,0.0029450743631276688
360810861002001,0.003429118988279525
360810467004003,0.001318125048125125
360810922001012,0.0029450743631276688
360810918001013,0.0029450743631276688
360810849012005,0.004559680262803516
360810593001004,0.0028473130616853033
360810729002004,0.01436473980595141
360810889031011,0.0029450743631276688
360811579012003,0.0029450743631276688
360810626001005,0.0029450743631276688
360811617004007,0.0025943770238582116
360810309041015,0.00014790346699391168
360810309042004,0.0027362183526167274
360811010041002,0.0013415050570233856
360810981002008,0.0007392718403188463
360810633021000,0.002063760538371756
360810871002014,0.0029450743631276688
360810594001001,0.0029450743631276688
360810007023008,0.00436517560041199
360810368002007,0.002909249293494492
360810424003008,0.0029450743631276688
360810616022005,0.0029450743631276688
360810864002006,0.002610863738371496
360810561001006,0.0033908135973301327
360810664032002,0.0003666812182351925
360810040021008,0.0029450743631276688
360810010001002,0.0019127476238388857
360810214002007,0.004853927913230157
360810779081001,0.0029450743631276688
360811215001005,0.004238461661325623
360811227031003,0.011892186849321381
360810383021077,0.0005012792042431027
360810383011025,0.0029450743631276688
360811008031010,0.0016297544671787319
360811032021003,0.0033585123028668446
360810459001004,0.006105473539776623
360810630001003,0.001446372944802408
360810063004002,0.003324044293645815
360811417002010,0.018095254960905766
360810837005002,0.0028414428089910166
360810052001007,0.00616448632074087
360810472002007,0.0029450743631276688
360810297001013,0.0029450743631276688
360811277004004,0.004443707340311599
360810095002006,0.0029450743631276688
360810505001010,0.0009044043875475913
360810677002002,0.001382918097285462
360810607011001,0.0005438296546211678
360810357002007,0.00012140927950208446
360811141002001,0.003131966564113173
360810101002002,0.00666885079920578
360811059001007,0.0029450743631276688
360810799002005,0.0036662004112723717
360811417001007,0.0030031211044985414
360810945002017,0.023590878830299408
360811417004007,0.001323090201654457
360811429002001,0.003083796070906825
360810991004007,0.0033529565209773596
360810521002005,0.0029450743631276688
360810216021007,0.0029450743631276688
360810567003002,0.022987545653932077
360810947002007,0.0015207135907159565
360810709001007,0.0033908135973301327
360810999001019,0.0029450743631276688
360810198001000,0.024669302389776986
360810172002002,0.004302614741135015
360810562001011,0.0014982046307009736
360810838003003,0.004167231276169351
360811529022004,0.0042882831769813275
360810309041017,0.0029450743631276688
360811617004004,0.005245836373317851
360810006002000,0.009309405281148436
360810623002005,0.00829748354098554
360811207012003,0.004854289993017885
360810512001008,0.0013990522917233712
360810593002000,0.0005078936316444205
360810846012000,0.0016228241251766838
360810190002003,0.0018153215062351206
360811187001003,0.014008000502823498
360810757012001,0.0027139596937166073
360810667011015,0.0009870835538797018
360811529012004,0.0018718935951827968
360810144001010,0.0029450743631276688
360810208001006,0.004730637531714712
360811072011020,0.00456612762386476
360810137001003,0.0025053017383144974
360810018002000,0.003564421586557302
360811193001002,0.008392013122116527
360810892018011,0.005344433351080491
360810448002000,0.0007687041748569065
360811191002003,0.012945440477904038
360810443012000,0.013891798377423586
360810517001015,0.00019969949273280276
360810601002000,0.0005485987553183776
360811483004000,0.0016309451849612848
360811529021007,0.0014867667565547458
360810055001008,0.003186824530455321
360810697022001,0.0016558176902975767
360810525002006,0.0006885341662336463
360811199001008,0.005368012220540528
360810383011003,0.0029450743631276688
360810568001008,0.0029450743631276688
360810997043003,0.0029450743631276688
360810134002006,0.15545225668638987
360810629003000,0.00032663429213869303
360810987002006,0.0011723994938332568
360810919002005,0.011802831755790387
360810334012009,0.0014075274131078986
360810520001006,0.0004045048766706031
360810528001001,0.001475670331549624
360810199012013,0.0009995583736290968
360810212002006,0.004768263211876602
360811227043005,0.008116327989846458
360810639002001,0.00022544137920203398
360810916036016,0.00029831372902821174
360810404002003,0.00012614419481022526
360810007012018,0.004482925508709087
360811403002000,0.0003227223133001733
360810330003004,0.00016401141445695865
360810330002003,0.0009577217519335708
360810088001015,0.006453170332024199
360810568001014,0.0007007774265405421
360810444003005,0.0003325716495591388
360811171003000,0.003973964042023351
360811059002006,0.0006604345819087071
360810928003001,0.003078932846210563
360810892014001,0.0029450743631276688
360811579012009,0.005368012220540528
360811267002005,0.0003389103630809366
360810731002000,0.0012752085192827586
360811072011023,0.0024168227906337923
360810443023001,0.0026411682195431672
360810055001003,0.00911297920345188
360810992001006,0.001252810137848126
360810992002012,0.00386967074106098
360810745002004,0.0012534374727428891
360810100001000,0.00043347047724101015
360810687003002,0.0029450743631276688
360810922001004,0.000324839978894517
360810697024000,0.001420540168376011
360810280001009,0.00017001011526872114
360810818002000,0.01168916498600883
360811447002015,0.0009577760534936694
360810123013003,0.00033397091031322113
360810475001002,0.003120171898221509
360810717014002,0.0009146892349718371
360810687002003,0.0034558573638327674
360810098001005,0.038462360220202454
360810096001003,0.013985006242602144
360810437021000,0.0012420011294755097
360811047002002,0.002377185925586134
360810757022011,0.0023798867288506607
360810470001008,0.10950218953124866
360810773003006,0.013141463484666351
360811283001005,0.005365952211942471
360811451021007,0.004322226637951336
360810929002010,0.00432273136931193
360810259001009,0.0012328871367279213
360810058003008,0.009850938776152373
360811529011012,0.0025053017383144974
360810916035022,0.0029450743631276688
360810297001000,0.0029450743631276688
360810400002000,0.0035542748782714595
360810163001003,0.014739972576823758
360810199012001,0.0025373984596349787
360811579013003,0.0013779073525383221
360810214003001,0.0014131527976405523
360811471001001,0.0029450743631276688
360811471001013,0.0021644312849423836
360810404001000,0.004738200156358214
360810654012001,0.006674975765051766
360811483002004,0.004700827312480425
360810062021006,0.00970186580170059
360810156002005,0.0013788849623505106
360810150002000,0.034055412111560074
360810492021006,0.0029450743631276688
360810638001009,0.0004091531805437303
360811571014003,0.0018406709130425003
360810111002002,0.0028510239767187513
360810884004003,0.003360983364646561
360811377004000,0.0020469433587457222
360810199031004,0.0029450743631276688
360811571012005,0.0032153772264491053
360810495001006,0.00012908184035802445
360811409011007,0.0029450743631276688
360810282001004,0.001839793014594501
360811047002009,0.0004795255301064306
360810376002005,0.0029450743631276688
360810398001008,0.0029450743631276688
360811151001000,0.0015590885356175578
360810112002000,0.004326240092920211
360810352001015,0.0019019631065457533
360810907001019,0.0038869063168610577
360810137001005,0.0014743159604950547
360810859003000,0.0013048081224804043
360810475001005,0.0029450743631276688
360810439002008,0.00044373911761997476
360810973001015,0.0027732284428118614
360810663012000,0.0006705813751171322
360810928002007,0.0029450743631276688
360810687003009,0.0029450743631276688
360810998021008,0.00474437940286899
360810042001003,0.0007928172085949943
360810997011001,0.00018931360282270054
360811093002000,0.0022024591515300875
360811159003000,0.0007389023485123418
360810551001000,0.0029450743631276688
360810934011014,0.0012613569028930276
360810062021004,0.0029450743631276688
360811483004001,0.0004501062702205638
360810638004011,0.001165269403054397
360810456001000,0.0029450743631276688
360811579031002,0.0029450743631276688
360811377003002,0.007009393354612491
360810580003000,0.0007578937182378391
360810471001001,0.001881975655658323
360811257001004,0.0010823111521610033
360810743004002,0.013192516891611312
360811507022015,0.0008704633362042372
360810919002002,0.01513449558086854
360810499004000,0.0022568136994005556
360810276001010,0.0007511531776143554
360810916034020,0.00417700553791733
360811447002008,0.010231939833583689
360810613013004,0.00017122406217976745
360810159002000,0.0011105892435184334
360810052002004,0.07009451994363382
360810220012007,0.8576574665256891
360810703001001,0.0017720744883201215
360810559001005,0.01856120932986204
360810627001001,0.0035304680999543227
360810613021000,0.0005308812229227414
360810884008005,0.0037834191162306545
360811529013007,0.0019308493032939415
360811008042000,0.002380388515797925
360810245004001,0.012891709084618955
360810019031032,0.011298395419611956
360811155002003,0.00039695346563416227
360810232003003,0.002144065421934456
360810934011007,0.00397832471129531
360811017004001,0.0007111759871729763
360811529023001,0.0029450743631276688
360810284001012,0.004165467293577674
360810508001007,0.012260183029747483
360810656003012,0.008227323013403141
360810243002000,0.0019711463053540116
360810534012000,0.003821689920339539
360810384001010,0.0029450743631276688
360810383021047,0.0029450743631276688
360811459003003,0.0023855263609908637
360810199021014,0.0029450743631276688
360810019021016,0.005643448378921038
360810033011017,0.0008787564365436396
360810085001006,0.0029450743631276688
360811085003005,0.0014817131144722899
360811267001008,0.0029450743631276688
360810095002007,0.0029450743631276688
360810650001001,0.00655721935207758
360810383021037,0.0029450743631276688
360810294001009,0.004135764055547007
360810846021002,0.0029450743631276688
360810118002004,0.012616833386493052
360810085001007,0.0010957815281462664
360811367002001,0.013576098524540845
360810864002001,0.0032753459761912357
360810204001008,0.0029450743631276688
360811241001007,0.002315292950053672
360810330003010,0.016247131256178538
360810194002009,0.0020623728573757284
360811047003001,0.003859710086396234
360810711004001,0.0021163838746295766
360810033011019,0.00016545578247696268
360810030001000,0.000971756427602558
360811479002001,0.0014534173259466185
360810646001011,0.0029450743631276688
360810997031000,0.0029450743631276688
360810320001024,0.0011923256663718292
360810376001002,0.005913118980802541
360810381001005,0.0002528637387921516
360810564001009,0.0043385086420635295
360810339003000,0.00252844822990047
360810181013001,0.005837202796787527
360810185023002,0.00011977740562913089
360811417002009,0.006718115455051143
360810723003001,0.0027732284428118614
360810697022007,0.0011880563928938794
360810638001001,0.0002445127465429632
360810124001003,0.0017610974360656364
360811093002009,0.0030934938943056383
360810928001012,0.0029450743631276688
360810199031003,0.0029450743631276688
360810916036017,0.00011309006370504977
360810214002005,0.0029450743631276688
360810534011003,0.0033419740131654797
360810142021009,0.00981463341921239
360810972021002,0.0029450743631276688
360810036001000,0.003202993915116029
360810769021004,0.0009455924362506931
360810916036025,0.0029450743631276688
360810368002009,0.02152795896206128
360810561001010,0.0029450743631276688
360810536011003,0.016670871637395106
360810945001015,0.003171129974454881
360810383021018,0.0029450743631276688
360810531003011,0.0005893948686367101
360810485003007,0.0029450743631276688
360810664021008,0.006935071242692933
360810593002008,0.002839651741799744
360810044012006,0.02307901061012659
360810942011007,0.03066119694775745
360810456001015,0.0013468917074947759
360810243002009,0.0002521363843588737
360810919002001,0.0029450743631276688
360810534011004,0.004124077941450174
360810470002003,0.0003097634480074064
360811567001000,0.0001640875661345629
360811571021009,0.0011379236887457825
360810997012005,0.002570720689872396
360811059004013,0.01793200626277931
360810934011011,0.004379770171356783
360810884003012,0.0029450743631276688
360810454002002,0.0029450743631276688
360810001041013,0.0029450743631276688
360810568004003,0.0029450743631276688
360810086001014,0.0013372818181723739
360810594001003,0.0015207135907159565
360810434001004,0.002549038982510921
360811571016007,0.0006734335967995315
360810123011001,0.00013680120140841442
360811247002006,0.0014265473075741556
360811417003004,0.002369366608181803
360810493021002,0.0005882965735046003
360810861002007,0.08271579720309172
360810096002006,0.0020073263387226105
360811579031008,0.002359867472613633
360810579002000,0.017674548197476245
360811291022015,0.0037053213140701025
360810317004015,0.0029450743631276688
360810687003018,0.0235076658733078
360810656003014,0.00011027670971682967
360810632002008,0.004060701137056812
360811579024002,0.0028959872913334427
360810489001020,0.0029450743631276688
360810540002003,0.006558378244405802
360810964002009,0.0029450743631276688
360810365002000,0.021716118626191726
360810309031000,0.0020516020263797886
360811447001010,0.0029450743631276688
360810741001000,0.0029450743631276688
360811039001012,0.0031749794071342205
360810638005000,0.002030400070572266
360810006001000,0.0007282811538126511
360810044011012,0.0018594011599214178
360810654011000,0.004394756043850172
360810616022011,0.0029450743631276688
360810205001014,0.0053060200972673555
360810044012008,0.03400765811975186
360810723003012,0.0009673811385537132
360810945001029,0.0010474186105076798
360810633022004,0.0019111659519111825
360811377004007,0.005396012747434745
360810749001005,0.0032914601545121344
360811241002000,0.0007033955603554605
360810330001003,0.0001461813450764157
360811529023006,0.0065771571547487105
360810178001002,0.0028581313326966505
360811265001005,0.0001471621931454685
360810475002006,0.0029450743631276688
360810892014010,0.005141378519437171
360810803021008,0.00016519473180926674
360810621003003,0.002056103023768674
360811207011012,0.0019977155643728845
360810657031005,0.0007249695127715857
360810779033004,0.004058026387127896
360810073003002,0.0007602384683163221
360810317005007,0.14001306483275408
360810424003001,0.0005124411659844605
360810857002001,0.29237610296462996
360810922003009,0.0043460151411436
360810622002011,0.0009846503051929583
360810849012000,0.05698784371070515
360811113001008,0.004308550653757293
360810964001002,0.0035394141674010113
360811579015005,0.005305796457132529
360810042001007,0.0002563227578629847
360810040012007,0.0031427359670616836
360810004001004,0.0002409402349045243
360810667011001,0.0021841587418545893
360811017003005,0.006046138556486628
360810601001004,0.0012004302007799631
360810142022003,0.006737921603090441
360810837001012,0.0016797230445301486
360811377002001,0.0006392784255507594
360810661001001,0.0013194106011186443
360811047003003,0.0010132420586117363
360811507022002,0.004730637531714712
360810357003011,0.0029450743631276688
360810507001005,0.0009255599787090928
360811039002003,0.003471406130884207
360810373002006,0.003055771788046123
360810561001004,0.0029450743631276688
360810916036020,0.0029450743631276688
360810151002004,0.0004900037691010716
360810153001002,0.0031320097487696516
360810147001000,0.0006605363790252223
360810107011000,0.03995257451515032
360810595011005,0.000988032626909272
360810663011007,0.004035392159062473
360810991004022,0.0029450743631276688
360810496003003,0.03045475778784946
360810656001000,0.001193136688660885
360810208001012,0.0012018095565830265
360810568001002,0.003442109458345908
360810413001004,0.00039233350109309115
360810001041002,0.007919024127439809
360810845003001,0.0009171395712945859
360810039001002,0.02209715258350427
360810054003005,0.003141967601147835
360811507011009,0.000163485636733552
360810001021003,0.0029450743631276688
360810667011009,0.0002497219548685394
360811301002002,0.0033024305424930686
360810942031000,0.0029450743631276688
360810383021048,0.0029450743631276688
360810294005004,0.000679584517672732
360811529024000,0.005033353597197214
360810306001024,0.0031401822116606196
360810317003000,0.000906710658560821
360810125001001,0.017210358360534295
360810741004003,0.0006871357967638791
360810747002003,0.001179780142770459
360811157002006,0.0002137891499384548
360811621002001,0.0007861103951745882
360810376001006,0.01278760794239788
360810062011006,0.0014261411262574705
360810208001000,0.0017066310822612348
360810212001008,0.005849996624453246
360811385014014,0.00285515778110557
360810947002004,0.0020089205459858164
360810475001003,0.010778235753315345
360810456001006,0.0029450743631276688
360810639001003,0.014921113478228139
360810641021004,0.0029450743631276688
360810511002005,0.0028937601322725
360811167001007,0.0029450743631276688
360810073003004,0.0021489109503073154
360810288022005,0.0009165858047224405
360810199021001,0.012359157267139452
360810376001001,0.003061000690122141
360810564001006,0.0039053159232485006
360810347002002,0.012843152953338335
360810179021003,0.0006489987963006202
360811139003004,0.007090057607472159
360810033021004,0.00030128390434863467
360810697024007,0.0029450743631276688
360810709002003,0.0024836208640494697
360810707003000,0.0013817045976016874
360810249003004,0.013718263671113699
360810484001009,0.008595760500464114
360810502011001,0.005374151794975651
360810502011002,0.011279267517493785
360811579022002,0.0006029302200439025
360810992001003,0.0029450743631276688
360810991004001,0.0029194156234389527
360811017006002,0.0024951535996809186
360810567004004,0.0009976790146072182
360810557002000,0.0029450743631276688
360810567003000,0.005554610724978701
360810567002002,0.006296558855031192
360811479001009,0.00020010380135949163
360810259001011,0.0013477823281299595
360810253022000,0.0001996894339159357
360810916034023,0.0023680429311891014
360810939001001,0.001984170946874006
360810558001000,0.00034027431150409157
360811385021013,0.0029450743631276688
360810398002000,0.0010051279119720113
360810660001010,0.0001651190453234056
360810972052001,0.0006512049631377726
360810329003000,0.006238788216454006
360810480002002,0.0031427359670616836
360810328002004,0.0009314549854240072
360810196002008,0.003974567787151459
360810531001004,0.0003213231460986738
360810562001009,0.002222020207362152
360810212002004,0.0031793856477749425
360810997051010,0.0029450743631276688
360810614001014,0.0029450743631276688
360810440003008,0.0037698736994743547
360811171003001,0.007563412493821588
360811033003009,0.001287167547487166
360811059004001,0.004804615062312147
360810635002001,0.0068460077314056195
360810803013008,0.0015612107350194634
360810485001004,0.0029450743631276688
360810373001003,0.003005220063707738
360810069002005,0.000537607327360715
360810062026004,0.0029450743631276688
360810059003000,0.00013370108275634243
360810002002006,0.0029450743631276688
360810036002005,0.0008878408679093247
360810991003003,0.017299028589880985
360810992002001,0.002270728577855451
360810558002002,0.003874875128468132
360810916035007,0.0029450743631276688
360810062023003,0.0009591214396897548
360810516002007,0.001824544070255069
360810062011004,0.0005731840249663462
360810719002001,0.00918864594767266
360811123002007,0.011418440911827152
360810123012000,0.007616652964788218
360810018002002,0.00963887597940444
360810199012003,0.0029450743631276688
360811171002003,0.0009667654901547694
360810505001000,0.0015753130719414823
360810457001001,0.0019982988773993675
360810040021013,0.0330513296337503
360811010042002,0.0010043596262023526
360810859001000,0.0029450743631276688
360810329001010,0.0028195093765467547
360811579034008,0.002992260650981602
360811032023004,0.0014619922951892208
360811291021005,0.00984139708541904
360810646001005,0.003104167874439989
360810536011002,0.018876401828252967
360810919003009,0.006732911603069319
360810517001011,0.004598514555331002
360811123001002,0.07114411947365658
360810309041011,0.0023300804730887977
360810540001011,0.001650465315338049
360810062022005,0.0007209121844015755
360810892015005,0.0029450743631276688
360810779062013,0.0011836344479367177
360810741002002,0.014090729757744523
360810238001001,0.0010688716956188146
360811471002007,0.002125666975520806
360810638001012,0.0018412924813214666
360810317005001,0.0007603810001988189
360810249001005,0.000163894957756809
360810243004000,0.0005105740600520678
360810638002010,0.00014232368963483665
360810660002001,0.00026194585223285436
360810660001001,0.0003490432083648685
360810400001004,0.0009318059061721083
360811113001003,0.0033908135973301327
360810062026003,0.004823640440514711
360810111002001,0.0029450743631276688
360810749001008,0.0018840330124218804
360810779033002,0.001016411548683114
360811227035003,0.0011808914837326992
360810126022005,0.0012405830587295897
360810170001003,0.002119642289815002
360810614001010,0.002850199172644405
360810616022009,0.0010926634069558271
360811529023009,0.004532846362600463
360810123012005,0.00253247417571214
360810641021018,0.004829634085506894
360810376005008,0.0011874176886317283
360810620001009,0.005059670311821431
360810532001010,0.004457274569358994
360810253011000,0.00011099764293801917
360810489001026,0.002854062096271735
360811059004015,0.0010905514713009782
360811257003005,0.00651467900803643
360810861001000,0.008220964415463817
360810945001006,0.0027826774090286286
360810320002001,0.002721343480349009
360810592001017,0.006833775280665275
360810532002004,0.004798286028955426
360811277003012,0.0031214125942877246
360810007012010,0.000535076491064881
360810220012001,0.0029450743631276688
360810424001006,0.002806294558726102
360810432001013,0.006326938068543585
360811010021018,0.0046197049924538375
360811507023010,0.0029450743631276688
360811463001007,0.0029450743631276688
360810063002002,0.0029450743631276688
360810560001009,0.0026422630229104745
360810626002009,0.00022059586155262026
360810610001015,0.0013000274438580725
360810297001001,0.007919166166810043
360811483003000,0.002910907481900154
360811441001004,0.01248761747547876
360811579023006,0.0029450743631276688
360810176002001,0.0011174522151707832
360810198002004,0.002943170981995948
360810454002005,0.022568196912247162
360810452001004,0.0007916914304237131
360810254011004,0.015630875344500667
360811227033000,0.023136121388595606
360811215001007,0.002519998253025304
360811227035000,0.004502208650696792
360811257001001,0.0031535929910337683
360810779072002,0.0007674849775360106
360811429004006,0.0029450743631276688
360811129002001,0.0008866389536313721
360810189001001,0.0003013298675423039
360810495001014,0.0018646799869923272
360811283001017,0.0029450743631276688
360810110002005,0.0029450743631276688
360811227024001,0.0029450743631276688
360811385021018,0.0029450743631276688
360811157003005,0.0034761500852511862
360810461002000,0.0053980261876558095
360810741002003,0.0009918219329595815
360810583001001,0.0010195937445174187
360810809004006,0.3669426539927941
360810929005006,0.0021748763095135407
360810892013005,0.0065771571547487105
360811507012017,0.010011599690983185
360810511001006,0.0002948528827161954
360811241001006,0.0010096762042886211
360811205001004,0.0060702007908131905
360810680001009,0.00012571959232445892
360810033011013,0.007626520601579034
360810232003007,0.003046784543934969
360810656002010,0.004509738401308047
360810973001001,0.007064618395063244
360810106002004,0.0008569754206035752
360810522001000,0.0015894274830693875
360810208002014,0.0028712822432265654
360810599002003,0.0018317084479214374
360810657032001,0.00040615921148328755
360810328003006,0.0029450743631276688
360810184021007,0.00536644068999044
360810155001000,0.0029450743631276688
360810085002004,0.0033914942614898876
360811175004000,0.0012998052010234071
360810184021004,0.0005629442927575511
360810306004013,0.0031288871216233038
360810476002001,0.0029450743631276688
360810476002002,0.002400998801027532
360810492011005,0.0023522323783670774
360810484001008,0.0029450743631276688
360810258001008,0.005424316411971111
360811621004005,0.011435324556944739
360810317004005,0.0034922138568113134
360810004002002,0.006710707650893426
360810942021001,0.01605556025944878
360810444003019,0.0006238238396996803
360811479001006,0.002504465325696493
360810352001004,0.0029450743631276688
360810334052003,0.026975068651714614
360810198001005,0.004778036046316045
360810103002004,0.0050345376502758605
360810106001001,0.05678551047658941
360810663011002,0.002479945225229321
360811385013001,0.00469788212626333
360810622002002,0.032367979516601544
360810622002012,0.00010190633309484302
360811085001011,0.010597328265386919
360810707003005,0.0002993811123462622
360810639001007,0.00013052531621995356
360810916035004,0.00036670625896027185
360810479003004,0.13167132111322183
360810328003002,0.0021246268442792274
360810368001007,0.0029450743631276688
360810432001016,0.0029450743631276688
360810928001001,0.004944413737013982
360810383021026,0.0029450743631276688
360811333004004,0.0006682368578361497
360810779041000,0.002641141147726073
360811008032011,0.0026500680787130302
360810775003000,0.008439099103631477
360810140002006,0.019583388860422803
360810437012007,0.0015086518565016664
360810567004002,0.000524363066616837
360810565001005,0.0067554508674795635
360811201001000,0.0028459315910539635
360811008031007,0.00017264406823278805
360811032021004,0.003340469256878917
360810840005007,0.011870407534006257
360810150002001,0.003745087298817335
360810964002006,0.00034401657228253825
360810660001008,0.0019007025825409796
360810470002009,0.002315061890583994
360810404004001,0.0008931033218925386
360810254021000,0.0004066315204251997
360811195001004,0.003912391564326733
360811341001009,0.0029450743631276688
360810716001020,0.0029450743631276688
360810320001021,0.0016840502722925625
360810954003021,0.0007215632732452368
360810444002002,0.0029450743631276688
360810137001011,0.0016859721067380416
360810137001017,0.00440239389797047
360810987001009,0.007273762420835013
360810981002004,0.003841508386721199
360810507002005,0.0014154238667121607
360811529011004,0.0007852685917053568
360810383021075,0.0029450743631276688
360810606002004,0.0029450743631276688
360810306002000,0.0019232796502304907
360811072021010,0.0029450743631276688
360810496001004,0.0009324821046717519
360810530002004,0.0002107321308827007
360810206001001,0.0009758763052973993
360811029001006,0.00024391870833847328
360811529022006,0.0029322046733812434
360811451011013,0.000577057506284535
360810939001005,0.02181839745904899
360810716001009,0.0029450743631276688
360810849011001,0.0007278338047053194
360810601002001,0.004451343688878479
360810288012003,0.0029450743631276688
360810135001005,0.0026370517288058556
360810697012000,0.0021234873938876645
360810505001001,0.0009094405808327647
360810695002000,0.0018248373455192817
360811579021002,0.03544596744592835
360810998015001,0.016958840875026318
360810483021008,0.0031894396550979573
360810964001023,0.0010426261246574392
360810515003005,0.0058860213390748055
360811291022001,0.014742569009573912
360811551042012,0.0029450743631276688
360811409022004,0.0029450743631276688
360810295002005,0.00010587981850054018
360811097001013,0.003762128902878337
360810247001006,0.00400456476846509
360811195001007,0.0003018182052831783
360811277004005,0.001249863505265918
360811479001011,0.0028637580799576574
360810779082001,0.0029450743631276688
360811447001004,0.014569280876698587
360810212001000,0.00013693363382519122
360810492012003,0.0021411366456344735
360811471002001,0.0013281484446067372
360810317004014,0.0029450743631276688
360810148001009,0.0010365531894691706
360810400001006,0.009742582738037808
360810526001001,0.000925712780533024
360810524001005,0.0016325981667684487
360810062021002,0.0028265113294071048
360810022002005,0.004671058024439278
360810769012000,0.0009077145828693821
360810925002004,0.002000121527153297
360810997033006,0.0016309451849612848
360811451011010,0.0014717239986716858
360810253022005,0.0018220257132805435
360810054001006,0.0029450743631276688
360810552002006,0.007621034672932162
360810179021027,0.0007859730752426084
360810582003007,0.006228041488660101
360811171001013,0.0029450743631276688
360810383011008,0.001860869380078571
360811483003021,0.0029450743631276688
360810247001003,0.0028009464749037716
360810838002007,0.0019457274918869651
360810094001006,0.0029450743631276688
360810352001014,0.0005607813239896563
360810253012004,0.0004207497296176114
360810309051006,0.0029450743631276688
360810981001006,0.0031363230802037042
360810892017005,0.003971406012537052
360811341002012,0.005495230736787105
360810220021000,0.0029450743631276688
360810137001018,0.0029450743631276688
360811032022004,0.0005187213172022558
360811215003009,0.0029450743631276688
360810837001013,0.021021881515438885
360810694001003,0.00324070565542405
360810654013008,0.0004179528916874122
360810284002009,0.0012599565559257278
360810347001009,0.021340417595443136
360810424001005,0.0029450743631276688
360810998011005,0.002140184312680235
360810998013003,0.00017636000427788076
360810934012000,0.0023669582949622197
360811157001011,0.0030772326092020573
360810606001000,0.0029450743631276688
360810680004000,0.004581587907960427
360810198002000,0.0018446821051269643
360810254012003,0.00900735890644718
360810580001000,0.0029450743631276688
360810114001008,0.015078997059330869
360811227043002,0.0734761585603149
360811429004004,0.001449103107958794
360811032012004,0.00013811776279714765
360810012003002,0.1847121336430863
360811451022012,0.0003774315330424779
360810558002005,0.0014479597401241418
360810376005001,0.0024793850400026502
360810101001005,0.007483786663833461
360810065012002,0.00900950741789449
360810657033004,0.0057031303271293824
360810747002000,0.002623798635763298
360811529012000,0.0007714649682715423
360810353001006,0.002368582712461068
360810638004005,0.0008928229172971604
360811047002003,0.002291756733807479
360810637003001,0.0013694237494668187
360810457002000,0.003101425027731354
360810916036007,0.0029450743631276688
360810243001001,0.0029450743631276688
360810654011011,0.04920472856686135
360810238004000,0.0020347735934445003
360810479003006,0.0029450743631276688
360810517002003,0.008907122407475657
360811257003007,0.0008643364902377586
360810598002000,0.0029450743631276688
360810220024002,0.011285642782825421
360810220021006,0.00033899227764045987
360810179021024,0.0015288105985563408
360810942031002,0.0029450743631276688
360810568001006,0.004861829440640474
360810383021025,0.0029450743631276688
360810132002001,0.0012025000792240466
360810621001002,0.0002289763346863987
360810012002004,0.009845987602016082
360810846021015,0.00026129068028085217
360810182002000,0.09044184010233788
360810168002010,0.0029450743631276688
360810402001006,0.005475289646011732
360810400002007,0.0008715424482719554
360810087002003,0.0016382573244152394
360810039001005,0.00040742795095694934
360810357001010,0.001108246883589235
360810440001001,0.0005987471154964913
360810942011000,0.0035463718281252515
360810294002006,0.0005595741720569315
360810608001012,0.0028658049010758953
360810158011004,0.01824575855736103
360810114001009,0.0009385261388883676
360810101002004,0.0029450743631276688
360810016002001,0.0015443550575443706
360810384002009,0.0009866302226690573
360810184011002,0.0020338712289951575
360810663012006,0.0015371600397000684
360810638004001,0.0029450743631276688
360811621002004,0.001648483027989419
360810132002006,0.0039623808945066
360810581001000,0.00036670625896027185
360810353002005,0.0005117445332546699
360810515001001,0.005368012220540528
360811099002007,0.008679053388767993
360811551042005,0.000684664795463439
360810330004001,0.0012403988638738288
360811579013001,0.0032918979599223944
360810164002001,0.0019915837011572797
360810152001003,0.010373444640644538
360810492021011,0.0001219397281437794
360810614001002,0.0008328391850583669
360810132002007,0.01001534500297411
360810646001000,0.0017358542756385367
360811241003003,0.0011623921808344706
360810330002005,0.0050646451012974734
360810530001002,0.0018049422127898267
360810528001010,0.010190354206797815
360810376002007,0.0002576559630976291
360810328003004,0.009741344361164701
360811185001002,0.0034958201019997287
360810739005001,0.0011299607349687297
360810697013000,0.0005418748435978013
360810635002000,0.0036444984827096127
360810384002006,0.0005070948000395777
360810999001016,0.00883393610848152
360811010021006,0.22036934788075466
360811099002004,0.0008686636337086865
360811133001006,0.00010379375711190706
360810991004014,0.003557354500643791
360811203002001,0.002524808872327102
360810637004007,0.001150261436580672
360810664023008,0.000279518995013089
360810282001009,0.004649728195387268
360810138002001,0.00029153748521347186
360810747002002,0.004585749056359232
360810540003004,0.0033866692827651994
360810365002001,0.0011389719865351026
360810178002000,0.013220483402466164
360811241002007,0.029848768536655298
360810524001000,0.001076531089801379
360810028001005,0.0029450743631276688
360810034001000,0.00523928687329729
360810022002001,0.001336147282593174
360811123001004,0.0031872857395824133
360810945002014,0.0007094212023589953
360811093003000,0.0004733890484684478
360810504001006,0.004804615062312147
360811147002011,0.007978788518634915
360811157001006,0.0024097055824030835
360810884001017,0.006311138888691603
360810656003003,0.0022254210963630907
360810997051007,0.0005743409691833279
360810010002001,0.00390198518886044
360810194001006,0.006792131710706416
360811571016003,0.008144181927409832
360811467003005,0.005507755057730547
360810199022000,0.0020702463394591817
360811417005001,0.00760046474440111
360811417003006,0.0052018168063767255
360810559001008,0.00013772542860802304
360811441003004,0.0013618631564259916
360810094002004,0.04012113423631506
360810245003002,0.004158684270662992
360810757023001,0.0029450743631276688
360811059004010,0.0019221684051844243
360811203001002,0.007054090031258068
360810669001005,0.0017891350304895294
360811291021001,0.000848515408005977
360810188001006,0.008866054036734048
360811579024000,0.0013956383830621918
360810892011005,0.0017848993810986073
360810892012011,0.002369366608181803
360810568001012,0.019125649741085615
360810038001001,0.001573455757154509
360810919003013,0.0005469170241322558
360810929003000,0.002527770847267412
360810562001006,0.00016665178310461176
360810351002000,0.007363733173344245
360810337001000,0.0004572160234888335
360810717022006,0.0029450743631276688
360810516001004,0.0003071051482326658
360811409011001,0.0021686726574873675
360810697022000,0.000591968949587632
360810142021007,0.0016309451849612848
360810638004007,0.00506359535554699
360811097002001,0.00019713050212874516
360810018001002,0.06082761775778791
360810125001021,0.00015272856866313604
360810117001000,0.0013559818548462283
360810945002001,0.0029450743631276688
360810916036024,0.0029450743631276688
360810235012002,0.0017013306447917975
360810464001007,0.00668930458412318
360810148001006,0.0060604412725926956
360810542001005,0.002720985091768663
360810618002006,0.023247765365274474
360811347021002,0.0029773909677620384
360811399001000,0.0029450743631276688
360810925002002,0.0029450743631276688
360811579022004,0.0015088488863594942
360810528001007,0.004829178088847326
360810864001004,0.0003572154945275449
360810196002007,0.01038551394722349
360810309052007,0.003141967601147835
360810945001002,0.00266845012980163
360810627001004,0.0029450743631276688
360810607011000,0.0019088554472964478
360810942023013,0.0065771571547487105
360810470001002,0.002242220392891754
360810625002005,0.0029450743631276688
360811227034000,0.0005774510978788283
360810437012002,0.003986368437636387
360810470001004,0.002498158879680198
360811215002004,0.007055451141900003
360810954001015,0.0007014112374386223
360810432001008,0.005068350542002402
360810998021011,0.0042882831769813275
360811133002002,0.00010584104896898453
360811017001002,0.0020924269471855675
360810991004011,0.0029450743631276688
360810595011003,0.007035745667682154
360810548002003,0.0027109792056881606
360810680004001,0.0029450743631276688
360810030001006,0.0009952299092435212
360810641021013,0.0029450743631276688
360810196002000,0.003454867235255264
360810309052003,0.0342721773735361
360810030001008,0.009207138501346477
360810779044003,0.013727789716567079
360810779044000,0.004003091178744848
360810495001010,0.0038232292067596086
360810889023001,0.0005767100342971782
360811479001004,0.003360983364646561
360810115001003,0.06961584169359071
360810214003017,0.016086675899750165
360811429003005,0.006954835357537965
360810468002000,0.00018310378091555956
360810330003001,0.0021578210043084983
360811215002003,0.0083094053876324
360810472001002,0.0024607034508982322
360811377003009,0.0011825823668814533
360810633011008,0.005382016226525303
360810613011004,0.0012335709346712456
360810367002005,0.0015605329080656846
360810367002004,0.007050437366655229
360811241001019,0.0033422570255510794
360811341002000,0.0029450743631276688
360811459002004,0.002271322637282639
360810892015007,0.013563425172084073
360810779031002,0.0021678483015736363
360810973001010,0.002910907481900154
360810098001003,0.00019432374071922344
360810185023005,0.0014716283407889127
360810236001000,0.023448360348149875
360810517001008,0.0029450743631276688
360810591001001,0.00814504387075941
360811417004003,0.0017505058059323066
360810229001007,0.0029450743631276688
360810656003006,0.003335813265098042
360810499004003,0.0036112396222079475
360810669001001,0.004238461661325623
360810383021009,0.0029450743631276688
360811467001001,0.009738621856038117
360810938003006,0.05811154986304244
360810606001003,0.00015195222488619304
360811483002012,0.02481199966191831
360810427001000,0.0029450743631276688
360810402002005,0.006376841955462571
360810954003027,0.0029450743631276688
360810309034003,0.004718646115301312
360810126012000,0.00020273217218262619
360810171011006,0.0029450743631276688
360810621003002,0.00010774761694395663
360811529021000,0.007022892540104749
360811617001010,0.00045933169364794285
360810459001002,0.005473352411157716
360810306003001,0.004304790372564634
360810916034000,0.0029450743631276688
360810687003011,0.004771375614649569
360811403002012,0.0029450743631276688
360811579012000,0.004136022561881788
360810711004005,0.023670242389596606
360810892017009,0.004807837215816362
360810384001006,0.011662293788109958
360810682001003,0.0011060028046935566
360810638002013,0.0029450743631276688
360810507001014,0.002515586182666583
360810991004024,0.012101448399145535
360810320002027,0.006832610067485862
360810790001006,0.000692398888801216
360810964002013,0.0019253787606452624
360811072011039,0.0029450743631276688
360810616013004,0.004308550653757293
360810616012004,0.0006449233082552162
360810939003003,0.0035116547484372205
360810169002002,0.0013682101318981045
360810517001012,0.0029450743631276688
360810919002009,0.0009204968391567224
360810330004002,0.01574176621297902
360810889033003,0.0029450743631276688
360810680004016,0.0017093700831542554
360811193001001,0.02107827564854171
360810053004000,0.002686084955045086
360810697022005,0.0029450743631276688
360810502021008,0.0007507795646989758
360810500001000,0.026975356020174413
360810928001007,0.0027075645909435523
360811133001004,0.05479012249871191
360811133001002,0.0037537793972668436
360810773002004,0.0029450743631276688
360810567003005,0.0019527255458492909
360810947001008,0.0030267047232308206
360810097002005,0.0029450743631276688
360810166001006,0.01660875365443754
360810475001004,0.007095117141649579
360810659001001,0.004925329664324356
360810458001003,0.0032806671722654234
360810496001001,0.005542284467466776
360811409011008,0.008912314378172944
360810320002010,0.00030902135704297356
360810838004003,0.0026453479887326263
360811333004007,0.0002558860065957076
360811129002004,0.0029450743631276688
360811291042006,0.011963682542018442
360810245002000,0.0017614467033280103
360811417004009,0.002395803436846114
360810590001006,0.0068882176958359066
360810592001003,0.0029450743631276688
360810404003005,0.00203442817208987
360811175002002,0.002074617701824731
360811151001014,0.0029450743631276688
360811579024004,0.0029450743631276688
360810294005009,0.0033146093928793892
360810779042007,0.0029450743631276688
360810997045000,0.001226270863136654
360811141001018,0.000118963312491201
360810001041017,0.0029450743631276688
360810208002015,0.00018324604769250647
360811039002007,0.0001235069372287359
360810192001005,0.002030128485553413
360810168002009,0.001388938331860342
360811241001012,0.004417567645975746
360810773001001,0.0029450743631276688
360810687003006,0.0029450743631276688
360810058003012,0.005581349394628225
360811333003005,0.0007926621422968414
360811367001004,0.0031401822116606196
360811123002010,0.004543669499598109
360810199022005,0.00294451857485104
360811247002007,0.0013338951343013548
360810840001003,0.00423352000371947
360810260002005,0.011266460995001707
360810489001012,0.0029450743631276688
360811291022012,0.0024176810138121837
360810188001002,0.0026731259842290244
360811409022015,0.00036349503462427174
360810489001023,0.004748512031098735
360810086002002,0.002835087242956512
360810934022001,0.0005480499753527513
360810208002022,0.005218240027078061
360811227025000,0.0029450743631276688
360810151002002,0.0006255909956591967
360810230001000,0.0020897548670695187
360810381001003,0.0040092807160998474
360810939001009,0.028113814465339726
360810538001007,0.0018436261019066733
360810480001002,0.0035787176615838913
360810291003003,0.001366589751876288
360810638001011,0.0029450743631276688
360810524002000,0.006465341928461616
360810058003013,0.0029450743631276688
360810945001022,0.003557354500643791
360811039004007,0.0029450743631276688
360810513001010,0.015447063492596972
360810130002000,0.0012630347636961383
360810657032003,0.0025167002899324368
360810594002003,0.02291743172710672
360810682002000,0.001984026837427127
360810592001016,0.001864535460951962
360810352001009,0.0019128388875001212
360810376004015,0.0021365648938105907
360810204001011,0.005907031931923376
360810158011007,0.0017597960698432565
360810251003005,0.00015643566251206354
360811059004003,0.005543398259696429
360810973001009,0.002578967690913672
360810437012009,0.0024273403593599663
360810713043000,0.001764561707109649
360810925001009,0.0009986528816699266
360811277001010,0.004054197188536843
360811039001008,0.01234945761708948
360810329001006,0.0029450743631276688
360810997013003,0.00473806016985297
360810194001005,0.0029450743631276688
360811567001011,0.011718880992080927
360810443022005,0.0005939324328410488
360811227035001,0.0007973934892874675
360811579032001,0.008368548631842117
360810942031010,0.001297075445987159
360810630001001,0.0055670367753024004
360810383021005,0.002829045643778841
360810404004008,0.0065771571547487105
360811463002006,0.0023680429311891014
360810059001002,0.000125200476687145
360810934023012,0.00301646672077094
360810682001001,0.0023469475964113537
360810594002001,0.0044410871497633396
360810065021001,0.0005052300557055189
360810016001003,0.0007594406167802566
360810916034026,0.0029450743631276688
360810402001005,0.00566443475256683
360810170002002,0.0024168227906337923
360810254022001,0.00011836434482352474
360810540003008,0.0037554180602109273
360810568002002,0.0029450743631276688
360810889022003,0.0011769641493573457
360811032012003,0.011267758110464982
360810365001001,0.000786745800272346
360810947001004,0.03232691069894289
360811571022002,0.0003385682271764863
360810512003005,0.0015434743243760733
360810142022004,0.0004337697575823925
360810556001004,0.0029450743631276688
360810243002004,0.0005690503707484995
360810942021007,0.0010808844360937814
360810667011004,0.0025072723678756484
360810667011014,0.0008536652284769924
360810069003002,0.07677027992265129
360810507002001,0.001942318238257641
360811507022008,0.0029450743631276688
360810365001004,0.0029450743631276688
360810657033005,0.0027822402848293455
360810695002002,0.00248350903550282
360811341001002,0.0002746298889096318
360811507024004,0.0011589929157467206
360811479003011,0.006194122764490793
360810566002001,0.004545844798848573
360811187001000,0.0005559941227160633
360811155001007,0.0031621445206250352
360811059003000,0.0029450743631276688
360810934011001,0.0029450743631276688
360810577002003,0.0012393663145040354
360810031002001,0.004013901017222539
360810916032006,0.0042882831769813275
360810595011002,0.010496503087367394
360810869002015,0.005248176991512889
360811277003000,0.002048626115707028
360811032023005,0.0006431946932302521
360810999001025,0.0029450743631276688
360810535021002,0.0025574664981343246
360811367001000,0.0005142582396503748
360811579011006,0.0029450743631276688
360811579014003,0.012905576568059003
360811567001007,0.0029450743631276688
360810208002020,0.001430145645693194
360810208002016,0.05682121078211022
360810564001001,0.004625904221169307
360810991001001,0.004044981970854552
360810142022008,0.006381811994435176
360810007021005,0.004821326211419919
360810001041030,0.0016375031605296382
360810837001002,0.012337276121860467
360810657032000,0.004914625800509417
360811459001005,0.007386476084281185
360810918001015,0.0029450743631276688
360810495001003,0.0029450743631276688
360810444003007,0.00011574164096084292
360810294004003,0.00430233670361384
360810608001008,0.004551954972867705
360810608001010,0.0029450743631276688
360810288011004,0.001199159747377881
360810205002000,0.0009511602377738731
360811085001007,0.022185778953833647
360810144001008,0.0006271048908410232
360810120001002,0.001100669855275051
360810713054001,0.0029450743631276688
360810306003009,0.0019355642550899145
360811017006009,0.0007852330840747492
360810964002021,0.0003858159257311403
360811072011026,0.0004077661775610108
360810492021007,0.006223951414570638
360810925003007,0.0029450743631276688
360811385011000,0.004482925508709087
360810530002006,0.0010715070032062072
360810394001010,0.007248543721568176
360810282001000,0.00017661947206617124
360810566001002,0.00011712310380327848
360810703001003,0.000807430107391745
360810499001000,0.00025292878441083444
360810542004002,0.003200910423154649
360810502021003,0.014256449160715135
360810945002008,0.006739359332681993
360810928001004,0.0029450743631276688
360810384002005,0.0007378699072823411
360810384001012,0.005547397978278128
360810779041003,0.0029450743631276688
360811032024004,0.0010063841813787917
360811097003003,0.010651809119624763
360810773001006,0.006673352572141991
360810743001002,0.0010231134095650765
360810945001025,0.001744268805204448
360810945001017,0.0029450743631276688
360810916036013,0.0029450743631276688
360810916034002,0.0029450743631276688
360811215003002,0.0008697084863436498
360810552001013,0.0008195325133724249
360810367002001,0.004678477479250498
360810500001013,0.004101920165970233
360810954001002,0.005850033651376495
360810972043002,0.0009579749231346068
360810007012014,0.0029450743631276688
360811579022006,0.0078836714288398
360811141002006,0.03351371300947603
360810942021021,0.0005507116954108383
360811277003005,0.0037416751969694983
360810964001009,0.002857470351887376
360810446023002,0.004868731709331837
360810869001013,0.0029450743631276688
360811429002004,0.0006159718306474082
360810690002009,0.004965383496191411
360811621002003,0.0010798341678268202
360810063004001,0.0002054047011301026
360811033003008,0.019172403804508843
360811017005002,0.006405315394954577
360811151001010,0.0029450743631276688
360810934011013,0.0029450743631276688
360810088001013,0.0007107505919452838
360810892012015,0.0023469475964113537
360810779042002,0.0002751712227853854
360810103003001,0.00013311869075698934
360810729001000,0.005495230736787105
360810723003010,0.009520242812349885
360810214003007,0.014599876289142928
360810357003000,0.0029450743631276688
360810683002003,0.0007372193342043397
360810414001005,0.002865545125346099
360810434001012,0.0029450743631276688
360810276001000,0.004065162547556857
360811129003000,0.0065288555486273546
360810559001004,0.001991726832556921
360810884005003,0.00255850090454316
360810058003002,0.006617633731530118
360810058003003,0.0022446649439982493
360810818002004,0.006477625290322479
360810884007005,0.0065771571547487105
360810383011004,0.0029450743631276688
360810434001011,0.005344433351080491
360810632002007,0.0029450743631276688
360810792001003,0.00020368821872724743
360810788001005,0.002578967690913672
360810892015000,0.0024168227906337923
360810997051004,0.003349781861491993
360811113001002,0.0024096500492379984
360810437021005,0.0003909758364635676
360811277001004,0.011454626533134693
360810637003005,0.0015434743243760733
360810929005007,0.001230175258529943
360810208001003,0.004650400667136371
360810484004004,0.0012997653057013733
360810018002001,0.004181563409157632
360810034002003,0.0012336318909185347
360811463002009,0.0033529565209773596
360810150002003,0.010249790441901016
360810158013002,0.0001912372799121723
360810638005006,0.001249464991391734
360811097002004,0.0029450743631276688
360810731001000,0.0018508974950763625
360810257001010,0.0082251064032006
360810454001005,0.0002442215860479024
360811277004012,0.0012466186187109615
360810954002004,0.0011767701864968418
360810170002003,0.006663277779765465
360810179011006,0.023115775749138878
360811059004005,0.0016600186874056982
360811113002001,0.003424060076647306
360811551041004,0.030036644766376214
360810180001005,0.0036336440961280323
360810472002012,0.0016309451849612848
360810954003010,0.0029450743631276688
360810254012007,0.00285515778110557
360810334052002,0.013410851073426962
360811529021008,0.0029450743631276688
360810178001001,0.004881333461779743
360811059004000,0.00011856168144319982
360811163022002,0.002815929144050428
360810849012001,0.001297605880852245
360810088001010,0.011675432811359177
360811008042006,0.004672222545528166
360810220013005,0.0029450743631276688
360810991005015,0.007370464205019456
360810450002005,0.0010660156574288978
360810450001006,0.002511762182424331
360810945002011,0.0013857028893505532
360810152002004,0.009691858426202807
360810254012005,0.00016747275314533136
360810837003005,0.000913380888045456
360811571015000,0.0029450743631276688
360810472001001,0.0015207135907159565
360810654011010,0.0013407366985374442
360810500002005,0.0037479333353581485
360810052002001,0.000698111236164544
360811047002006,0.005180216190904071
360811123001000,0.004055894979959956
360810679003010,0.04099809535112672
360810892017001,0.042130257331463423
360810916036026,0.0029450743631276688
360810198001006,0.0068675560405652356
360810769011001,0.0007425549860402717
360810309051000,0.00043886527957632247
360810038001000,0.006980352634312426
360810038001004,0.0036268534716694984
360811215002000,0.0007677999595593269
360810779071007,0.0029450743631276688
360811507011008,0.0041188420546251475
360811463002007,0.0018316203508793975
360810183004001,0.0006889109544600839
360810439001001,0.04933058978685577
360810925003000,0.0057553441253113385
360810743002001,0.0009566915271840746
360811417002012,0.00010222510878169584
360810045001009,0.22982392018879838
360810105003000,0.0029450743631276688
360810105004001,0.00223647475792236
360811033001007,0.010801171019030106
360810240002003,0.0018608241412472932
360811207012004,0.0055441717585414845
360811207011009,0.01931363240328803
360811215003006,0.009525569862174123
360810479002009,0.0001268832532850481
360810058002005,0.005128533432070364
360810595022002,0.003418249173280824
360811417004019,0.001799127806634168
360810469011001,0.0001422685256782907
360810171011011,0.0026410837742096576
360810889031014,0.0004943846287261639
360810236001001,0.0003366942437485742
360811277002006,0.013565760943103033
360811072011028,0.010629825478590321
360810779062002,0.005344433351080491
360810945001000,0.001238795332381354
360810102002001,0.0007086315288204229
360810690002000,0.0029450743631276688
360810185011000,0.014441130613392996
360811175004001,0.0029450743631276688
360810413001000,0.004308550653757293
360811479003008,0.0004916477935067189
360811507012000,0.001474284417305708
360810595021005,0.02771554137314454
360810600001004,0.0057703710680381375
360810424001001,0.0024379767354219244
360811571014007,0.00019576567782101243
360810019031029,0.0029629735957150457
360810059001004,0.011354327660244993
360810097004002,0.0013900701156880314
360810799001007,0.0014296117383493998
360810547003002,0.003391607163532359
360810040021011,0.0002321085319281963
360811529012003,0.005712886220835755
360810276001006,0.0022802740388618396
360810626001002,0.0015207135907159565
360811301001009,0.0042882831769813275
360810482001002,0.0029450743631276688
360810650002004,0.0030181075483784936
360810622001002,0.004837025276427667
360810598001004,0.0029450743631276688
360810440001008,0.016124337801029516
360811621005000,0.0020943489380488645
360810580001004,0.0029450743631276688
360810125001018,0.0012037957769629474
360810739003000,0.0004687930527709247
360810757022008,0.006080388055323232
360810864002000,0.02995227291073132
360810892011001,0.002369366608181803
360810680003000,0.001162225891284073
360810330004005,0.002516691035433047
360811189002002,0.0013808769198175844
360810942023011,0.0029450743631276688
360810440002000,0.001588385125492086
360810164002004,0.0003363636048835342
360810212002007,0.0074673124723246085
360810614001004,0.0035925822764310603
360810737002006,0.00289998181315956
360810317005005,0.003051558677311964
360811191001001,0.021005405259296332
360811029001018,0.0014699077755188593
360810639001002,0.0029450743631276688
360810528001002,0.0029450743631276688
360810179021017,0.0018120349985103216
360811187002001,0.001494112339580558
360810169001001,0.0018959903131894396
360810251004000,0.0016515703225299034
360810493022002,0.0011200866514192009
360810384001004,0.0023680429311891014
360810264002001,0.007053430735634897
360810838002003,0.0017683636433493252
360810846011005,0.01000043780771959
360811085003000,0.005696093554427639
360810042001001,0.017976729201944503
360810132001001,0.006148311708980306
360810140001008,0.0020992408861541224
360810719002005,0.010127506957197212
360810581002006,0.002485303554300377
360810567003004,0.001619382350568686
360810907001010,0.0029450743631276688
360811008042007,0.012144047953055362
360810208001007,0.007756541410307669
360810840003003,0.006630692171083827
360810156001001,0.002072879578110734
360810589003000,0.0046195588522897815
360810964001004,0.00363732758359746
360810660002014,0.0006537009336088449
360810320004007,0.0021492493133386218
360811571022004,0.0029450743631276688
360811301003010,0.0008421520826555301
360810582001010,0.00196838364038078
360810560002007,0.0029450743631276688
360810987002011,0.0006601178685794573
360810306001010,0.0021430023859643267
360811621003002,0.00535020084969185
360810404003000,0.008628970350847493
360810137001023,0.0017980873623819787
360811017003003,0.0029450743631276688
360810659001005,0.04044102394180071
360810884001012,0.0021027164770147876
360810892017006,0.004540012117908248
360811072011031,0.007284669075870074
360811283001006,0.0009074080786177509
360810007012002,0.00028040563830653166
360810522001009,0.07888785122703237
360810557003000,0.0029450743631276688
360810637003004,0.004730637531714712
360810838002004,0.002031383873627823
360810174002000,0.00043090311170600393
360810288022001,0.010164085969086438
360810320004002,0.003190000518381484
360810846021003,0.004381126004014299
360810032001005,0.041382238081290296
360810846011011,0.004009313900118325
360810577001000,0.00030762060043412553
360811399002003,0.0029450743631276688
360811471001006,0.002291756733807479
360811223001005,0.002155098167750147
360810711001000,0.003100015181235057
360810094002002,0.011175412737884714
360810096001005,0.0013059452490365375
360810424003004,0.0012225851968206056
360810120002005,0.002498158879680198
360810515003001,0.00010169660963096497
360811277002001,0.0029450743631276688
360810745001000,0.0029450743631276688
360810632002006,0.0077685759961968704
360810646001006,0.00034774470653742496
360810534011002,0.002431798869746771
360810186001006,0.0003788413811168312
360811551042020,0.0033908135973301327
360810964002002,0.002031444451319626
360810929003007,1.14358860994544
360811479001001,0.0029450743631276688
360810130001007,0.0028969136738247834
360811367003000,0.005274814119399845
360811479001016,0.04916188668716636
360811333002005,0.002837981224909799
360810677002001,0.00698755914872351
360810622001005,0.0001301829365638262
360810682002003,0.0029450743631276688
360810929002013,0.005061191495609036
360810637004002,0.0005647205432470422
360810219001014,0.0001679165280389357
360811141001000,0.002024335292726165
360811241003006,0.001610479826556852
360810352001007,0.005495230736787105
360811097001006,0.0013576241507494886
360811139003009,0.00103723779673803
360810158023001,0.00016604646291425447
360810660002000,0.0006771217481489047
360810115001007,0.0023626932860652083
360810749001006,0.0029450743631276688
360810051002000,0.00020034464621624708
360810947002009,0.0029450743631276688
360810291003005,0.003557354500643791
360810531003016,0.0014435879499930084
360810964001003,0.04040670516169333
360811010043006,0.00443347780203553
360810945001023,0.0021589054366253843
360810622002007,0.0006214463213721103
360811039004000,0.0044568968810614635
360810518002001,0.0017504182174424775
360810352001006,0.0034744472114036458
360811617002004,0.002369366608181803
360810837001005,0.001036445796154636
360810443022001,0.0006387128933938014
360811529023003,0.0034744472114036458
360811529022013,0.0016723811422609434
360810253014001,0.01567697313547469
360811017005011,0.0029450743631276688
360810869001003,0.0003142748657506969
360810661001004,0.0028745675142639597
360811291031002,0.0012346018042028275
360811367003005,0.0029450743631276688
360810889031005,0.008279789444240168
360811085002002,0.0020218022176609765
360810376003006,0.0015157392846284008
360810626002008,0.002578967690913672
360810306005005,0.0009271416551257673
360810434001002,0.0029450743631276688
360811010043007,0.001797665853609304
360811129002009,0.0029743075042761224
360811451022002,0.0012979748652588306
360810922002001,0.006415067923957538
360810507001006,0.001777086631589515
360810358002011,0.0003222415193510278
360810004002004,0.00019506607765811822
360810034002004,0.0012548087738729588
360811483002005,0.0031427359670616836
360811579021010,0.005789353443505405
360810504001010,0.002734143353735677
360811551042000,0.0022537998951625534
360810972062000,0.0011305838515437644
360810054004011,0.007065130572979643
360810779032003,0.012147720865410275
360810779071000,0.13836026807909937
360810779031001,0.0029450743631276688
360810779032004,0.0009610099765218137
360810580004001,0.0029450743631276688
360810517002001,0.001835894134965392
360810687001002,0.00264538433739953
360810534011005,0.0008373858340165342
360811191002002,0.011652459882067196
360810889021002,0.0011685630994540327
360810554002006,0.007514969659670415
360810306005000,0.0001575444469714516
360810069002004,0.0027732284428118614
360810055001000,0.008456837259699434
360810619002006,0.0004789235851652754
360811047001005,0.003325260772600062
360810137001016,0.00012093476226969333
360810361001000,0.09260042777425863
360810773002002,0.0037481437218635045
360810083002004,0.00016144607145772373
360810991004004,0.00970186580170059
360810238002003,0.00029897037958013595
360810665011005,0.03243522781319374
360810415002002,0.007215118216207594
360810779061001,0.002438170428866323
360811479001014,0.0020526414548543313
360810542004004,0.002545147915554433
360810646002001,0.0049183892961210274
360810153001003,0.00018370799426830172
360810123011012,0.0002929298626128808
360810892021001,0.09252808398685831
360810232003004,0.005414382883923654
360810837005001,0.023770803143245964
360810497001004,0.0031193512082059644
360810525001004,0.004733520835729803
360810058002008,0.05051836129365454
360810916034022,0.002532638921499893
360810954001013,0.0029450743631276688
360810779062012,0.0029450743631276688
360810981001007,0.005192909055098661
360810539011010,0.00029984069457230435
360810220021003,0.0027732284428118614
360810680004004,0.005886102500940901
360810799001009,0.001970310953731924
360810485003005,0.0030468190203811582
360810884002000,0.0029450743631276688
360810137001013,0.0029450743631276688
360811617002000,0.001282932588217506
360810444002008,0.003989438087153416
360810552001006,0.0014650393872136676
360810062022006,0.00044498785596003434
360810115002004,0.0029450743631276688
360810006002001,0.005543398259696429
360810507001002,0.0019992356477952183
360810376003002,0.0011697645522586173
360810136002000,0.004222616665376393
360811417004018,0.0017547577614102027
360810954003017,0.0029450743631276688
360810297002015,0.0029450743631276688
360810919001004,0.024769210399744362
360810245001005,0.0029450743631276688
360811385021027,0.00013930339578511404
360810585002002,0.017655091022357083
360811191001006,0.00010262602812439267
360810511002001,0.001199371766248166
360811483001006,0.0031022249180687298
360811483003008,0.0026158130135201566
360810788002004,0.0004318902934842528
360810916021009,0.0029450743631276688
360810306005001,0.0029450743631276688
360810284002008,0.00013928640133401677
360810320004005,0.004672225358893749
360810522001005,0.000590074420808494
360811579025007,0.006195798437503268
360811571016010,0.001989699664460535
360810476001001,0.00042759635537891545
360810945002007,0.004899768893812726
360811417002007,0.002479528026936009
360810723003005,0.0029450743631276688
360810709002001,0.002119054868716407
360811203001000,0.0019268303286379608
360810484003000,0.004769519797460098
360810716001018,0.0029450743631276688
360810019031030,0.0029450743631276688
360810846021017,0.0009094405808327647
360810992001004,0.0017040699104297697
360810032001008,0.0029450743631276688
360811017006000,0.0014515185738516157
360810743004000,0.0007865519919897579
360810528001011,0.007623086116011541
360810999001018,0.0029450743631276688
360810402002007,0.0029450743631276688
360810468002007,0.013298553037264828
360811010021015,0.0030110314196568483
360810065011002,0.0006865331123611082
360810942011006,0.005344433351080491
360811429002002,0.017043081503443965
360810511002004,0.0012479010762885632
360810532001008,0.004024248940341121
360810942023018,0.005116012773178253
360810973001004,0.0029450743631276688
360810007021003,0.005861954852110727
360810657021002,0.0004516592954923266
360810671001000,0.0010515714658945444
360810846021029,0.03661807539237507
360810884001016,0.0007701800618853418
360810358004006,0.0004322704420001225
360810592001014,0.001972385302537063
360810443011005,0.00144544994733847
360810757011003,0.024878194360411398
360810757022006,0.0004902350868346706
360810150001003,0.041376037048433824
360810626003003,0.0042882831769813275
360810884001002,0.007625809341768708
360810038001007,0.0029450743631276688
360810205001005,0.0009945551530396377
360811399001001,0.00035007041812251514
360811367001005,0.004001173123675578
360810526002005,0.004588042435581965
360810199011010,0.004137607674573883
360811247002003,0.011558015414573708
360810884005000,0.002498158879680198
360811385011011,0.0027264480213701914
360810071004006,0.0005291402529889654
360810629001001,0.016057321624561482
360811241001018,0.004804615062312147
360810358002001,0.0002261014558841764
360811507012009,0.005052498372110287
360811291023005,0.002242220392891754
360811347013000,0.018743925310565582
360810792001008,0.000832196452352947
360810188001007,0.056605514987309015
360810892014017,0.0010030692519080718
360810054002002,0.006617633731530118
360811529024003,0.001276765394640986
360810400002006,0.04477653631132547
360810907001023,0.0029450743631276688
360811277004002,0.00034243623815758285
360810183003001,0.06590601117521552
360810295001002,0.0007218028231875729
360810199012000,0.00823120915441063
360811193001006,0.028337485201564278
360811571014011,0.0049143727091093565
360810637003002,0.004804615062312147
360810001041018,0.0030332978644430474
360810999001000,0.0025339135574991745
360810111002003,0.0029477322857006504
360810309041000,0.0029450743631276688
360810595022000,0.0029450743631276688
360810548001002,0.0012937249217504156
360810282001011,0.0011561744597142858
360810531003006,0.0022235770733722245
360810062021007,0.0029450743631276688
360810018001000,0.002204082606247618
360811277001006,0.0006143422768700146
360810616012003,0.004220443727815362
360811471001000,0.0029450743631276688
360810846011009,0.04428814103946976
360810999001009,0.0029450743631276688
360811017005008,0.0003238953411426506
360811291043002,0.0012230373421705913
360810616011007,0.0029450743631276688
360810630002000,0.003864122522372207
360810669001002,0.0016483632980877395
360810170001004,0.00017974590715311937
360810176001004,0.009780566972833001
360810973002002,0.028411526433400176
360810892014014,0.0065771571547487105
360810987001005,0.003151304655622352
360810745002001,0.0029450743631276688
360811047001000,0.0035103688663782446
360810158011002,0.0008733336666417331
360810464001003,0.0024746083577510927
360811579014000,0.0004032640396192382
360810125002003,0.0029450743631276688
360810581002003,0.0017089381434042617
360811463001004,0.0013317036816973043
360811159002006,0.017893794283859718
360810865001002,0.006447453213257886
360810928002011,0.005495230736787105
360810448002003,0.00777881825034548
360810918001001,0.0029450743631276688
360811399002010,0.0013559818548462283
360810144001002,0.0008690385614433911
360810054003009,0.0029450743631276688
360810524001003,0.006217382846411688
360810208002007,0.006834437141027451
360810998015003,0.0013004141424687303
360810446022002,0.0035604943745851836
360810040021014,0.0010095189534065434
360810220011007,0.004265095222217909
360810889022002,0.0002683333316947459
360810251003006,0.0028804476586610146
360810095002000,0.001179717336169198
360810002002005,0.0009022695545404789
360811257001011,0.0018840330124218804
360811467003000,0.0013277844439819652
360810540002002,0.0088240340347524
360810190001008,0.0029450743631276688
360810945002028,0.0029450743631276688
360810595022011,0.003697552150316434
360810484001001,0.0029450743631276688
360810863002000,0.05660915939798276
360811385014008,0.0029450743631276688
360811385014011,0.0049318718705610685
360811377004003,0.4558168111965777
360810073002001,0.0009161007591169738
360810719002004,0.00012380820243310318
360810613011002,0.008530021279235082
360811529011000,0.007274497298151102
360810357002006,0.01871399049573235
360810101002007,0.003149364481953288
360810892014000,0.004475391470670263
360811507011005,0.0012914679795350493
360810320002007,0.013071962872491084
360810216021000,0.0013952547911358758
360810062021001,0.007844201153553181
360810437022000,0.03304911018441559
360810379003001,0.007572269894675387
360811059002000,0.008893252504395774
360810161001003,0.0021973146058842596
360810033011007,0.016272873296619042
360810033011004,0.013760910662216064
360811167001000,0.0013719209987421435
360810987002001,0.007101592664874224
360811029001012,0.002328917289372852
360810803023004,0.002857470351887376
360811093001004,0.0012982027814693266
360811529013003,0.004381126004014299
360810464001006,0.002605980706619234
360811377003007,0.0029450743631276688
360810270001006,0.0007027584130297689
360811072011016,0.031747887188641494
360810484004002,0.0029450743631276688
360810458001008,0.0003545466559718214
360810510001000,0.0022889705898017205
360811579012007,0.001835418261705986
360811567001004,0.0029450743631276688
360810383021000,0.00047387564859310556
360810464001001,0.002498158879680198
360810208002010,0.0076361799016842515
360811621005011,0.007646659970113586
360811175005002,0.000954150421954852
360811333003004,0.004482925508709087
360810413003003,0.0023040669457828236
360810255001012,0.0029450743631276688
360811133002000,0.0030014087833772733
360810328001002,0.0029450743631276688
360810297001008,0.017386046590303635
360810427002002,0.004726910286585957
360810840004000,0.0026352196719219333
360811201001006,0.016997333192991987
360810837005006,0.010231939833583689
360810621002002,0.00019554488746712631
360810633011004,0.01169294663440502
360810497001001,0.0025274507426719223
360810006003001,0.0029450743631276688
360810036002001,0.0005778365255562509
360810085001009,0.0003251608877146069
360810757022002,0.00046119874189798257
360811579012001,0.000977851652897684
360811409022010,0.0029450743631276688
360811479001018,0.0032767044426505756
360811155001009,0.0005918550324290828
360810556002005,0.0017457898584446814
360811579011001,0.003474078453570246
360811008012003,0.0016638859618128927
360811247003004,0.00745360123109453
360811367004000,0.12037036685806539
360810614001007,0.0015045608802007613
360810731001003,0.0016980835730074223
360810803022008,0.008506761911580962
360810621002000,0.04114724266460806
360810539012004,0.07189999466251767
360810542004001,0.003626424280662447
360811207012002,0.0038165266309192576
360810585003000,0.003545307101673518
360810394003001,0.0029450743631276688
360811617002003,0.0029450743631276688
360810427001003,0.0015351511765771026
360810916034021,0.002857470351887376
360810507002000,0.002103862159466125
360810616013005,0.0008675568693705919
360810809004005,0.002700940944206841
360810502021011,0.0014394423789980586
360810942021020,0.0029450743631276688
360810564001010,0.0042882831769813275
360810637002004,0.0029450743631276688
360811451022006,0.0018039076342574855
360811201001007,0.0030566350446447257
360810033011011,0.0012792198187809467
360810376001007,0.0028620543235536896
360811097003002,0.0029450743631276688
360811097003006,0.002498158879680198
360810991004020,0.001264032417332033
360810629002002,0.0008947700384011768
360810916035020,0.004238461661325623
360811032012002,0.0027732284428118614
360810186001009,0.002234393027554527
360810865003000,0.00035006793306076913
360810945002015,0.0034085910257133675
360810664023000,0.0029450743631276688
360810999001013,0.0029450743631276688
360811451021011,0.0017668358761239729
360811435002009,0.0029450743631276688
360810320002022,0.003974567787151459
360811277004006,0.0027732284428118614
360811579031003,0.0050149726546217825
360811017004002,0.0010794890530596917
360810334012015,0.0019189048325717673
360811467001005,0.0002562939715115109
360810790001000,0.0003076036663722514
360810141002008,0.00043896595428831973
360810141002007,0.017784276176968563
360810797021002,0.0002217556295499231
360810884003005,0.000670159473564601
360810612001005,0.0029450743631276688
360810138002004,0.0011908226601785742
360811579033009,0.0016424686026940982
360810723002007,0.00040747525530768675
360810757022010,0.0018852781526385014
360811417005006,0.003464371917748362
360810424002007,0.007152099776099739
360810230001003,0.00039458805388572414
360810334012012,0.0029450743631276688
360811571011003,0.002368582712461068
360810424002004,0.00011860460909701891
360810558002003,0.0027770235413922266
360810596002001,0.0006492059597259021
360811399002000,0.006684211187963503
360811399002001,0.0007377044705728768
360811571017007,0.0025342934370676698
360811467003003,0.0029450743631276688
360810199011004,0.001381306099257212
360810683002002,0.00024349865202870209
360810100002002,0.011022240461580398
360810062024002,0.03285613281820728
360810176002005,0.00019109857175838348
360810485003008,0.0022461466275007017
360810264001002,0.0013149637490008335
360811385014004,0.0008554480585849211
360810383021064,0.0029450743631276688
360810614001009,0.0005327494000079881
360810650001009,0.0009611536764145855
360811367006004,0.0020866772318368994
360811435002011,0.0029450743631276688
360810446012000,0.0002526765485078416
360811291024006,0.00261181911089031
360810650001007,0.006722096955587018
360810646002005,0.00039230179063910395
360810646002004,0.0029450743631276688
360810288012008,0.002255199775655733
360810258002000,0.005375173628058726
360810964001011,0.0003438718781195721
360810044012007,0.0050964327351554
360810803021010,0.00835859551269362
360810202001007,0.015273459599755968
360810363002001,0.0043573366484797186
360810243003006,0.004482925508709087
360810846021014,0.0013934960938893214
360810622001011,0.0017620624123052774
360810622002009,0.004963692227626599
360810214003015,0.018527867959814363
360810650001005,0.0018603420660206857
360811199001003,0.08211907978728537
360811175005005,0.0003658584870150472
360810317005015,0.0029450743631276688
360810120002000,0.015421176254182082
360810542002006,0.0005870693600730681
360810638001010,0.0023165562950931947
360810219001006,0.0029450743631276688
360810230002002,0.026143019517461563
360810513001001,0.00970186580170059
360810679003009,0.0005485503265946608
360810945001003,0.004553415547963808
360810679002002,0.0002801421916879347
360811571015001,0.0007868355184925857
360810199012005,0.0007555209333595659
360811551042015,0.0027810096236981557
360810779024000,0.7470606997192931
360810081001000,0.0029450743631276688
360810559001000,0.00748910390550877
360810251002000,0.0001170163516294408
360811032012000,0.0018598455080530464
360810650002012,0.0012404903303826595
360810330004003,0.0029450743631276688
360810255001013,0.0010035182175153626
360810997031007,0.000299802987128394
360811157002003,0.0032676312006193016
360810857003000,0.00315819077705409
360810138002002,0.004061847713565226
360810687002002,0.021492043921462495
360810493012005,0.0003081954920995173
360811039004002,0.000722284631653279
360810484004000,0.00033757103775616245
360810997012013,0.0020809151732082277
360810337002002,0.01387816618382653
360810654012008,0.00015788490334711684
360811291021011,0.0029450743631276688
360810612001007,0.0026900075688722318
360810424001000,0.0018066902762346336
360811139003000,0.0016693940356452331
360811129002005,0.0029450743631276688
360811157001004,0.004078364373260937
360810922002000,0.0010892209965351351
360810567002005,0.010380774518471983
360811435001008,0.0022911072942422036
360811175003004,0.004381126004014299
360811072011006,0.002508071215909261
360810561001005,0.0023675604083610337
360810568003003,0.001670270862841091
360810580004003,0.002509842743719023
360810998011004,0.0018343450514651195
360810309061004,0.04549977149732575
360810054002003,0.0035999393338006875
360810220013007,0.0029450743631276688
360810581001003,0.0024870047552877175
360811008032004,0.0030594593179930534
360811507021005,0.001850677512598718
360811507023003,0.0029450743631276688
360811463001011,0.012886381875466034
360811283001009,0.008482071407611957
360811409022007,0.0004141681272325569
360810102001006,0.0010868905707861363
360810532001003,0.0016309451849612848
360811033002005,0.010751017901807684
360811033004001,0.0006076136916591445
360810132001008,0.0017189841681485123
360810892013008,0.0010847057872055178
360810088001004,0.0023420299055145447
360810633011002,0.005342268223591641
360810635002005,0.0036944487888541464
360810719002000,0.000327309125122214
360810809001001,0.10289768863695738
360810664022002,0.002243475657944215
360810476002004,0.006957344442457982
360811133002006,0.0007022965557927506
360810295002002,0.0005565706163032699
360810123011008,0.004581587907960427
360810071001003,0.004214735204837493
360810238003001,0.0029450743631276688
360811227035004,0.0004984233421375703
360810721003000,0.0007053065947134819
360810230002000,0.0029450743631276688
360810568002000,0.0029450743631276688
360810508001000,0.0027162933978729384
360810506002001,0.000475220065848298
360810889032003,0.0029450743631276688
360810716001026,0.0029450743631276688
360810383021079,0.0029450743631276688
360810189003004,0.12563785195136515
360810328003005,0.004675755681293499
360811571013001,0.002799609170512966
360810025003000,0.0006998919290226945
360810619001006,0.002910907481900154
360810306004005,0.0015963521959788153
360810505001005,0.0029450743631276688
360810942012006,0.1373209515319188
360810942031013,0.001475478532422601
360810184021001,0.002077877109839178
360810184022002,0.010830824556047945
360810440002003,0.03682910723627728
360811283001016,0.0012596831881408767
360811241001004,0.0024003515592660937
360810272001004,0.0029450743631276688
360810033021009,0.341235404111142
360810803023001,0.0029450743631276688
360810086002004,0.0029450743631276688
360811385012003,0.0022809611431765693
360810334011010,0.0005330894728338157
360810058003000,0.0007472299311493489
360811099002008,0.005604682562381571
360811247002001,0.00017605746952170027
360810582001002,0.004651647604808205
360810757013002,0.0023228853389701074
360811199001007,0.0029450743631276688
360810869001015,0.00011433765058599626
360810278001004,0.015347203796302862
360810981002014,0.0029450743631276688
360810620001000,0.0066395549236703206
360810916041000,0.0026816077742527022
360810530001003,0.0013351160052126163
360810622001013,0.0006379137755252806
360810337002000,0.000575584564175651
360810351001000,0.0006548586892187716
360810179011004,0.12744361214405947
360810044012004,0.003986368437636387
360811147001006,0.0011953476436049053
360810531001001,0.0013140542240747336
360810504002000,0.004308550653757293
360811010033002,0.0005029652089409736
360811097003007,0.0007761112371170038
360811097003008,0.0028608869273984107
360810427002006,0.0023241950124923516
360810565001003,0.012410217194804684
360811483001007,0.0032871248559981237
360810158021004,0.02925350835013944
360810104002005,0.005938594237409263
360810334011009,0.0016788954187977167
360810033011015,0.0029450743631276688
360810869001007,0.0029450743631276688
360810663012004,0.0029450743631276688
360810480001011,0.0005502144321200546
360810404004005,0.002448671175533584
360810846012005,0.003254785513116048
360810504002004,0.004964822290117356
360810590001007,0.0029450743631276688
360810358003005,0.0033529565209773596
360810814003006,0.0007933082135829785
360810472003001,0.001331442868673647
360810492012000,0.0029450743631276688
360810141002012,0.0004532260683372469
360811141002004,0.0029450743631276688
360811139001000,0.010405313734982125
360811157002000,0.007762391170450205
360810981002010,0.0005161177848610118
360810489002000,0.0029450743631276688
360810379002003,0.015125339003118835
360811579022001,0.004059396784753717
360810294005012,0.0084450176617377
360810838003004,0.0031475276831148696
360810656001008,0.0005142204933436177
360810065013000,0.08456761099788299
360810101001000,0.004835160604939771
360810190001005,0.00022688706418917334
360811283001007,0.0026334351706682286
360810376004014,0.0003497383450399762
360810717022009,0.0029450743631276688
360810542002001,0.0027742098393774197
360811435002007,0.009958085853633253
360810278001005,0.004833167515025358
360810297001015,0.0029450743631276688
360811571021006,0.014973235849800997
360811571016000,0.0013843298592096274
360810179021025,0.0013967691137791384
360810179021012,0.0012264327455167466
360810199022008,0.002595011476890787
360811241002001,0.011133716563511064
360811417004017,0.0028596766597762733
360810687003015,0.0047075530013693245
360810098002005,0.0006470417422552051
360810058002006,0.0192383214150047
360810058003005,0.0029450743631276688
360810580002004,0.00138907568727073
360810204002004,0.007497829493856634
360810142012004,0.0017166811504761895
360810892013001,0.006157732417044483
360810086001001,0.006760804933957656
360810577002005,0.0016715377784434487
360810073003005,0.0029450743631276688
360810717022005,0.0029450743631276688
360811347021007,0.009618778683431336
360810446022000,0.0002688755698331492
360810489001017,0.0029450743631276688
360810558002001,0.005723636964133072
360811471002008,0.0003658310390793678
360811385021016,0.005479087275801707
360811283001000,0.0029450743631276688
360810540001000,0.005414829061142434
360810540002006,0.0036977293784078618
360810123012001,0.03142093517473993
360810030001004,0.0050355691105849875
360810179011000,0.0002681370385280265
360810916032008,0.0029450743631276688
360810939003002,0.002694435044923405
360811447002001,0.046146491304695024
360810255001000,0.00074438333273056
360810707001002,0.01309222000671437
360810664021007,0.0007288360357314283
360810330005003,0.0018700753054659205
360811265001009,0.004683277377584897
360811571015004,0.0006329445563956059
360811099001011,0.03112541599191137
360810024002000,0.0002666307647859876
360811039002001,0.00021758468043295656
360810513001006,0.008723460561213443
360810580002011,0.005323544138599528
360810568003006,0.0022325520315172025
360810613011005,0.0005740758924029021
360811367005001,0.0020968858837799183
360810991003013,0.0029450743631276688
360811147002010,0.002910907481900154
360810713032001,0.004461619878767148
360810404003009,0.00440239389797047
360810790002004,0.0029450743631276688
360810552001017,0.0013618592859506212
360810330003009,0.004270046255052515
360810158012006,0.004925244138679078
360810137001020,0.0029450743631276688
360810997031004,0.00024934689967979074
360811429002006,0.0029450743631276688
360810945001030,0.0033908135973301327
360810592001011,0.0029450743631276688
360811059001008,0.0016316517874064385
360810919003008,0.0015356408651700092
360810188001009,0.0029450743631276688
360810797013000,0.005654103261731352
360810154001000,0.0003531643746572013
360810942021011,0.000979346820223044
360810297002001,0.0029450743631276688
360811129002008,0.0036340764189366115
360810853001000,0.6560707839419916
360810108002004,0.02112743691545626
360810100002005,0.00026796993389598724
360810254021010,0.05368119914644246
360810861002003,0.0029450743631276688
360810114001006,0.0011548170319615912
360810114001004,0.002615406951792848
360811211001000,0.012818730659764395
360810667012001,0.0029450743631276688
360810803021013,0.003027929931994273
360810365001000,0.00014992709111899297
360810179011002,0.003221788205696025
360810532002000,0.001157789109688144
360810713042002,0.0002534825650242432
360810518001003,0.0012828907383883933
360810061001001,0.00046400415571601036
360810623001004,0.0005470161624016366
360810743002000,0.0024788980439500747
360810306004007,0.00035252507906607586
360810505001011,0.002140963859026864
360810553001004,0.0030328040079569316
360810922002002,0.0029450743631276688
360811409022016,0.005536769179863336
360810243003008,0.0007969552175535328
360810031001004,0.001348333277818862
360810517002000,0.0032458955439842677
360811277001014,0.0011422663243784636
360810929004002,0.008758883063841153
360810496003004,0.0011514101916579977
360810656003017,0.07052471201367934
360811579013004,0.004856688764574425
360811621004003,0.0014914221741448165
360811621004001,0.004239988595273079
360811459002001,0.002439472490693824
360810606001004,0.0787721116467769
360810621001001,0.002646051085748599
360811571014004,0.005888477611291578
360810309032002,0.004890728067187383
360810329001005,0.017034735893338947
360810001041008,0.0029450743631276688
360810552001009,0.012743500522161071
360810095002014,0.0008097526485954893
360810627001002,0.01529756821043927
360810657021004,0.000683603817268233
360810621002003,0.006003684276152128
360811085003001,0.0023167274067425006
360811507012018,0.0004002024979313667
360810001041025,0.0002930987270717928
360810918001014,0.0029450743631276688
360810942012008,0.0036589016813602104
360810638002000,0.0029450743631276688
360810196002006,0.00023670276774563458
360810317004000,0.0042882831769813275
360810077001003,0.005913640539510864
360810859002002,0.0002714100398245901
360810997043004,0.0029450743631276688
360811507013007,0.0029450743631276688
360810592001001,0.0029450743631276688
360810096002001,0.0029450743631276688
360810721004001,0.09011399428090493
360810254021005,0.002275032589595407
360810998011011,0.0033474086467220033
360811551042016,0.0034744472114036458
360810306001022,0.0029450743631276688
360810306001005,0.0029450743631276688
360810206001008,0.001843913608514787
360810934023015,0.0029450743631276688
360811039003005,0.002163201887187873
360810278001003,0.0030535326942405677
360810632002014,0.0008168849118033271
360810892011008,0.0025192342339933954
360810916032003,0.0029450743631276688
360811483002001,0.003144690119166607
360810646001002,0.0036412373812010493
360810383021003,0.00015818330114918434
360810654013001,0.006525656654118536
360810394001003,0.001872746950871506
360810376002003,0.00025202411687182455
360810366001011,0.016301769385764924
360810577002002,0.003605415855026891
360810339003001,0.002959420338900736
360810019031015,0.007732992098545407
360810019031014,0.0012327225101083103
360810132002010,0.001146143695356421
360810506001001,0.001604382241082819
360810086001000,0.00033556288438217673
360810846011006,0.00026848406304473484
360810972041003,0.0010070149282858467
360811099002000,0.0016202782849593907
360811017006004,0.00461194448257634
360810567004000,0.008666466196131251
360810925001007,0.001466921523916087
360810907001009,0.00013209061728458807
360810654011008,0.007538900927627453
360810110002003,0.0033529565209773596
360810846012010,0.0005525292357173054
360810964001005,0.001957145886583896
360810964002016,0.002315292950053672
360810320002017,0.00019794364563077872
360810476002003,0.01689651354470905
360811277003011,0.0029450743631276688
360810460002002,0.038535554359338545
360810384001001,0.016363718758420975
360810468001006,0.00970186580170059
360810548002001,0.0024870886910592933
360810492011006,0.00631844183899846
360810478021004,0.0029450743631276688
360811033002000,0.005791836224144389
360811579016015,0.002398168657696074
360810358001009,0.004365552838995818
360810749001011,0.0031209579951557466
360810141002005,0.00024020918544131415
360810383021067,0.0029450743631276688
360810095002012,0.0029450743631276688
360810992002011,0.002850199172644405
360811551034001,0.0006523445578378658
360810178002006,0.006505175161410818
360810540001007,0.0014836677700411569
360810148001002,0.0029450743631276688
360810534012006,0.0014180073367414177
360810695002001,0.0008928229172971604
360811441004006,0.0031885820154084837
360811223001007,0.0025689034092562526
360810557001003,0.0050733230839820785
360810557002003,0.002896575262872151
360810687003013,0.005368012220540528
360810717022017,0.018054140104061412
360810094002000,0.00041871636387993445
360810054003007,0.003157310561629045
360810916036008,0.0029450743631276688
360810568002012,0.0005089224066899359
360810892018007,0.0029450743631276688
360811032011002,0.0030996733594834893
360810773003000,0.0029450743631276688
360810294005000,0.0072992159526279335
360811008031006,0.001683783810812044
360810205001001,0.00046063339826422174
360810124002005,0.047498458504533506
360811341003002,0.0029450743631276688
360810069003000,0.000435753275479355
360810007011002,0.0005005784802896162
360811479002007,0.00026824063455783796
360811507012011,0.00012744042853864238
360810376001003,0.00053033890629281
360810809005001,0.00036670625896027185
360810682002002,0.0029450743631276688
360810892017010,0.0029450743631276688
360810929002007,0.003229655623116371
360810638001007,0.0029450743631276688
360810404004006,0.00043354501502933387
360810484001005,0.005344433351080491
360811247003010,0.0010732662775258732
360811367006002,0.0029450743631276688
360810249001002,0.005768504280291758
360810638003007,0.002296089899703248
360810014003003,0.004489792741343203
360810117003001,0.002910907481900154
360810884007000,0.004429217063200272
360810309031004,0.08525606995814307
360811301002001,0.0029450743631276688
360810633022000,0.0020526414548543313
360810928003009,0.0012671581179845854
360810551002002,0.0005511832298661717
360810094001000,0.0031120669099458263
360810368001008,0.0029450743631276688
360810837001004,0.00030516030644865623
360811010021013,0.0004248409113504788
360810240001004,0.00015368817916682043
360811291024007,0.0029450743631276688
360810352002007,0.0004416137125287638
360810626001001,0.004273056013953633
360810294003004,0.0001774916626792956
360810141002009,0.0018020085765664007
360810713063001,0.0017505058059323066
360810097004000,0.004941427052732257
360811579012002,0.0006469363443477635
360811227031004,0.0029450743631276688
360811029002006,0.005073958722557746
360811207012005,0.0037733698981549124
360810257001006,0.004411186968355788
360811579031014,0.004250018895685466
360810664033002,0.0014717779243920168
360811291033008,0.0014884042677633864
360810610001000,0.0031648690367046253
360810626001007,0.0022703784123754376
360810626002003,0.0013738504659577357
360810330001002,0.0004267116586179596
360811181001002,0.003065444265450702
360810934023010,0.001479195023408325
360810871002007,0.0005440563119855639
360811157002004,0.005079169812019508
360810797022000,0.016032437921636097
360811099003003,0.0017174659753029298
360810019021010,0.007110502658053509
360810044011010,0.0029450743631276688
360810568002004,0.009151811396382659
360810916035012,0.0029450743631276688
360811032021002,0.00033878092546247895
360810680004011,0.0029450743631276688
360810991003008,0.0029450743631276688
360811529022001,0.006944817189447636
360810448001004,0.0023295112609180053
360810603001001,0.02082941564385625
360810489001005,0.0036537755613581676
360811483003022,0.004566434897464305
360810062021000,0.0029450743631276688
360810039001003,0.0007994600308766693
360810492021005,0.012983533987566413
360810247001002,0.0029450743631276688
360810929005011,0.004714494805749821
360810991005006,0.0025083056335238494
360810238004002,0.010726445401929893
360810664032000,0.0010796886104888228
360811579012004,0.009758769015633995
360810568001007,0.0019700182333813065
360810596001000,0.002431798869746771
360811123002011,0.004167517025320189
360810007012000,0.14472080127671128
360810019011006,0.021796892762050595
360810037001004,0.0023680429311891014
360810627002002,0.005378504656488346
360810054002005,0.000521314567561713
360810317002002,0.003484893425995415
360810462001003,0.00012402824505249296
360810383021031,0.0029450743631276688
360811283001018,0.0029450743631276688
360810480001009,0.0029450743631276688
360810306004010,0.003332126049874287
360810118001001,0.011756257334625464
360810120002002,0.00027619698811233814
360810036002006,0.0001740920827640929
360810713042001,0.000911291946637737
360810635001004,0.002645791440436105
360811129002003,0.0029450743631276688
360810492011002,0.0029450743631276688
360810697021000,0.0005015341878489042
360810196001001,0.0008435486388792986
360810456001016,0.011080399949286165
360810464001012,0.002199777236023307
360810352001012,0.00039661634284395513
360811039001010,0.014554800933880325
360811059001003,0.002005507131511011
360811123001001,0.003994392632055901
360810158012001,0.0029450743631276688
360811008011004,0.0035483206781802084
360811072011015,0.0026708527946394636
360811265001002,0.002395803436846114
360811267003001,0.010735195998777163
360810456001012,0.4103009740342018
360810939002006,0.005124660830543406
360811059004011,0.0029450743631276688
360810939003000,0.0029450743631276688
360810582001004,0.0016550267043257021
360810542004000,0.0022474322082296464
360810444002005,0.009183995610981835
360810632002013,0.00527446406116902
360811571018002,0.007228781237831555
360811171002004,0.0020269992770811937
360811047003010,0.00027214740755481643
360810358002002,0.0029450743631276688
360810264002005,0.008249011855930004
360810330005006,0.0006216084625970516
360810650001012,0.003386500242322243
360810383021087,0.0029450743631276688
360810528001009,0.002940854169277114
360810339002000,0.0014157365774254101
360811155002002,0.0011407996567265029
360810709001003,0.00044799288429743424
360810531002002,0.0019585600515600304
360810118001004,0.00021913854042923255
360810479002007,0.005018188212390108
360810884005008,0.0018872503509890445
360810522001001,0.002257645571475772
360811333001002,0.0029450743631276688
360810532001007,0.005211214513013614
360811032022007,0.0002457886948121721
360811032022012,0.0027786239835947213
360810680001003,0.0004805397380863977
360810187003008,0.0029450743631276688
360810018002005,0.000822528742175856
360811017007000,0.003461915312510189
360810907001008,0.004844444757251391
360810916034003,0.002683889246471177
360810916034027,0.0029450743631276688
360810400001008,0.00031712444022797463
360811571012004,0.0020619814184686847
360810664022008,0.004497139349677374
360810934023009,0.001971554709697877
360810799002002,0.0009444344204825605
360811571021005,0.0029450743631276688
360810037001007,0.0029450743631276688
360810964002000,0.002844967723433709
360810972041007,0.0032041887741070807
360811403002006,0.0018515761379957175
360811399002006,0.004238461661325623
360810320002016,0.003583644714540225
360810330001007,0.004603763165734141
360810330003013,0.0009462812665824881
360810838004004,0.17767483396014813
360810478021006,0.004504316279231936
360811175001007,0.0034744472114036458
360811291041002,0.01692487436921589
360810534012002,0.0005492851738830612
360811113003000,0.00033022597867016484
360810440003005,0.006126794974106014
360810664021009,0.0028960947318420723
360811155001002,0.000826581082107569
360810928002008,0.0030696511758492888
360810667011007,0.0055662240209227954
360810846021027,0.0029450743631276688
360810061002000,0.00010079190178962597
360810916035016,0.0029450743631276688
360811017006008,0.011276508922153629
360811617003012,0.0029450743631276688
360810208002021,0.03703408533763766
360810779031003,0.01195865827011426
360811571022001,0.0029450743631276688
360810540001003,0.00169070446529995
360811435001000,0.0010332543905709297
360810788001003,0.00034416394914140147
360810997033009,0.0022921874194967015
360810869002011,0.0023654862048382384
360810414003007,0.008108291863951256
360810280001004,0.07093832517523907
360810814002001,0.0018872753284510204
360810846021016,0.0016382810293541935
360811341003006,0.0010028856292751236
360810884004009,0.0022711227605990373
360810864001002,0.002375435535670933
360810054003010,0.0019462896822063432
360811113003007,0.003189975550817643
360810243004008,0.0011145117214791985
360811047005006,0.006492209031200686
360810294004000,0.04042593194240317
360810638005010,0.0029450743631276688
360811291041004,0.0006360832521903604
360810511001007,0.030062714135340115
360810717022011,0.0029450743631276688
360810803021001,0.0029450743631276688
360810998015010,0.0028937601322725
360810293001000,0.0013082134416799226
360811175004006,0.0035039840292110953
360811529011016,0.0029450743631276688
360810717012003,0.07102364739108616
360810680001007,0.0029450743631276688
360811441004002,0.0026202446268624494
360811113002006,0.0029450743631276688
360810713062002,0.004711069343684277
360811039003010,0.0022568370302229776
360810616022004,0.0029450743631276688
360810482001003,0.013392418419021368
360810113003001,0.0027048332131376254
360810019021007,0.008360353227339787
360811247002000,0.010676199415611843
360810183004003,0.04902394103882802
360810521001001,0.003037134556952002
360810106001004,0.0005958479902048927
360811247003008,0.0011036012872589665
360810014003000,0.00516919163163269
360810204001005,0.0012460808873531054
360810892021009,0.0029450743631276688
360810309032000,0.031251979881597704
360810814001000,0.0013990046870662766
360811617001003,0.002578967690913672
360810170002004,0.0008351745449583808
360810255001011,0.014022973460873342
360811017005006,0.004804615062312147
360810981002001,0.0029450743631276688
360810945001009,0.004949544451309425
360810493011005,0.0014286582019839423
360810677002005,0.0029450743631276688
360810884006001,0.0007205911249312721
360810922001009,0.0055115748461294165
360810158021005,0.0005902511760481772
360810803023012,0.0004353806008182937
360810535011011,0.0029450743631276688
360810159001001,0.0013892414656592785
360810337001007,0.002954645259731998
360810694001007,0.0039434135916051076
360810220012004,0.0012194952913447698
360810327001003,0.007728686406897546
360810716001012,0.001692157048324748
360810998015002,0.0021081795118218743
360811010043001,0.00388240170701673
360811617003002,0.000776228190817895
360811123002012,0.0022113469963280057
360810054004006,0.0006083211694523252
360810014002002,0.00040709604806885556
360810889021003,0.0056928167922012775
360810288011001,0.1441791107674261
360810137001002,0.00021305423232073127
360810022001001,0.0011801734573841508
360810919001001,0.0008852525744190358
360810929003006,0.0024228879282549485
360810384001005,0.006736246096058608
360810166001000,0.00026255712757672475
360810470001000,0.011849160628363949
360811277003003,0.005543398259696429
360810589002005,0.0007525230129542865
360810884008009,0.0023514807874405303
360810352002011,0.001153778829619067
360810919001005,0.10860784145060685
360810916035013,0.0016859721067380416
360811223001008,0.02997195555255216
360810664033006,0.0009842465093046382
360810557002002,0.005452500364267129
360810779071004,0.0012004080967623547
360810803022005,0.00037797409845483196
360810243004004,0.0029450743631276688
360810102001004,0.015202212888482822
360810219001003,0.002626591745538771
360810236001002,0.0006953403430711758
360810641021008,0.0022520849098202054
360810086001010,0.0015190857868907302
360810012002003,0.006454470241450568
360810091002000,0.00042268018997909017
360810657021005,0.004741691402167536
360810625002000,0.0056824326058665725
360810779042000,0.001991624602725959
360810554001002,0.002331833215600452
360810294001004,0.0007555531136172359
360810190002004,0.002719883832655634
360811617001007,0.0029450743631276688
360810144001006,0.003211524180228011
360810016001000,0.4432062293049949
360810006001005,0.0003757227390368588
360810034002000,0.009394616371613342
360810008001002,0.00012813532633178463
360810871002016,0.053864993213438676
360810284002002,0.0030361183577212536
360810779071001,0.0014786778328692851
360810991003019,0.0029450743631276688
360810731001005,0.001497624444990874
360810309052004,0.002901889486869742
360811571015002,0.0004821905355728884
360811072011003,0.017966920566976956
360811072011034,0.003163622885038418
360810614001001,0.0016883156964090887
360810973003004,0.0033742406415513348
360811093003012,0.0011955207310610204
360810456001005,0.0009885326527190904
360810458001005,0.0025945396541274778
360811483004006,0.005368012220540528
360810358003010,0.0029450743631276688
360811567001009,0.0012233399353909012
360810253014002,0.0029450743631276688
360810375021001,0.18493275900098885
360810694002007,0.0014882008410070733
360810373002002,0.00042524497275286114
360810972021003,0.0029450743631276688
360810031002004,0.00035022100225479727
360811195001001,0.000919591787146336
360810031001002,0.004671379303514945
360810709002004,0.005679415221949427
360810928002001,0.0029450743631276688
360811227025001,0.005821853851362415
360811032022008,0.008860741973059234
360811093001005,0.041926658757959145
360810036001003,0.010425087173338433
360810136002002,0.00907968211321721
360810745002003,0.0029450743631276688
360810939001002,0.0028823907497261595
360810261004006,0.0033083249487337917
360810261003000,0.00540556858099646
360810654013002,0.006617633731530118
360810116001003,0.04237344007013427
360810414003004,0.018852738472140265
360810125001013,0.0029450743631276688
360810500002000,0.004918176086308596
360810620001004,0.010073212219627757
360811008031000,0.00011993883806743721
360811571016002,0.03903008374938809
360810485003006,0.0017306527309842617
360810123013002,0.0029450743631276688
360810973001005,0.0029450743631276688
360811621002007,0.0029450743631276688
360810997051001,0.0029450743631276688
360810928003000,0.0029450743631276688
360810665011007,0.003557354500643791
360811579021006,0.0029450743631276688
360810606001006,0.002242382732959507
360810997031008,0.0020984549014476743
360810031002006,0.0010467595018146725
360810790002003,0.004381126004014299
360810357002000,0.0029450743631276688
360810507001000,0.0029450743631276688
360810261004001,0.0029450743631276688
360811441003002,0.0011067424432063915
360810846021035,0.0029450743631276688
360810088001006,0.004381126004014299
360810928002012,0.001549270172962197
360810276001004,0.0032325817954565192
360810028001004,0.0069077220611333725
360810459002002,0.0003805065128038802
360810108002002,0.000911366311426548
360811451011005,0.002506657774914057
360811507023009,0.0017166917307572167
360810568002007,0.0029450743631276688
360810582003000,0.0006243260997727517
360810540002004,0.00035971631244587315
360810377001001,0.0030414998023823394
360810140001004,0.005203966888918642
360811399002011,0.00031118419280594297
360810972071002,0.0029450743631276688
360810837001008,0.0006964001399678871
360811291021000,0.0025001224577486224
360811451021003,0.0021454406473693276
360811347011005,0.0029439441722375016
360810566001003,0.0006416789038934861
360810257001002,0.000587002702780754
360811010022003,0.004443505554547766
360810142011003,0.007578747319040695
360810038002004,0.004588505612121667
360810181023001,0.14224694822424838
360810016002000,0.007576297015781648
360810243003010,0.0008004844583433984
360810779062000,0.007033741711427412
360810612002003,0.003473359498432459
360810373002004,0.001703090932541267
360810381001001,0.20942098520026575
360811441001006,0.0062015063725432435
360811483001016,0.0029450743631276688
360811227024000,0.0029450743631276688
360810973002000,0.0029450743631276688
360811257002007,0.004400476210936765
360811507021001,0.0007135186904536503
360810119002000,0.0003322096828469836
360810542002002,0.0011909305083918
360810638001000,0.0003983912083590711
360811113003003,0.012294217784697697
360811129003003,0.0012127522742028884
360811129003004,0.011205457552906684
360810022002003,0.00012809455060575712
360810077001007,0.01643998886639555
360811039004010,0.00036474271205870067
360810849021001,0.0035793117085929443
360810274001007,0.009246382364244412
360811339001004,0.00021212322101347427
360810884008001,0.0028603583951737678
360810530002007,0.0014559698043869226
360810045001001,0.001573029726364353
360810741004001,0.0006937794098816921
360810376003000,0.0004118535346176737
360810306005003,0.0005244961652664369
360810235021004,0.0029450743631276688
360811147001001,0.05761797423364319
360810687003016,0.0020026892806817944
360810939001013,0.007240843286212415
360810446021002,0.37330532619575635
360810253012000,0.0001430965699069801
360810079002004,0.0029450743631276688
360811579031011,0.0015207135907159565
360810480001006,0.0029450743631276688
360810189003002,0.00507386408203881
360810942031007,0.0004957074596935426
360810942031004,0.0030452781496306145
360810694001000,0.009313867833452307
360810448001001,0.00036321436545659705
360810037001005,0.009041545969276565
360810044012005,0.009605566019709568
360810007012013,0.00029597432968865757
360810934023004,0.0023680429311891014
360810938003007,0.004259075098362611
360811047002012,0.0009780485059720425
360811215002002,0.004025020440630749
360810001041006,0.0023052882797431153
360810199022013,0.0029450743631276688
360810028002004,0.00011232447422296431
360811617003003,0.003173884717031181
360810204001000,0.002102479540683298
360810254012004,0.0029450743631276688
360810232001000,0.000557743354565359
360811113001001,0.0029450743631276688
360810568002006,0.0004208477698643268
360810179021018,0.006664184319397682
360810947002001,0.0018039076342574855
360810214002008,0.377754795648736
360810254012006,0.0005582511011725346
360811277004010,0.0017502028345678384
360810663012008,0.008941950370294223
360810377002000,0.0002970357550965424
360810032001007,0.009778073482663322
360810637003007,0.0024942823404769613
360811039004009,0.0029450743631276688
360811341001010,0.0042846046817444665
360810470001001,0.0029450743631276688
360810123012011,0.00010727031790798141
360810450001005,0.001805437799469183
360810499003001,0.0029450743631276688
360810086001013,0.0015439093071814354
360810779062004,0.001962846458382493
360810892016005,0.0029450743631276688
360810439002001,0.00012319192061851193
360810499003003,0.0022770978550682285
360810680001000,0.0029450743631276688
360810095002015,0.0029450743631276688
360810235011001,0.002578967690913672
360810497001006,0.0009517904889685458
360810535011005,0.0002751941994691931
360810024001000,0.0012946771509126638
360810358004000,0.0005690294980189946
360810840002004,0.12106988762567267
360811571014008,0.0029450743631276688
360811571011001,0.005607969581319916
360810126011001,0.00011621509083499447
360810132002011,0.003541030635954782
360810037001006,0.0029450743631276688
360810659002005,0.005150201738755974
360810892016003,0.0016309451849612848
360811579032011,0.003984838643567526
360810468002004,0.0004785768757884826
360810554001003,0.005687572375159754
360811085001001,0.00022428400976166435
360810198002006,0.0029450743631276688
360810112002005,0.0029450743631276688
360810006003000,0.0014696824376475228
360810044011002,0.0010017321990252453
360811059002007,0.005257111491924342
360810466001002,0.0004749831312965072
360810660001002,0.0029450743631276688
360810892013003,0.0004015713585096924
360811483001004,0.0029450743631276688
360811579015001,0.0029450743631276688
360810384002012,0.015071369602035058
360810141002001,0.003983796718181365
360810254011002,0.0010355540557584447
360810366002002,0.0011244636685440925
360810122001004,0.005345942664640141
360810208001014,0.00810286245212261
360810452001003,0.002873916417537271
360810837005003,0.003163622885038418
360810317005000,0.00283398882749261
360810542004003,0.0013340657191614651
360810747001000,0.0003422527725294596
360811267001002,0.002060953690213087
360810583003000,0.0014726578594466036
360811171002005,0.006848280320531456
360811047005003,0.001932673955638924
360810439001000,0.0001490756931815002
360810916033000,0.0029450743631276688
360810306005002,0.0060479524006129375
360810366001004,0.0029450743631276688
360810327001005,0.0010598091447313628
360810044012010,0.009287040230717728
360811333001005,0.00017133665441617166
360810376004002,0.013489703585123669
360810818001001,0.0016916680229773146
360810972021007,0.0029450743631276688
360810992002000,0.0029450743631276688
360810032001003,0.0029450743631276688
360810775002006,0.001339935828540566
360810558002006,0.001148836246774679
360811551031002,0.004809940960784498
360810938003001,0.0029450743631276688
360811201001005,0.0025535543911570824
360810019021001,0.0029450743631276688
360810659001002,0.0006937526637461368
360811409011015,0.0029450743631276688
360811435002004,0.0008400175014450572
360811571014013,0.00270685231128049
360810568001001,0.00036245074198995684
360810182001005,0.010692683365256899
360810484002000,0.001967576780214936
360811155001006,0.0019794824761063426
360810220014001,0.004414820527171599
360811341003012,0.0019338848582233662
360811093002010,0.0009123207601380499
360810991004002,0.0013027849839239872
360810071001002,0.002220458867072576
360810520001003,0.0011928494468464452
360810846021034,0.0015434743243760733
360810220013004,0.0029450743631276688
360810558002004,0.002172782989030569
360810512002009,0.0017079615687678905
360810510002006,0.00019690656697113402
360811113001009,0.002578967690913672
360810434001003,0.06556028937825259
360810280001005,0.0004375974843210305
360810818001005,0.006510412210290392
360810814003007,0.0005373439295068986
360811471001005,0.0019491887761921443
360810566001000,0.003341429296088584
360810560001005,0.004815902611592735
360810179021010,0.00240289232685793
360810199012015,0.0029450743631276688
360811189002003,0.0030389838890085103
360811223003004,0.00013967229883289422
360811341001001,0.0029450743631276688
360811207012007,0.001290666670910184
360810463002001,0.0003057385114569384
360810098002002,0.0002681000189010705
360810334052012,0.0018501446972004143
360810532001006,0.003499396153421421
360811123001003,0.06227783774837468
360811529013000,0.0025673896922161986
360811507013008,0.004088816304657276
360810650001002,0.0029450743631276688
360810690001010,0.008681834835173966
360811291044007,0.003303410736306031
360810288012010,0.0013528941162493735
360810534012003,0.001676779338520753
360811579016013,0.005195082399712709
360811579016005,0.004645656003578804
360810972041000,0.0043303671299910335
360810998015006,0.0001645113783425976
360811467003006,0.0037908003847189333
360810377002004,0.0005759089547232333
360810229001002,0.00956506514628568
360810997051009,0.00594626350009492
360810001021004,0.00031925663861318953
360810328003001,0.0013153834469253594
360810694002000,0.010882221025238432
360810884003003,0.0033095802624981373
360810555002005,0.002588140371074143
360811277004003,0.00011704956780162974
360810257001005,0.0005375837223197087
360811471001012,0.0009126989613290889
360810123013001,0.007626848846497438
360810249002004,0.0023861964087476145
360810156002002,0.0007798133450533277
360810156001005,0.0013324244812004807
360810542002007,0.0021984058462227634
360810542002008,0.0016664125297558678
360810284001009,0.00020285496209358257
360810219001004,0.11113285014291356
360810973003003,0.0011246139236048367
360811039004012,0.0029450743631276688
360811039003006,0.003272885179003529
360811093003010,0.003955645595955515
360810542001004,0.001015991488843167
360810694001009,0.0015538665447384003
360810094001001,0.0013422235509890162
360811283001004,0.0015597146251213933
360810456001009,0.0029450743631276688
360810599002002,0.00043179178991435897
360810394002002,0.004201567544341146
360810180001008,0.008156467311737945
360810799001003,0.0001596027394223922
360810025005000,0.00030933625105133446
360810402001002,0.00805863554299455
360810184011001,0.0040585812591895296
360810590001000,0.0029450743631276688
360810334052004,0.0029450743631276688
360810320001007,0.0029450743631276688
360810383021054,0.0029450743631276688
360810204001016,0.004716645964165218
360810172001004,0.00033488545868692887
360810178001003,0.1779118139354282
360811147002001,0.0013820515015285709
360811257003006,0.0001195773291008324
360810803012002,0.0056607030261108604
360810928002002,0.0020968858837799183
360810439002002,0.012390448350457009
360810472002003,0.0005207913982528432
360811181001001,0.002850199172644405
360811059003005,0.0029450743631276688
360810954002001,0.003914576489042586
360810383011013,0.049055659613696144
360811291031001,0.00867393668760094
360811617004005,0.004119335319005391
360810317002001,0.00889894634666684
360810299001000,0.0046706179813135905
360810934012003,0.006131834699547203
360811129001007,0.0029450743631276688
360810329003008,0.0005466758562944283
360810635001006,0.0020987610436255105
360810044011009,0.0029450743631276688
360810626003004,0.0019554948393974416
360810143002001,0.0013251621170949901
360810094001002,0.0003814576599112295
360811010043008,0.0024251406926676065
360810713043002,0.0016434049763820327
360810404004007,0.0009340583609011285
360811579032000,0.0020452973936518275
360810002001001,0.007513156499385619
360810220021004,0.012887996373628039
360810741002001,0.0008364270231673628
360810803011006,0.0012130763541068144
360811507021009,0.0018303749033272713
360811507024006,0.002977054267624754
360811507023007,0.0005135023619199475
360810309051005,0.0006301856720171066
360810667011005,0.001622417960748047
360810997011013,0.0029450743631276688
360810293001008,0.006912481291569496
360810383011022,0.012818994040372908
360810411001004,0.0022115913232367565
360811032022002,0.002657537532324999
360810462003005,0.13545984197227165
360810063004000,0.0007041487431197396
360810775002005,0.0028987722887095753
360810601001002,0.0015558970016536936
360810717011000,0.00019843578997009239
360811277001011,0.004702186728948163
360811377002002,0.003576586383418881
360811291044005,0.0020051042485072744
360810053004001,0.032638889949610964
360810051001002,0.00034238700755984184
360811047001001,0.004170782469868403
360810695001005,0.0029450743631276688
360810583003001,0.0003969727923232533
360810361001007,0.0007811608181408839
360810363001005,0.08765625443362231
360810182002003,0.0038798595437997577
360810629002000,0.0005528534570577687
360810361001003,0.009234021581489048
360810657021003,0.00027325291662825077
360810149002003,0.00039376035507845736
360810105001001,0.008866961770770534
360811033001001,0.0019666328537242704
360811033001000,0.016668615126896005
360810058002000,0.0020463034405694626
360810595022004,0.008392321759769462
360810934021000,0.0029450743631276688
360810889022000,0.0008406793220951829
360810567004003,0.004579557292951307
360810565001006,0.0021615256003969683
360810840005000,0.001172354112397344
360810665012001,0.0030265364471576467
360810198001001,0.0029450743631276688
360811579011005,0.0008134603670014262
360810204002000,0.001586459059149109
360810539012003,0.011083175972808192
360810600001007,0.023730372561293636
360810400002010,0.0034073810631308596
360810126011000,0.0022757158957436656
360810837002000,0.0029450743631276688
360810054004002,0.0016636867881964753
360811385021025,0.0029450743631276688
360810938001000,0.0034486788963051245
360810472002013,0.0009169047540154247
360810837001010,0.010685834125918552
360810803023002,0.009357756906221213
360811227031001,0.00405409999278376
360810608001002,0.002498158879680198
360810258001003,0.011514412853534441
360810101002005,0.0036564339271487395
360810004001005,0.0011348826834361766
360810034002002,0.0026670461585487784
360810085002000,0.00010996741292769693
360810709001000,0.002808293656663128
360810091001002,0.004238461661325623
360810884006002,0.0016202078411169385
360810088002005,0.0029450743631276688
360810062011001,0.0029450743631276688
360810638003008,0.0016030107682601699
360810656001013,0.004528078460464655
360810376005002,0.0010833080785904124
360810246001003,0.008779250970018694
360810163001000,0.0032532196707200475
360811579023008,0.002988273106112354
360810522001008,0.002578967690913672
360810166002003,0.00015065158430530387
360811072011012,0.001520494579363592
360811247003001,0.0012921506149033604
360810757013004,0.0004266509701972393
360810475001007,0.0005090113458550991
360810124002001,0.0005942261288807229
360810556001002,0.00285515778110557
360810439001004,0.010056978288815343
360810683002000,0.0029450743631276688
360810320001025,0.0021897284024535654
360810373002005,0.0180036500071802
360810998011006,0.0007136577465600929
360810347001006,0.0030485874411878273
360811247001001,0.0005260629183424275
360810769011002,0.0065771571547487105
360811093003002,0.0002015934240933625
360810682001011,0.0006924984334307538
360810818003003,0.0034367233146904417
360811010021004,0.001755801484630428
360810185023001,0.0006504885588852194
360810140001007,0.007330224623319571
360810567001004,0.004778226061137494
360810972041013,0.00970186580170059
360810558001001,0.00431060650875516
360810194002003,0.0029450743631276688
360810964001008,0.0016309451849612848
360810500002003,0.0001805773438511945
360810473002006,0.005513009281283348
360810320002009,0.3797783721405693
360810320004009,0.001198261899022071
360810557001004,0.0029450743631276688
360811093001013,0.0029450743631276688
360811139001003,0.0006434619327134129
360810254012009,0.00014953037905566288
360810446012003,0.0027536501221047155
360810444003008,0.004730637531714712
360811451022016,0.0029450743631276688
360810925003001,0.0002783082907422965
360810552002008,0.011872255034640391
360810502011004,0.04548351637483636
360810484001006,0.00036808663085329506
360810478021002,0.0013866217850616452
360810660002012,0.0017035150496751436
360810119002001,0.009892873706260071
360810997013005,0.0029450743631276688
360810987001011,0.013234155763804883
360810650002011,0.0006775869294107474
360810083001001,0.06373936191992119
360810216021003,0.0032354094354557546
360810869001018,0.0003689568946725361
360810641021012,0.0023296242766801464
360810775002009,0.0029450743631276688
360810561001001,0.0013935244042331287
360810357001000,0.0029450743631276688
360810512001010,0.0029450743631276688
360810110001001,0.00019393300829948035
360810096001001,0.016780718160698933
360810288031000,0.004482925508709087
360810606001001,0.005498952289698822
360810434001007,0.020570524968143582
360810814003004,0.0018221042395967224
360810179021021,0.0007991115715477312
360811215001001,0.0007631171803426515
360810510002003,0.0006318752030662808
360810928001003,0.00023858364629259833
360810916035001,0.0029450743631276688
360811291024008,0.0029450743631276688
360810964002018,0.0010489913756733286
360810992002026,0.0029450743631276688
360811291033004,0.0029450743631276688
360811291022010,0.004615324992212819
360810792002009,0.0018308484613130923
360810192002002,0.004782995463126098
360811409011005,0.005296809887519841
360810972021004,0.0029450743631276688
360810309061005,0.00020543221847694963
360810126022000,0.006694743954581716
360810189002003,0.004101655398833437
360810884008003,0.007934091243029096
360810992002023,0.007488069655425401
360810144001012,0.0006709770081705583
360810999001012,0.0029450743631276688
360811247003006,0.006454374593377553
360810622001004,0.002172782989030569
360810505001009,0.0006739608270357293
360810522001004,0.0029450743631276688
360810695001001,0.0029450743631276688
360810803023003,0.0029450743631276688
360810929003005,0.004114518843381915
360810564001003,0.00543879211124656
360811139003008,0.004591903790245301
360810026001002,0.005968156999813995
360811113003005,0.004956264151784295
360810773003001,0.0029450743631276688
360810045002000,0.003071788585388595
360810916036014,0.0029450743631276688
360810580002003,0.0007278672541683245
360810849011000,0.20861987768834445
360811579031006,0.003865346187406011
360810645001002,0.00808644669002772
360810713052001,0.002107347903846948
360810723002008,0.0029450743631276688
360810585003005,0.0027380780821706016
360810352001000,0.008742999218367487
360810320001003,0.002369366608181803
360810206001000,0.006970968690800514
360810204001004,0.0017793631872318578
360810145001002,0.001820006354948213
360810928003006,0.0008401833978150853
360810928002009,0.0013027849839239872
360810168002000,0.013916359180670652
360811032022011,0.0005126882047208485
360811579033013,0.0029450743631276688
360810132001007,0.0029450743631276688
360810697023004,0.001236617664318352
360810954003020,0.0013380347547873673
360810775002000,0.002604072278298386
360810929001002,0.011689401450092764
360810424003006,0.0007121935736471689
360810088001009,0.00014457842037289795
360811429001001,0.00024712756642863087
360810997051012,0.003281434714538922
360811047001006,0.0029450743631276688
360810616021003,0.001732684067157143
360810008001004,0.01220997708460444
360810916032005,0.0029450743631276688
360810174001002,0.0029783928589055086
360810232003002,0.0017766425654069718
360810520001002,0.0029450743631276688
360811483004004,0.0029450743631276688
360810038001006,0.0005148569936082518
360810639002005,0.010582550173045477
360810014002001,0.03836465749209508
360811032023003,0.00021318097875912265
360810112001002,0.0065370709380304405
360810018002004,0.002424539269546614
360810036001002,0.0022799565125401315
360810137001004,0.002461065904209841
360810907001007,0.004341685499209128
360811483003001,0.0020990861623206955
360810255001010,0.013921309173428388
360810846021020,0.0029450743631276688
360810329001007,0.001755082618913685
360810508001008,0.0005419198386385817
360810518001001,0.0001173494555102776
360811377004006,0.0003558285167233089
360811291042000,0.0029450743631276688
360810095002004,0.003101425027731354
360810097001002,0.008358363275899446
360810659001007,0.014726164926332474
360810657031001,0.0009726731256487079
360811047005011,0.0029450743631276688
360811367003012,0.004252877494064445
360811241003000,0.0042882831769813275
360810357001008,0.006234404443486479
360811141001014,0.005678343734841146
360811223003009,0.007188540679912136
360810697021003,0.03332550198501081
360810884001007,0.0007647059250882154
360810363001001,0.000341961291140871
360811385012002,0.005913044235241795
360811385012005,0.0011535001426793876
360811291045001,0.00024347829737539621
360810163002001,0.00031553163943676366
360810099001001,0.0003284717204666711
360811187002000,0.021364660352047635
360811215002006,0.003103541042054327
360810062025000,0.00011749744529979045
360810595022005,0.005386721515725553
360810216011006,0.0002702924132600279
360810892012012,0.004238461661325623
360810171021004,0.0007650594763206286
360810171011014,0.07685623228125889
360810916036009,0.0029450743631276688
360810942011016,0.002857470351887376
360811072021004,0.0029450743631276688
360810473002005,0.012937065169059077
360810404003003,0.0012320511105275102
360811347022002,0.0034009081967302152
360810601002002,0.009806613003475715
360811479003009,0.004804615062312147
360810600001002,0.0034935692301136315
360810846021024,0.005893676685196388
360810404003006,0.0020526414548543313
360811093002004,0.0029450743631276688
360810130001006,0.002843963380253174
360810019021012,0.00020095193896041695
360810091001001,0.0060019977268778845
360810579001000,0.005750129456017198
360810379003002,0.0011590747991407835
360811529024001,0.0034693878322101914
360811507024003,0.00924332533483029
360810497002000,0.003468213869443466
360810478021008,0.0011779562003575966
360810270001008,0.0017196853270713605
360810737002012,0.003141967601147835
360811479002004,0.014808522686819476
360810638004003,0.00013391383324926209
360810694001001,0.003355816543491577
360810306005013,0.0029450743631276688
360810320001009,0.00595403308387377
360810260001001,0.07045198380119932
360810134002004,0.002763389144328566
360810623002000,0.003288970364664763
360810294003006,0.002035243455563615
360811047005008,0.007996053303923995
360811099002006,0.012288497841623742
360810884006009,0.0037308787656715886
360810170002006,0.016107406766946407
360811267001005,0.0008190677845645902
360810929003003,0.005880868617238159
360810803011007,0.006556619089076997
360810366001012,0.0029450743631276688
360810892018016,0.000658988751964669
360811483004010,0.0029450743631276688
360810606002006,0.0005425904939964572
360810907001013,0.000520877050098857
360810347001004,0.008808634310261475
360811139002003,0.0002180042613616471
360810731002001,0.0015494475908073224
360810645001006,0.0027642251736473477
360810645002000,0.3412832328418708
360810713043001,0.009789769151573266
360811551042002,0.0033911047888672786
360810846011003,0.00019473437448174608
360810846011000,0.006779248004485041
360810180001006,0.0037015062182417712
360811099001001,0.0020475057538577044
360811203002004,0.0012004080967623547
360810892014012,0.0003723938693044001
360810803012004,0.0017583505582591137
360811227031002,0.013587454504618408
360810001011015,0.005757394480659664
360810954002007,0.0029450743631276688
360810616022002,0.0007027468188853712
360811567001012,0.0029450743631276688
360811247001013,0.0029450743631276688
360811291042001,0.0029450743631276688
360810183005000,0.004399739036016985
360810141002006,0.005023975441911586
360810560001007,0.0010939545959587796
360810792001002,0.00030475117661041707
360810942023016,0.0029450743631276688
360810622001001,0.0029450743631276688
360810440003009,0.0031231106653381094
360811621001005,0.005305970400282141
360811621003004,0.0016383305064428682
360811171001004,0.0035781487152885586
360810987001010,0.008320644971441674
360810596001001,0.0008147751087036139
360811347021005,0.0012324831304190373
360810991004010,0.00285515778110557
360810282001007,0.025806431282333744
360810214002009,0.0004824205426798717
360810929005012,0.00028594117379413756
360810448002001,0.009688455215768018
360810790002000,0.020289809369509016
360810518002000,0.002697220103570678
360810266001006,0.04869215130326072
360810088002015,0.0029450743631276688
360810040012001,0.0031935338578642537
360811403002011,0.0025863477007413045
360810276001005,0.0029450743631276688
360810682001007,0.0029450743631276688
360811571017008,0.0013122883535382852
360810583003002,0.12789757690481435
360811409021003,0.0009952892343835888
360810367001003,0.0047329452460470765
360811333004005,0.0003681576614110844
360810383021091,0.0029450743631276688
360810797011000,0.0001411915457526365
360810939002008,0.0029450743631276688
360810552002002,0.002753524343464234
360811277004009,0.0027732284428118614
360810792002000,0.00229529021525987
360810788001004,0.0042562629969712645
360810288012009,0.005273880723857345
360810188001001,0.007870271423410978
360811551042018,0.0007957097649318413
360811579011007,0.00702581413214704
360810489001025,0.00220832275674682
360810039001009,0.0010963791976099414
360810534011008,0.0029450743631276688
360810114001001,0.0011620949938192942
360810365002002,0.004581587907960427
360811010021011,0.0905740383944173
360810516002003,0.0029450743631276688
360810358001006,0.0061757743824248645
360810142022002,0.0009149148747700961
360810443023000,0.0002908639800462932
360810907001024,0.0029450743631276688
360810892014016,0.0007035604719767858
360810622002005,0.016976184480178732
360811471002010,0.004482925508709087
360811113001010,0.0003869727144761582
360810934013002,0.005558416096780737
360810069001001,0.007655354310528495
360810016001001,0.0024852707382601777
360810330002006,0.004019526083771285
360811093001015,0.0029450743631276688
360810997043002,0.0029450743631276688
360810156001000,0.010603782032421587
360810616022010,0.00016841810764747276
360810117004001,0.012207086612119793
360810339001000,0.0007838757620067387
360810275001001,0.0009567173978435178
360810440003000,0.004449921243397773
360811399002005,0.00035305843757525105
360810564001000,0.0029450743631276688
360811017006005,0.0029450743631276688
360811551042010,0.0012768599308992492
360811033004000,0.0008989464485598774
360810081001007,0.00010548409580316563
360810079001004,0.0013126559222889735
360810737002000,0.04913857480256697
360810040012003,0.0010022682630807804
360810552001016,0.0006695662560223995
360811008032001,0.00021373605071917936
360810665011004,0.0029450743631276688
360810169002000,0.006244111468360872
360810317005011,0.0020642613697038547
360811017001009,0.006632496441264955
360811265002000,0.0005163881766832697
360810997032002,0.011449817652551372
360810973003001,0.00018604655355032254
360810122001005,0.0029450743631276688
360810337002003,0.0029450743631276688
360810997011008,0.0029450743631276688
360810384001007,0.0029450743631276688
360810254011006,0.0029450743631276688
360811010043000,0.00034809902905785285
360811507012021,0.0009125222705104769
360810184021002,0.0017174031721593971
360810443023005,0.007716863376260446
360810997011009,0.0009949038414913903
360810945001010,0.006857417905802762
360810916021005,0.0029450743631276688
360811579013000,0.0029450743631276688
360810327001001,0.0029450743631276688
360810580002009,0.0029450743631276688
360810998015000,0.00025364715975282514
360810019031020,0.0014265942831778514
360810059001001,0.005364818400254525
360810562001007,0.0016907415094494457
360810525001002,0.0016379812015302577
360810928002006,0.0024168227906337923
360811399002007,0.0003090516244589662
360810608001003,0.00044366545155395855
360810916034014,0.0029450743631276688
360810198002007,0.0036300766391134296
360810232002002,0.004271510845886116
360810502011005,0.000634164943340622
360810964002015,0.0029450743631276688
360810641021009,0.0030261121987958375
360810204001001,0.0029450743631276688
360810246001002,0.0002044052706028395
360810582002003,0.0024656123270904136
360810114001002,0.0017827873407217074
360810220014000,0.003580633503814086
360811215003001,0.0012068039887285342
360810664033004,0.0006077011474326747
360811032022001,0.0005798625750742648
360811507023004,0.00219272365129173
360811507011006,0.0006563914700753667
360810939003004,0.02196494886639574
360810939002005,0.0015953460973713832
360810814001009,0.0025332350558180936
360810690001008,0.002498158879680198
360811471001011,0.001335179701478145
360810383011007,0.018676529975245864
360810919003010,0.010375589960847418
360811201001008,0.0008340512797807602
360810284002006,0.002315292950053672
360811301001000,0.004162321617513315
360810973001013,0.0011063379370180946
360810489001019,0.00841285373909655
360810713033001,0.0010206872027182907
360810484003004,0.02697608936801191
360811203001005,0.0008131685904726292
360811227025004,0.0029450743631276688
360810517001010,0.0020155614257149645
360810539012005,0.000572986914569713
360810568002011,0.0032785705951249655
360810660002007,0.0029450743631276688
360811277001012,0.0029450743631276688
360810535011008,0.0024163090044547228
360810328002003,0.0038276790226515344
360810184021008,0.0029450743631276688
360810846012009,0.005614149091808827
360810840002003,0.002294325884654517
360810132002004,0.0029450743631276688
360810803021002,0.008265397930459719
360810025006000,0.0013677988815613531
360810513002000,0.0014907107905525005
360810884003000,0.0005143474175225675
360811507021002,0.012624471050075876
360810095002017,0.0029450743631276688
360810803012006,0.0029450743631276688
360810112001001,0.027871557836907836
360810036001007,0.004643429032496069
360810739001002,0.00011761710221033692
360810590001011,0.004381126004014299
360811159002004,0.004012284433786053
360810656003016,0.0035409096332163553
360810484004008,0.0029450743631276688
360810954003009,0.00551625123360104
360811551042014,0.0012666246973637048
360810164001003,0.0009094405808327647
360811008042009,0.0029450743631276688
360810208002013,0.0011082413421056117
360810865003001,0.0029450743631276688
360811139003001,0.007720473610277687
360810496002004,0.0006784221867791604
360810595021006,0.0029450743631276688
360811191001003,0.0009605979429030199
360811029001015,0.009293320673198189
360810790001003,0.000926783969317469
360810358004005,0.017432945068399885
360810394001004,0.006998394214035003
360810641021003,0.0021992483102417745
360810116001004,0.00012884117338690955
360810506001003,0.0003677320682266804
360810504002005,0.004437640692482702
360811129002000,0.0023680429311891014
360811139003003,0.0029450743631276688
360810427002003,0.3483342887848989
360810745002007,0.0018601510852931484
360810925001002,0.00044580891002702944
360810945002009,0.0013680752586070538
360810532001000,0.004167316613169653
360810284001004,0.0004060941999102331
360810368002003,0.00024333038837862087
360811033004007,0.0032145484374885578
360810972041010,0.002859261258998004
360810497001000,0.0001797335513387933
360810320001011,0.0042882831769813275
360810320001017,0.0049405340461524784
360810664022001,0.0026816077742527022
360810484001004,0.001907872125467575
360810530001005,0.0019805769798257678
360811571014010,0.0029450743631276688
360810137001026,0.0012768599308992492
360811175002001,0.0013354804534291254
360811059003001,0.0096634458706345
360811155001001,0.004025020440630749
360810062011010,0.0029450743631276688
360810884003011,0.0015624569127597639
360811341002001,0.0008781484586360681
360810214003008,0.0029450743631276688
360810357001006,0.0027532586801800782
360810531003014,0.0029450743631276688
360810194002010,0.0038223932801233285
360810693001000,0.0005985185408343993
360810102001001,0.0025980664430434487
360810100002000,0.00023231756244944762
360810540003003,0.002088212358674856
360810680003007,0.0042882831769813275
360810947001006,0.006815622102637126
360810562001003,0.0034655078723654247
360810028002001,0.0010119451342131794
360810199012017,0.002751384831129487
360810199012011,0.006605382482817042
360811241001011,0.0016254156293007604
360811417004016,0.0029450743631276688
360811215001000,0.0012112096343467197
360810096002008,0.0011345104176416804
360810282001005,0.0029431744120432092
360810164001005,0.0029450743631276688
360810483021010,0.004880187797285157
360811059004014,0.002897452737703751
360810596001004,0.011343653084083657
360810086002003,0.0029450743631276688
360810134002000,0.0029450743631276688
360810383021065,0.0029450743631276688
360811529011019,0.00285515778110557
360810142022001,0.0016561012652959299
360811291021004,0.021693988999540035
360810184011005,0.001523308635828065
360811429003008,0.002167622903126234
360811429002011,0.0029450743631276688
360811347011001,0.0130915322907335
360811467001003,0.0029450743631276688
360810884005005,0.0029450743631276688
360811507011016,0.0029450743631276688
360811507022004,0.007012886383861728
360811341003003,0.0029450743631276688
360810512003000,0.0004491972176187187
360810361001005,0.05390877601963513
360810377002002,0.05448033958200412
360810243004013,0.004037608637861423
360811579024008,0.0013027849839239872
360810476002007,0.0032189668350726497
360810650002005,0.002397804306055857
360810104001003,0.025108334913586907
360811459001002,0.0001881668350051867
360810309051004,0.0007999431046632351
360810473002000,0.0008811364862473034
360810154001005,0.009360900381389575
360810638004004,0.000454971749343856
360810638003002,0.002955608920557339
360810592001005,0.0029450743631276688
360811551041006,0.0006816120543410905
360810085001000,0.0009024367697194308
360810916036015,0.0029450743631276688
360810432001007,0.0029450743631276688
360811367003009,0.011658740111316422
360810612002000,0.0029450743631276688
360810450002001,0.07832747937993138
360810424002002,0.004618574658969559
360810739003002,0.0005062798792275887
360811507011017,0.0029450743631276688
360810306003008,0.0022536184349251018
360810334052000,0.004737686342053622
360810170002007,0.002280309703092388
360810176001005,0.01701365507014965
360810235021001,0.000103039531673741
360810317005009,0.0007021606640159174
360810918001000,0.0029450743631276688
360810973001002,0.0068370016272007485
360810779022002,0.000917402638284358
360810166001004,0.0029450743631276688
360811227025008,0.0026271569152590507
360810365002004,0.0004170525539908248
360811059004004,0.0022771161727425963
360811617001014,0.0008621969795866567
360811617004008,0.0021004770399005936
360811579031000,0.0029450743631276688
360811429001004,0.0031401822116606196
360810916036001,0.0029450743631276688
360810058003006,0.001064932559323337
360811072011030,0.006371791907422471
360810001022001,0.013821532264610796
360810582003005,0.005344433351080491
360810199011000,0.0029450743631276688
360810052001000,0.00019594116343244148
360810040021004,0.0002598521470180343
360810214003004,0.0026583539957411753
360810779042004,0.0230002195117625
360811479001012,0.0008045377003054751
360811417004008,0.0006483157418192227
360811409011013,0.0003017239356609807
360810919002000,0.0028166114754487226
360810690001006,0.0009984215398389882
360810779081005,0.0009427316767661748
360811283001013,0.0029450743631276688
360810007023001,0.00405508158097186
360810585003006,0.003111963306619205
360810592001012,0.0029450743631276688
360811291044001,0.002369366608181803
360810657033002,0.0017658922136588916
360810607011002,0.0044138184252415025
360811507022011,0.0017505058059323066
360810357003007,0.0003075197202566796
360811085002005,0.0029450743631276688
360811507011001,0.00024809801691158366
360810320003006,0.0029450743631276688
360810697023003,0.0018871077535885753
360810062011003,0.0023131698004069568
360811341001005,0.005591601472541434
360810448002002,0.0018072545010695495
360811207012006,0.004442990191355899
360810545002000,0.002818110667316645
360810892013010,0.0029450743631276688
360810884006004,0.0035674996918385778
360810629002004,0.0002139578123825757
360810522001002,0.0027578503154131644
360810357001009,0.004875089795926937
360810665014004,0.0026762405679959128
360810549001002,0.0013913172042278742
360810240002004,0.003483588398354967
360810204001007,0.00017097341115573076
360810258001012,0.00020543807091230468
360810107011001,0.009255913291454964
360810443011006,0.003524846020420225
360810997031001,0.0029450743631276688
360810182002001,0.00351908776465556
360810404003008,0.0029450743631276688
360810045001000,0.0031427359670616836
360811093001008,0.00138504264786242
360810472002009,0.0014231875551366066
360810470001007,0.0022772335828424757
360810270001012,0.006598060097449289
360810122002001,0.0036789877629079264
360810116002001,0.0016309451849612848
360810291004000,0.004485062837589861
360810289001002,0.0002756276278944653
360810713031002,0.00786436813285567
360810739001000,0.0019192992148786524
360810284001001,0.0007180548490304585
360811529011002,0.0006205179706142254
360811479001003,0.0033908135973301327
360810916036027,0.0029450743631276688
360811385011008,0.00010703128751436437
360810196001004,0.0002765793880307123
360811617004010,0.0021883134583035864
360810208001002,0.00048040405202669
360811267003002,0.0029450743631276688
360810452001000,0.0010635777881252762
360811377001002,0.0017444797657935004
360810622002013,0.0029450743631276688
360810939002003,0.004247095495334158
360811059002002,0.005239666146397756
360810837003001,0.00034800383952873754
360810632002015,0.010334321287757787
360810376005007,0.0029450743631276688
360811161001003,0.0001321867267869798
360810637001000,0.0033872003635926394
360810694001005,0.0029450743631276688
360810347001005,0.0006196498424715496
360811175003005,0.009212714015202067
360810531002000,0.0037069214065901844
360810257001009,0.003851653128298362
360810928001008,0.0033516698027326254
360811579011009,0.00380522372914951
360810745002005,0.003911309816246664
360810945001026,0.0029450743631276688
360810158021000,0.0021965844576974365
360810424002009,0.005698496021216152
360810657031004,0.0019704611949725374
360811223001001,0.0029450743631276688
360810400002009,0.0025053017383144974
360810972042000,0.0001286308678685439
360810404002005,0.0408332425745301
360810964001017,0.0014200963008310643
360810568004006,0.0005373445364711887
360811333003009,0.0004918100827373121
360810907001029,0.0029450743631276688
360810280001000,0.00016038755776912796
360810945001004,0.0029450743631276688
360810149002002,0.0029450743631276688
360810132001000,0.0007987541177018281
360810639002003,0.0028692319626858606
360811017007003,0.001993917950577085
360810140002005,0.0003952578113890166
360810232003000,0.0019549631160412253
360810206001010,0.00027194485302402407
360810871001000,0.005301825324422206
360810892012018,0.0029450743631276688
360811399001003,0.0014960233000888765
360811399001002,0.004129312762435546
360811367003015,0.001980964373326864
360810434001009,0.0007596604015429393
360810288021004,0.0002219113251430822
360810814003001,0.006189649873223258
360811571018012,0.0031234380550195307
360811451022000,0.0019311486759259608
360811471001002,0.005500312814180638
360811223003011,0.003266076172155879
360810553001000,0.0014791520488025445
360810555001002,0.006383741212567493
360810096001000,0.01893771046365079
360810243003004,0.00015432083971115478
360810383021038,0.0029450743631276688
360810499002002,0.0017505306430198777
360810095002009,0.004308550653757293
360810254012000,0.0029450743631276688
360811333003007,0.002584952378093131
360810929002011,0.0027196827812262193
360810086002011,0.0012238871787460812
360810039001000,0.002674192597896027
360810542002003,0.003080030977184761
360810187001002,0.006747217809175528
360811529022008,0.0029450743631276688
360810516002004,0.0016206501556545305
360810058004001,0.023800461271298964
360810489001011,0.0026816077742527022
360810616011008,0.0029450743631276688
360811441004000,0.0014048850077722293
360810125001006,0.0029450743631276688
360810161001002,0.006811561501164703
360810022002000,0.0011073737632928853
360810638002009,0.00018873343412373575
360810535011001,0.0008309646348147536
360810113003000,0.0003082997804449249
360810549002002,0.002088429646740256
360811039004006,0.0007796660696377906
360810892017008,0.0011213787597687602
360810531003013,0.010047705112806402
360810495001009,0.0051722631204889685
360810616021000,0.0029450743631276688
360811033003001,0.011994047316395426
360810330001013,0.00043045625635944546
360810376004016,0.0029450743631276688
360810334052001,0.0003890153814382389
360810198001002,0.003888050423754965
360810255001014,0.0009075549431161784
360811187002003,0.029771496294998975
360810922003000,0.001783055637825622
360811291044000,0.0002290544974484021
360810495001005,0.0003130620359514823
360810238003000,0.017539705455644084
360811417004000,0.0025053017383144974
360811029001008,0.0022317531622956135
360810437021002,0.0009235855785774587
360811059001004,0.0013088392888727482
360810997011010,0.0026068480082193286
360811277002005,0.00259329153997075
360810626003001,0.0020288280131060556
360811451011012,0.03540950860289004
360811451022005,0.00019578458098338768
360811161002000,0.0022412161989147643
360810855001001,0.0002634628426784821
360810629002003,0.010444890090254821
360811417002002,0.002338815200760103
360810646001012,0.006484137886436361
360810004003000,0.0010568137586361554
360810593001006,0.0014134535846514868
360811551032004,0.0015207135907159565
360810568003000,0.0008140541201014922
360810709001002,0.005368012220540528
360810254011010,0.010425928478579007
360810006003008,0.0008686190157430858
360810014001003,0.00025731032707611187
360811227043001,0.010294558984539537
360811417004010,0.0009442570599572516
360810884008008,0.001474082397914343
360810123012002,0.0031427359670616836
360810493021003,0.006482915899886702
360810284001002,0.00047138715834909537
360811265002003,0.0023270677560104144
360811085002003,0.025629588316245865
360811277003013,0.007985515823885885
360811291024004,0.0017279586534651432
360810717012004,0.0029450743631276688
360810587002001,0.00020406308384402047
360810357003002,0.00023026929761939624
360810205001019,0.006423747138382876
360810057003002,0.0012248214708520404
360811507023001,0.0029450743631276688
360810479003003,0.003395038822281847
360810513001008,0.0005005921213231756
360811029001001,0.010410981424107686
360811215002007,0.013596373447980464
360810694002010,0.008369853429629846
360810508001001,0.022564996247582274
360810665012002,0.0024793850400026502
360811579014004,0.001397077287915263
360810187003001,0.001977416040875865
360810205002005,0.0029450743631276688
360810539013000,0.0404084204049437
360810840005003,0.00596657228907397
360810398002001,0.0027732284428118614
360810001041012,0.6315633855426824
360810799001004,0.0004244103444841157
360811507011003,0.0010727297083931485
360810125001012,0.0029450743631276688
360810595021001,0.0068601762735792104
360810462003004,0.004342759809315698
360811507023014,0.0029450743631276688
360810610001003,0.0029450743631276688
360810249003003,0.004297293058772522
360810309042002,0.0069636921391413205
360810008002000,0.03260760452489828
360810008001005,0.026723465842644293
360810741003001,0.00032400679760834385
360810892017003,0.001390212732345822
360811059003011,0.0017847981191677492
360811171001002,0.0008392380860789024
360811385014001,0.004842843825150556
360810504002008,0.005798597545432488
360810505001006,0.0029450743631276688
360810051002002,0.0006091682603738319
360810306001006,0.0029450743631276688
360810664011010,0.0029450743631276688
360810164002000,0.0012225239243813133
360810199011001,0.0043747938132553555
360811267003007,0.0019157681143045636
360811247001006,0.006334804087474405
360811159002005,0.006525952635322242
360810243002011,0.0029450743631276688
360810126022004,0.0010506993052584416
360810456001011,0.01002642372318543
360810638001002,0.00285515778110557
360810394002001,0.003141967601147835
360811241003001,0.0024812673595938283
360811047005004,0.001416332786002806
360810384002004,0.0014029406124079014
360810616021007,0.0005985643464646961
360810199021017,0.0029450743631276688
360810339001002,0.00039313972715356005
360811417002001,0.006249286667643114
360811157002007,0.00023687764704741828
360811093003011,0.00010781491075283896
360810205001016,0.0033908135973301327
360810548001006,0.0029450743631276688
360810504001004,0.006991231631449455
360810383021015,0.0029450743631276688
360811010032000,0.0002209257249655089
360811099002003,0.003410230879596428
360810919002012,0.0029450743631276688
360810646002003,0.0019966700560021845
360810598002001,0.013928154671871876
360810512002003,0.0008393288016413198
360810400002008,0.0036040322539179913
360810106002003,0.059014626187000124
360810444002000,0.07523332172046275
360810317005004,0.002616995175681538
360810945001012,0.0029450743631276688
360810404004003,0.010097559917565013
360811579022007,0.0020526414548543313
360811409021008,0.004025020440630749
360811409021000,0.0005401998561881311
360810439001002,0.0012711405274085565
360810788002003,0.002660205444728264
360811291023010,0.0029450743631276688
360811529011006,0.0008890414107470336
360810502011011,0.00461353230865755
360810119001001,0.01812012928135954
360811141001017,0.0029450743631276688
360811059002008,0.0013893400308706931
360811151001002,0.004238461661325623
360810667011008,0.005385813736634495
360810665012003,0.005368012220540528
360810864002005,0.001198332027806175
360810884003001,0.0028934846570949297
360810095002005,0.006516340002435826
360810456001008,0.0029450743631276688
360810019031012,0.0009100520169466768
360810613013000,0.00027287571368068145
360810142021000,0.0020782633185927064
360810997033004,0.002078352711092941
360810317002006,0.0034736120043178057
360810922003001,0.002172782989030569
360810677001000,0.001534657834031684
360810366001003,0.002263354799148107
360811571016005,0.07617656736035791
360810564001005,0.0033030612929421522
360810199022010,0.0033908135973301327
360810461001004,0.08659172993116707
360810525002000,0.0004249567205055461
360810650001000,0.0029450743631276688
360810270001016,0.004025020440630749
360811451022015,0.0029450743631276688
360810448001005,0.0009687530098656291
360811291021006,0.001569955389479234
360811291021003,0.002978261965991369
360810260002002,0.002076986021191198
360811579014008,0.0029450743631276688
360810199022003,0.01380350121607297
360811441001002,0.003225472317709894
360810803021000,0.0029450743631276688
360810137001000,0.011570502222483034
360810199031000,0.01659327689736035
360810779043000,0.007895201601623818
360810939001007,0.0010947887050412814
360811113002000,0.004470532994006016
360810629001002,1.0251164363090506
360810492021001,0.003360983364646561
360810001041001,0.35972047847502236
360811223003000,0.0030181817702836086
360810065021003,0.002141538920696673
360810245004005,0.003750448359962538
360810247001007,0.0029450743631276688
360810489001004,0.0032802139648741555
360810656001011,0.0015223427699114702
360810654011004,0.0015086669951017966
360810368002002,0.005910642130191453
360811123001008,0.002353485165374802
360810757011001,0.00389035506883788
360811277003001,0.0006077212967707622
360810998021010,0.0029450743631276688
360810507002009,0.002959103589408054
360810600001010,0.0029762229170546836
360811579011003,0.003101425027731354
360810220013011,0.032085791613165486
360810749001009,0.003925498666224433
360810077001004,0.008954587235011654
360810809001002,0.00010542377772757766
360810532002002,0.0010602698077633486
360810884008000,0.003895753886897512
360810581002002,0.00011055812651042516
360810884004011,0.0021274716687591376
360811008011003,0.0028358247389542583
360810638002001,0.00454504690410815
360810330003008,0.002908242795851345
360810306003005,0.005111996547709841
360810204001013,0.01611568946457508
360810168002007,0.0004899066191847263
360810997042001,0.0004570404482401325
360811017001010,0.0009427316767661748
360810189003000,0.0019673100642526938
360810973001000,0.0030007944325738927
360811207012008,0.0029450743631276688
360810779071009,0.19814445703722122
360810484004001,0.0005380355918939653
360811579032013,0.001692927682781173
360811291023008,0.004073926095153012
360810626002001,0.009294766322359864
360810626002010,0.0026816077742527022
360810297002006,0.0003412092395026169
360810001041015,0.0029450743631276688
360810954003025,0.0029450743631276688
360811451022009,0.0075211261870661815
360811097001003,0.001622777800444755
360811129001008,0.0019908541758552685
360810007021001,0.007992070531975315
360810051002003,0.004451277999535006
360810159002001,0.002850199172644405
360810006003005,0.00010087416105841035
360810664023005,0.00017084252833933874
360810603001003,0.00011864636694939569
360810054002004,0.0029450743631276688
360810639002004,0.0029450743631276688
360810582001007,0.004742974119729958
360810790002009,0.00044712120237903885
360810254021002,0.0029450743631276688
360811017005010,0.00406451056750707
360811147002002,0.002149345407604518
360811193002002,0.02812484786613219
360810916036018,0.0029450743631276688
360810599002004,0.0034096952429915226
360810516002002,0.0048052316755643615
360811377004002,0.007510724330185925
360810055001012,0.0024238487904968725
360810747001005,0.0029450743631276688
360810357002005,0.014662277494885457
360810485003003,0.14177240117138368
360810240002002,0.00043184628954833355
360810478012007,0.0029450743631276688
360810123012004,0.001962359343999289
360810591001002,0.015954677167217882
360810508002003,0.001329310503282592
360810458001006,0.0024188804831913008
360811072011010,0.0029450743631276688
360810508001002,0.002172782989030569
360811277002004,0.001971058401076603
360810439002004,0.014326878617771648
360810840005002,0.006137809906284154
360810019021008,0.00740275766910536
360810083001000,0.0026096570771404737
360810633011003,0.0037402489953601687
360811093003006,0.0020821408731194722
360810482001010,0.0005830709465823495
360810470002002,0.00015109326193728204
360810294001013,0.0009868399271485988
360810288012001,0.0007952080777102115
360810717022000,0.0029450743631276688
360810317004002,0.0003835834767597278
360810797024003,0.0029450743631276688
360810654013004,0.0029450743631276688
360810542004008,0.001288851540058125
360810169001003,0.002673434607307749
360810376002006,0.011347922090950896
360810334012006,0.0001505606660619658
360810779043008,0.0029450743631276688
360811072011009,0.0013027849839239872
360811247003003,0.0029450743631276688
360811377004008,0.0025284633556236515
360810086001011,0.00036515708873882566
360810220012008,0.00111428297877542
360810892018012,0.008909785188017213
360810616021001,0.0014717239986716858
360810288022002,0.0018336205774320074
360810282001002,0.0006828585911355856
360810199011008,0.004045954767086977
360811139001008,0.004804615062312147
360811341002008,0.0007402166373664195
360810132001002,0.015214333691912553
360810511002002,0.00666907319314401
360810484002001,0.000642650764347852
360810502011008,0.0029450743631276688
360810502021005,0.004482925508709087
360810384002003,0.0023359919481616086
360810838001003,0.0046666233708121925
360810999001002,0.0029450743631276688
360810919002004,0.00235290124120471
360810919003002,0.001213310635532106
360810259002000,0.055155603708881736
360810695002004,0.005539676472172338
360810934011003,0.0013437110682156307
360811409011002,0.0029450743631276688
360810918001009,0.0029450743631276688
360811571015012,0.0029450743631276688
360810511001008,0.008229606187683659
360810664031002,0.0014496535681775685
360811185001007,0.002707658734612111
360811207021000,0.003587347073195198
360810466001001,0.0006727038392096427
360811129003009,0.0017692269499559208
360810414001003,0.0012503389155733796
360810942023015,0.010636304313266757
360810444002001,0.005007716448967612
360811567001013,0.0029450743631276688
360811155001008,0.0023680429311891014
360810489002002,0.001953880341194551
360810892012016,0.004733520835729803
360810192002001,0.0014472138632539194
360811017005005,0.022280505254676675
360810136002001,0.002341854776703889
360810656003008,0.0025351985095190223
360810916036010,0.0029450743631276688
360810001021005,0.0005610203920443841
360810991004009,0.0031401822116606196
360810328003000,0.002191194884443153
360810687003000,0.0029450743631276688
360810542003008,0.002317770147934777
360810864002004,0.0029450743631276688
360810566002004,0.048866430721671225
360810028002007,0.0029450743631276688
360810034001001,0.0012390293381357952
360811223003003,0.001487179045798684
360811223003001,0.0012876717777503294
360811247001002,0.0014300895421355247
360810361002002,0.004634210331153809
360810511001002,0.0029450743631276688
360810270001014,0.0029450743631276688
360810306001018,0.0029450743631276688
360811008041009,0.0010660018137203288
360811291031000,0.002630783307101715
360810790002001,0.0053143976666073355
360810141002002,0.00039131811536234634
360810104002004,0.004264937345000276
360811010031001,0.0013094163219484402
360811093001000,0.0013027849839239872
360810057001006,0.000543507922332802
360810400001009,0.0004845930203012377
360811129003007,0.0029450743631276688
360810592001019,0.0032092981672649625
360810151002000,0.0006922214863853365
360810024002005,0.020908545537120606
360811195001006,0.0029450743631276688
360810377001004,0.006315254420778069
360811507013000,0.004220165301686725
360811617001000,0.0029450743631276688
360810612001000,0.0004719340297388953
360810620001012,0.0029450743631276688
360810717022003,0.002312828914743603
360810257001003,0.0011484201413045467
360810568004012,0.0020722957829102913
360811467001009,0.00040012556353203146
360810703001002,0.014211044961999665
360810945002018,0.0016896913136802295
360810001041004,0.0018799842813435152
360810125001011,0.004097599143966581
360810320002023,0.0004959035578554153
360811215002009,0.00372008039394999
360810104001002,0.0002732735065633102
360810058004005,0.00576350194315726
360810383021069,0.0029450743631276688
360810154001002,0.0008584238791023652
360810622002003,0.0005175344590991831
360810258002003,0.0009111356880785997
360810846021011,0.0008561557585043665
360810757022009,0.0028278983502302395
360810664011002,0.0029450743631276688
360810331001001,0.0012595751213634685
360811008011005,0.0033908135973301327
360810176001003,0.004084278706295126
360810293001002,0.0003393535270459769
360810884004004,0.002857470351887376
360810981001002,0.01565868397177078
360810264002003,0.06734940160513456
360811099003002,0.008002938552872187
360811199001001,0.003565768273439308
360810073003001,0.00010003556074238175
360810376004005,0.0029450743631276688
360810099001003,0.0029450743631276688
360811451011000,0.0029450743631276688
360810036001010,0.0004103324388528742
360810749002015,0.0031401822116606196
360810934021001,0.030183123716537877
360811047001007,0.0029450743631276688
360811159001000,0.0031427359670616836
360810928002000,0.0029450743631276688
360810287004000,0.0019390388493011692
360810368001005,0.0029450743631276688
360810400001010,0.0029450743631276688
360810580003007,0.006067959770365315
360810999001020,0.0029450743631276688
360810928001014,0.0029450743631276688
360810054004003,0.0038917964352657027
360810030001007,0.005543398259696429
360810038001005,0.0019000038976064698
360810040021005,0.0029450743631276688
360811032023001,0.0012873074350498903
360810997031002,0.0014034082049093992
360810101001003,0.0032406702332563003
360810140002004,0.02639560554115365
360811409021014,0.00454646306417876
360810169002005,0.0029450743631276688
360811181001000,0.00039302523080068024
360810097001000,0.020787333893894547
360810063001002,0.0007339219416999889
360810677002006,0.0004932687273795812
360810059003001,0.30916805915994877
360810716001017,0.0029450743631276688
360810567002001,0.0013402506150645632
360810663011001,0.0029450743631276688
360811385021011,0.0041151626656424556
360810539013003,0.00022276792299549773
360811429002008,0.004785262800318645
360810484001010,0.016675395999946507
360810031002003,0.0012110126303331262
360810134002002,0.0006145695721710053
360811207011007,0.0004962735691113194
360810916034013,0.006617633731530118
360810062023000,0.009256102353306523
360811377004005,0.0015857838711352905
360810460003001,0.0018556473866363416
360810656002001,0.0020312894232570444
360810656002007,0.00014136883948795482
360811579016006,0.0030036217184296037
360811579013005,0.04623609069979764
360811579025006,0.0024142511495769433
360810889033002,0.0029450743631276688
360811139002009,0.0006216498668238481
360810383021088,0.0013775954524656196
360810019021009,0.005325682910326971
360810837001001,0.014299288240474066
360810928001010,0.00285515778110557
360810513001007,0.0006571543170535229
360810846012006,0.004635092520741447
360811507021008,0.0018884816975806903
360810125001014,0.0029450743631276688
360810554001000,0.0029450743631276688
360810534011009,0.000230076930042876
360810294002001,0.0008349122471669648
360810309041009,0.0029450743631276688
360810184022001,0.002020922104909019
360810288011003,0.0005452286558368597
360811617001016,0.0029450743631276688
360810803022009,0.0029450743631276688
360810884005006,0.006476215136339554
360810729001003,0.0007327305655861051
360810134003002,0.0074291582373914415
360810334011002,0.00023476078813886784
360810126012003,0.0029159531012376283
360810062022004,0.002373406804394132
360811159002003,0.0029450743631276688
360810376005009,0.0004533284718808898
360810889031007,0.0559280631946801
360810517001000,0.0029450743631276688
360810916021003,0.004381126004014299
360811483004002,0.008716336641800012
360810284001005,0.000101491389016898
360811185001001,0.003360983364646561
360810687001001,0.0029450743631276688
360810928001009,0.00047168362676449396
360810694002005,0.003203440378982481
360810838002000,0.04107001654566126
360811010021016,0.004182359255581633
360811133001001,0.11246087234909104
360810567002004,0.006336936379224085
360810919003000,0.014189077851238872
360811385013005,0.0029450743631276688
360810291004003,0.0007073122523129949
360810526001005,0.015630852686447486
360811551032000,0.0067966509633799015
360810172002000,0.0029450743631276688
360810019031000,0.0029450743631276688
360810973001014,0.003986368437636387
360810294004008,0.001956652146649432
360810320002004,0.00100398209506341
360811579021008,0.0001692319983841588
360811571014016,0.012593837845580016
360810194002005,0.0003003660452508173
360810137001006,0.0029450743631276688
360810464001005,0.002398234431076802
360810992002020,0.0001002008991938859
360810219001019,0.0017946938357164448
360810294005005,0.0029450743631276688
360810330003006,0.0026816077742527022
360810542001001,0.0031401822116606196
360810664022005,0.0004323435277329969
360811151001013,0.01336582809429267
360810485003004,0.012005958807465486
360810682001008,0.0029450743631276688
360810884006010,0.01096425403565433
360811417005002,0.0063251678687986914
360810737002008,0.0029450743631276688
360810504001002,0.0029450743631276688
360810113001000,0.0002132103691827316
360811621005013,0.0005284239930391661
360810707003004,0.002578967690913672
360810062021003,0.001977630601745938
360810846011002,0.003657974144079081
360811283001014,0.0029450743631276688
360810220013006,0.0029450743631276688
360810717022007,0.0029450743631276688
360810542002010,0.0029450743631276688
360810538001002,0.0006993670835402589
360810358001003,0.00014248026300517938
360810216011001,0.0029450743631276688
360811283001015,0.0029450743631276688
360810280001002,0.002372792835105477
360811441004008,0.016381021680560794
360810536012004,0.0011829490932315485
360810538001000,0.004288162126679542
360810028001001,0.0003843113534374784
360811189001007,0.005463230554321808
360811247002011,0.0025461614210372705
360810697011001,0.0005105612027401704
360810530002005,0.0004489321848621863
360810352002000,0.0018489806448253015
360810353001005,0.000776433661253171
360810483021005,0.0003284716250654241
360810171011013,0.0029450743631276688
360810622002006,0.007069255696760895
360811441002000,0.0015207135907159565
360810638005007,0.002660205444728264
360810206001012,0.010573382558238633
360810717022016,0.011939857570909812
360810788001007,0.00129337323671452
360811451021005,0.00622918466100557
360810525002005,0.0025448302088417027
360811032011006,0.008068275542950231
360810972062005,0.0009850589920157103
360810187001006,0.0029450743631276688
360811621005005,0.00877799203829812
360810007011000,0.0001812517572783101
360810020001007,0.006623681672002848
360810479001006,0.00015807276836543095
360811579016004,0.002150678284610326
360810999001023,0.0029450743631276688
360811467001008,0.0010952714398049619
360810549004005,0.006371510504876228
360810661001007,0.0015396409657640801
360810034001004,0.0027185786770634905
360811215002001,0.016662299436755155
360811463001000,0.004772231831437821
360810357003004,0.008141370436454062
360810150001004,0.004639859720719813
360810556002001,0.0029450743631276688
360810219001020,0.000257245184393524
360810513001011,0.0047628734329977504
360811621004002,0.0018238321258580153
360810580001009,0.0008685034963454715
360810202001005,0.0005942608018197665
360810212001002,0.023617550546877898
360810564001002,0.015269559870967873
360811399001008,0.002172782989030569
360810182001002,0.0029450743631276688
360811417004013,0.002862320731557397
360811579023001,0.01119609256440127
360810526002000,0.0007225599049723864
360810170001000,0.007598766176043662
360810330005007,0.016220133326761716
360810158012002,0.0006664873249505349
360810253011001,0.00040355978549502157
360811017003006,0.0028298827327923035
360810695001007,0.009720207413335114
360811167001006,0.001672543026675733
360810499003008,0.003605415855026891
360811507022000,0.0029450743631276688
360810058001006,0.03326886373343432
360810480001007,0.006477613598528397
360811032021009,0.0015449470520939625
360811621002008,0.0011258349953179863
360810942021003,0.0012513171882514765
360810942031012,0.0029450743631276688
360810779051000,0.007281276942444146
360810317004013,0.0029450743631276688
360810934023008,0.0004592172404261672
360810560001000,0.00036670625896027185
360810554002000,0.008494902795842649
360810117003000,0.00017113439849270935
360810062025003,0.0007316224626425207
360810194001007,0.0008587323860781126
360810840003000,0.0029450743631276688
360810352002006,0.0010422639438215215
360810142011000,0.005543398259696429
360811008032003,0.0030091702186874963
360811032012001,0.00035313884731800294
360810443011002,0.01198596069500397
360811203001006,0.0010374668180649623
360810534012008,0.0043363774127775315
360810690001003,0.006707892419687914
360810384002000,0.0019963701192696344
360810288012004,0.00032692255040127176
360810004003004,0.00011250056587741105
360811429002009,0.008215113944354913
360810919001000,0.0024262125433625404
360811032012006,0.00013045571247998871
360810532001001,0.011908948010781073
360810520001005,0.004272737941572649
360810101001004,0.003468213869443466
360810075001001,0.0037313533115327082
360810663011004,0.0034663084153267153
360810587001002,0.005077425614190951
360810137001008,0.01636369941616316
360811507013009,0.0029450743631276688
360811617003000,0.004180388755834865
360810220011002,0.0028875472658844254
360811047001008,0.0025864201079366877
360810589001002,0.00033157160472998545
360810328001004,0.002315292950053672
360810145001001,0.00017236824264106783
360811033002004,0.00233489460835939
360810539012008,0.003259030096927242
360811463001001,0.0008479646346495805
360810458001004,0.0023147702558042253
360811072011004,0.0023469475964113537
360810229001001,0.0029450743631276688
360810229001009,0.004206653580382971
360810220022003,0.046702277628314255
360811579015003,0.004729453979975832
360811579025002,0.010349974277023223
360810497002002,0.0003646071754358853
360810499003002,0.0029450743631276688
360810358003004,0.0015434743243760733
360810531001007,0.018992221129317793
360810130001003,0.005433268514417302
360810155002002,0.007361253617020065
360810884001009,0.0029450743631276688
360810884007002,0.002197743850996413
360810713063003,0.0029450743631276688
360810942021008,0.002262230774325211
360810942011012,0.003139243352794936
360810680002000,0.0029450743631276688
360810294002003,0.00015648170456022086
360810434001010,0.0022930377687167096
360811033003002,0.00285515778110557
360810499003007,0.0001159907798012639
360811072011018,0.0029450743631276688
360810680002011,0.00436354079435926
360810062024000,0.00013564391991848564
360810330004004,0.001216452174098038
360810198001007,0.0017106096985387708
360810731002002,0.004432198516722189
360811113001011,0.013991751539204648
360810028002005,0.0300145746425849
360810616011000,0.006974071207706595
360811621001001,0.016958118753736456
360810557002001,0.0003554802408254671
360811257001010,0.0008428298741260123
360811171003008,0.0011163316016646588
360810220012003,0.0037930695024218017
360810729002001,0.0049010898770831
360810521002006,0.01213425711441818
360810916034018,0.0029450743631276688
360810916032004,0.0029450743631276688
360810294005001,0.0009094405808327647
360810320004001,0.017500489020861244
360810520001009,0.00028769346058974234
360810398001010,0.0018039076342574855
360810568004007,0.002402348757900002
360810337001002,0.0006839486090329228
360811341002010,0.03360899403647618
360810637004004,0.0004512410964770121
360810635001000,0.0014059303951654244
360811133002004,0.003974567787151459
360811227022000,0.0029450743631276688
360810484002003,0.0034688217938479977
360810532002007,0.0010861399755945015
360810264002006,0.005736011596017762
360811579012008,0.07419592318014225
360810846011012,0.0022174797152518092
360810818003004,0.0065771571547487105
360811010021005,0.00117311790731294
360810992002010,0.0008015130136374877
360810020001005,0.0012550591194676764
360810925001001,0.0009939653519005173
360810220021001,0.0044361869868440595
360810216013000,0.0029450743631276688
360811008012008,0.001760728280538159
360810861002000,0.0028054102340344706
360810001011001,0.0006249164568234865
360810869001008,0.001941191054356619
360810964002011,0.0013027849839239872
360811403002003,0.0030594593179930534
360810320003003,0.0022093182103678885
360810320002002,0.0029450743631276688
360810504002003,0.00022302806567296455
360810506002004,0.0020526414548543313
360810510001002,0.0022713409825167925
360810992001000,0.004756465074358212
360811129001004,0.0015434743243760733
360811341001013,0.001176319481034944
360810595011000,0.008479570455001948
360811010021010,0.0033529565209773596
360810504002006,0.0012597066310112625
360811085001003,0.004482925508709087
360811141002009,0.0014537464364923012
360811151001008,0.004189289722585138
360810616021005,0.0041576552985037925
360810358002010,0.0053075707571795545
360810650002009,0.00970818796566497
360810520001000,0.0029450743631276688
360810660001003,0.00025639916714582104
360810033011000,0.0005631988509925264
360810187003007,0.0029450743631276688
360811571012007,0.00538446626725631
360810558002008,0.003923208804766137
360810595012005,0.1176487592444705
360810507001001,0.002829045643778841
360810214002003,0.00019763359245314894
360810627002001,0.0014918646797386294
360810274001006,0.01110476859708774
360811571016006,0.00541284645838985
360811467001011,0.005745124663961571
360811171001010,0.0020531562654154895
360811241001002,0.0036183914346441456
360811459003006,0.0011500464786702884
360810019031003,0.0029450743631276688
360810538001001,0.006484137886436361
360810916032012,0.0026816077742527022
360810295001000,0.0029134003932346796
360811147002004,0.006480162647239322
360811529013005,0.004824819224397909
360810618002004,0.004238461661325623
360810616011003,0.0007463162051193945
360810306005006,0.0010388098512129674
360810788002002,0.008594972409010455
360810334012008,0.0017739797272096757
360811429004003,0.0015901582755801428
360810582001008,0.0001450058067649184
360811451011004,0.02453922951357057
360811010022000,0.006838258184837717
360810954003019,0.002210002541750676
360810512003003,0.01227996630070183
360811483004017,0.00699593538334404
360811333002004,0.05092078900624931
360810243004009,0.006306241927798689
360810198001003,0.0004409534185865549
360810809005000,0.0034953437468348914
360810062027007,0.0029450743631276688
360811471002000,0.0013286268605197838
360811617003001,0.017964642909300183
360810945002006,0.0006446757640246307
360810018001003,0.0005368287182085082
360810125001008,0.003101425027731354
360810119002002,0.08859857110851127
360810638005005,0.0029450743631276688
360810660002003,0.00205343004260989
360811039003000,0.004730637531714712
360810929002000,0.00383003517858199
360811529022010,0.0036222461820563045
360810981001000,0.001201289146770191
360810587001001,0.0010992964587494215
360810626001006,0.0038945958081886556
360810054004005,0.011413218266611272
360811157003004,0.0002538948519280068
360810468002001,0.0014688410391229185
360810840002000,0.004128312746870516
360810998011002,0.00010007833842857158
360811621005007,0.0029450743631276688
360810270001013,0.002660205444728264
360810716001024,0.0029450743631276688
360810376005000,0.0023515783852440185
360810204002007,0.002359787492243722
360810450001003,0.020259951939747455
360810869001014,0.0029450743631276688
360810508001009,0.0011181863330348922
360810992001001,0.00023518099003737902
360810671002000,0.0015589361674742432
360810001022002,0.000947513578115903
360810095001003,0.0029450743631276688
360810997032001,0.0029450743631276688
360810309063001,0.02276545711877478
360810116001000,0.0019092302686743057
360811571017011,0.0045372867314019275
360810997012012,0.004167062606278652
360810472002001,0.0014011846910782263
360810664021005,0.007797387637577311
360810383021033,0.0029450743631276688
360810001011013,0.00963584748746617
360811291033000,0.0010911162772405392
360810630002003,0.012746692815512668
360810779051009,0.0029450743631276688
360811617001012,0.0005880889605615996
360811463002012,0.002542235752366218
360810610001002,0.003408792370112963
360810001041016,0.0010572002873177307
360811441003005,0.08921900937135839
360810282001003,0.0029450743631276688
360810580001003,0.021193660193253753
360810452001001,0.000705283480096011
360810997045001,0.006680246830133753
360810054001004,0.0029450743631276688
360810004003003,0.00019554748521795776
360810641011002,0.0006570589267825427
360810779043004,0.0017693123045933222
360810869002002,0.0029450743631276688
360811417004012,0.00036569506895023026
360810123013005,0.0029450743631276688
360810641021016,0.0029450743631276688
360810683003003,0.0038739541064507863
360810803023006,0.0029930584025805607
360810446012005,0.002972652680651252
360810997011011,0.004951331569811492
360811377003011,0.0004151658823948202
360810671002007,0.0029450743631276688
360810657033003,0.00889556114337967
360810055001011,0.006857344032980624
360810063001001,0.0005068776075661949
360810892014009,0.0012494495316813182
360810320003005,0.0013810435427336668
360811621002010,0.004488501922130382
360811161002001,0.00010100103519165167
360810889023000,0.00017756438535398997
360810443023003,0.001536224009592611
360810511001012,0.005754908914290838
360810846021026,0.0012768599308992492
360810507001007,0.0028648107358968168
360810001041000,0.00017487807148287745
360810987002009,0.004381126004014299
360811203001003,0.004381126004014299
360810517001004,0.015468392906105296
360810595011004,0.000494662775957554
360810547001003,0.00013267503333000324
360810803013009,0.0052347226533443645
360811029002002,0.004482925508709087
360810199021000,0.000360118720165654
360810456001003,0.0065771571547487105
360811529022003,0.0033147425698202802
360810205001020,0.0024927007109080564
360811479003010,0.003007241607827073
360810639002000,0.006427988593221365
360810138001002,0.0010236604756890405
360810568002001,0.0029450743631276688
360810186001005,0.002885849282361648
360811571012003,0.007933792894766591
360810171011004,0.0029450743631276688
360811099003001,0.0029450743631276688
360810440001003,0.0012671033076064187
360810650002003,0.0014994191178369029
360810743002002,0.040222464207089255
360811507013003,0.0026450861796219
360810656002008,0.0006419979833678926
360810513001002,0.0016661237282057963
360810462002004,0.010851860534478685
360810196002003,0.019505334720057395
360810306001021,0.0029450743631276688
360810212002003,0.00015584098101738226
360811385014009,0.005032504521426417
360811033004005,0.00032100005550949007
360810058003007,0.00020569403862301012
360810132002008,0.00026246703493542994
360810585003004,0.0013938677692133627
360810585002001,0.0356656984339453
360811483003023,0.0029450743631276688
360811483004016,0.005764875907900366
360810476001000,0.0034744472114036458
360810189001000,0.0004601084649792542
360811195001002,0.0011265980805673407
360811175003001,0.0017302849959355891
360811341002006,0.004231151526017623
360810711003002,0.00016562590740682478
360810205001004,0.0001327813522709869
360810922001000,0.0031427359670616836
360810264001005,0.001516163562009433
360811085003006,0.00039116096991033574
360811093001011,0.003595512179217297
360810439002000,0.0033931181574555574
360810664011011,0.0029450743631276688
360810402001007,0.007056044488115132
360810889031001,0.0029450743631276688
360810916021006,0.0029450743631276688
360811571015006,0.009433448656449834
360810481004001,0.00032971751012204935
360810664012007,0.0002521363843588737
360810264001000,0.00012452723483563955
360810484003002,0.0005454270134164396
360811141002002,0.0042882831769813275
360811059002005,0.00017577716936090524
360811017007004,0.018691366691251574
360810803023000,0.0029450743631276688
360810665011000,0.0029450743631276688
360810190002002,0.0004026747055123147
360811241001014,0.0029450743631276688
360810357003003,0.0029450743631276688
360810580004002,0.024317099319794394
360811189001006,0.0029450743631276688
360810540002001,0.00018608369850927646
360810992002018,0.0029450743631276688
360810991005007,0.0024762368196137104
360810208001017,0.0029450743631276688
360810158023003,0.0029450743631276688
360810102002002,0.0011701394835580306
360810540001009,0.00525609748466343
360810545002001,0.0012500526553523904
360810502021012,0.00015933483322380266
360810889022001,0.0009513897781672046
360810497001005,0.0030689667715320117
360810427001004,0.001148250301509865
360810274001003,0.0002029555870177967
360811571017003,0.007234072149258993
360811447001009,0.02146492924524683
360811467001006,0.012849345462127074
360811113002003,0.002858552429457847
360811507021010,0.008018829150636217
360810199012006,0.004381126004014299
360811223001006,0.0029450743631276688
360810695001004,0.0011016599001673953
360810400001005,0.0013280428532237735
360810998012001,0.0029805801957061896
360810531003015,0.021976764345451486
360810243003000,0.002570101822263008
360810036001012,0.010267656494343564
360810803021009,0.008122862513296275
360811621002011,0.0023893333311725148
360811507011011,0.005719485570725698
360811291045000,0.012589755041355786
360811617001015,0.0016675932414344384
360810595022010,0.0010181019800703224
360810158011001,0.0016202078411169385
360810939001015,0.004804615062312147
360810614001000,0.004238461661325623
360811291033005,0.0009591578159657134
360811291023006,0.003711568125298117
360811291044009,0.0029450743631276688
360811347011006,0.0018152580476630377
360810929001000,0.0005887466543075824
360810086002008,0.031041084147419507
360810088002011,0.003605415855026891
360811175005003,0.001480355214623445
360810295002006,0.012483896662481342
360810928001011,0.0009152596992316426
360810582003004,0.0016197450171257586
360811529021009,0.0029450743631276688
360810540001008,0.004286247808341122
360810142011002,0.011820728433206038
360810199011009,0.006265003259752
360810918001017,0.0029450743631276688
360810846021005,0.0001392406464067998
360810317004012,0.0005744092615892998
360810683003001,0.012478435634347267
360811483003018,0.0044465874200032935
360811483001013,0.0029450743631276688
360810001011016,0.0029450743631276688
360810019031037,0.004877572323144289
360810638004009,0.002211530221142397
360810334011001,0.0029450743631276688
360810945002004,0.006007351030642529
360810973002004,0.00011710382655444278
360810055001005,0.005607257230721962
360810171011001,0.00013962575859466643
360811291023011,0.0029450743631276688
360810580003001,0.0011998551196181965
360810680001013,0.00755218855030062
360810140002001,0.002504528251647959
360811291024005,0.011877207999476967
360811097001008,0.009193965903169609
360810942022001,0.0033916110027121253
360810306003006,0.003277617182364282
360810306004003,0.0008351574946838815
360810164001002,0.07346533725645772
360810317005010,0.003595274458258454
360811017002002,0.001215080424208641
360811017002003,0.0029450743631276688
360811257003000,0.005457607494990761
360811579034000,0.0029450743631276688
360810663012009,0.012502080405772152
360810583003003,0.00010320366414966066
360810554001001,0.006142254464131879
360810942021016,0.004025020440630749
360810580002010,0.001053809563747421
360811181001007,0.013694904446335341
360810057003004,0.009844907811667128
360810329001011,0.0009123274903626354
360810616013003,0.0020526414548543313
360810616011009,0.0020371177111571945
360811409022011,0.044793591060371216
360810042002002,0.15950037694650787
360811435001004,0.015613363983305203
360810504001007,0.003605415855026891
360810254021004,0.04137891907004191
360810004001003,0.0011616896349675005
360811227035002,0.03186254898492494
360810557002006,0.000970374517535386
360810383011019,0.0027732284428118614
360810884007006,0.0029450743631276688
360810413001002,0.0016381828887232417
360810276001001,0.00017654710036450906
360811257002004,0.011744301943819733
360810081001006,0.009126201079254903
360810495001008,0.0021427794809849125
360810919003005,0.003885347499043685
360810552001003,0.001498076018225511
360810125001020,0.0029450743631276688
360810671002004,0.005534369065096089
360810363001002,0.00012635506037165075
360810330001001,0.0004882973402226409
360810855004002,0.6529950402449379
360810991005001,0.0025000336179431624
360810613012000,0.003707138783289648
360810945002023,0.00020768221833101922
360811203002000,0.006384300437926804
360810723003006,0.012445182460201798
360810043002000,0.009802404835062664
360810478011002,0.00812475851391945
360810664012001,0.00605953509517537
360811167001001,0.004453355740503532
360811029001002,0.002431798869746771
360811029001016,0.0029450743631276688
360810525001005,0.0010992421812367835
360810545003002,0.007941812981020618
360811129003005,0.003605415855026891
360810577002007,0.008237029381333331
360810238002000,0.03119297874863666
360810954003023,0.0020526414548543313
360810235011006,0.0029450743631276688
360810809007006,0.024903330509451524
360810656002006,0.0171518023816182
360811467001000,0.0037611539972685197
360810245001000,0.0029450743631276688
360810383021070,0.0029450743631276688
360810199022011,0.00285515778110557
360810590001012,0.0030095251735684477
360810603001011,0.0005125450467709219
360810869002003,0.003974182536570356
360810199021005,0.0003085661065741074
360810775002007,0.010775141938493112
360810814001007,0.0009952520401546039
360810402002001,0.0072130989083429315
360810627001005,0.0012233692182968456
360810507002003,0.004040806550992602
360810462002002,0.0023047896208708194
360810462002006,0.0070202964781893975
360811529012006,0.0010438513575025696
360810942011001,0.013799880592938275
360810270001009,0.002732505796831644
360811223003010,0.004424574079570548
360810206001015,0.005596832113842533
360810202001008,0.00016241805600382544
360810122002000,0.0005131682647700943
360810124001005,0.012618937414177361
360810251001004,0.0015848422710226682
360810317002005,0.0011893807768891239
360810938001001,0.2799166370679405
360811385021019,0.0029450743631276688
360810254011000,0.0049208668253391576
360811223001004,0.0036815741978358687
360811167001004,0.0030659357823371387
360810525001006,0.00022839627384428705
360810033022001,0.015576482452280388
360810707001005,0.00022170421814987252
360810729001001,0.003040749520415039
360810443012002,0.027129386502829717
360810511002007,0.0029450743631276688
360810384001016,0.0021349249677550418
360810432001009,0.0007310151573273997
360810809007000,0.000489072886964014
360810528001000,0.004630415330098498
360810394001011,0.0019026810318384347
360810942031009,0.0029450743631276688
360810737002011,0.003656938932292616
360810496001000,0.0029450743631276688
360810504002002,0.0038264674164017343
360810168002008,0.0005140022645029218
360810838001006,0.009537389615931112
360811191002000,0.0011868322157375345
360810773003002,0.0029450743631276688
360810437011002,0.0226035551157133
360811008032006,0.007157730629730332
360810954003026,0.0029450743631276688
360810470001005,0.0001270501720639786
360810665012000,0.028023554371770502
360810659001000,0.0030594593179930534
360810470002000,0.02631209733474348
360810620001001,0.0031097038827782924
360810320003001,0.056296372344813446
360810320001010,0.004316626077005304
360811347022008,0.00021545746739725226
360810942021004,0.0006838477488746314
360810992001007,0.007629610121769631
360810582002009,0.0011115071994835773
360810278002001,0.013355790098741478
360810306004011,0.0023680429311891014
360810306001011,0.0029450743631276688
360811621002002,0.006027498372353015
360811033002007,0.0021787713041639526
360810479002003,0.0034237875791379747
360810884003007,0.0015956195492005981
360811141001004,0.0008679004346542663
360810180001001,0.22716340628240764
360810512002004,0.005731764626571861
360810294003007,0.00799477290519425
360810097003000,0.002723409958651928
360810557003003,0.002365218959176087
360811617002006,0.0029450743631276688
360810383021083,0.0003892095902723972
360810922001008,0.001439172230578414
360811339001000,0.003173173880502391
360810693001003,0.0036116375992994547
360810414001002,0.004025020440630749
360810528001006,0.00039737266127722466
360811459003004,0.0010178155180113836
360810459002000,0.0012958983892567462
360811385011006,0.00045542458889047676
360810916036030,0.0029450743631276688
360810265021009,0.007037350012361264
360810243003002,0.005909582358965254
360810243003009,0.008546129334217827
360811047005009,0.0010646020500257318
360810590001003,0.00045980217829155094
360811621005015,0.008678313126454127
360810664041000,0.0029450743631276688
360810206001009,0.0018687110999539038
360810646002007,0.005102489991193117
360811429003006,0.0023517442427159565
360811409022013,0.03689321080457127
360810088001002,0.0033858219054628993
360810934023002,0.0031214125942877246
360810664011001,0.0029450743631276688
360811097001011,0.003986368437636387
360810517001005,0.0028921688259406424
360811333003002,0.0029450743631276688
360810088002010,0.00043201046445992726
360810188001005,0.00428573677900511
360810368001000,0.001327421419138279
360811579022003,0.0004609910936030104
360811223002000,0.006246877876453054
360810632001000,0.0029450743631276688
360810884006006,0.004482925508709087
360810803023005,0.004340732123962119
360810779025000,0.0005104584618416631
360811471002006,0.04638105656483548
360811435001005,0.0009125975560667621
360811435001001,0.001188765831628543
360811483003004,0.0029450743631276688
360810181013002,0.000878431122357158
360810551002004,0.003499622573567199
360810205002003,0.0029450743631276688
360810517001002,0.0018044677059795469
360810208001015,0.0008928229172971604
360810954001007,0.012851058780461968
360810638003005,0.0029450743631276688
360810368001001,0.0016563565235603627
360810524002004,0.001295331609802378
360810539011002,0.00010828361094472147
360810737002010,0.0007471967246236595
360810033022011,0.0022232840929495156
360810033022003,0.0015875121501623933
360811039004001,0.001439121363729522
360810929002002,0.0029450743631276688
360810947002010,0.0005634752092336593
360810925001008,0.0014968155365058528
360810255001001,0.000887563456067065
360810531001006,0.004047002557889806
360810424002011,0.0029450743631276688
360810158013004,0.4349022037993916
360810170001005,0.0017505058059323066
360811039003004,0.0008346597891284548
360810534012004,0.003836597317696481
360810402002004,0.002172782989030569
360811008042001,0.0007231414531457158
360810184021003,0.008584699019117162
360810510002007,0.0016990778981916532
360810172001002,0.000148902153940366
360811265002004,0.7839513250752482
360810803013004,0.007921877091958645
360810973001006,0.003565360775834938
360810945001001,0.0008050750694792891
360810981002003,0.0024746083577510927
360810997041002,0.0029450743631276688
360810632002011,0.004182889983780745
360810779072000,0.005940449644336168
360811099003006,0.014855712052371807
360810942021015,0.0029450743631276688
360810654013007,0.0030882360617467495
360810626001003,0.0029450743631276688
360810329003006,0.0016502233723242902
360811409021016,0.0029450743631276688
360810019031023,0.001543606861068387
360810934023013,0.0028135148320628943
360810918001003,0.0029450743631276688
360810044011008,0.0002048842662756398
360811571022006,0.0001875342925869744
360810703002000,0.0026004569993192425
360810125001019,0.0018578516398498326
360810196001002,0.017765730739709454
360810582003006,0.0059812725874136136
360810216021002,0.00018238835729775956
360810797024002,0.002274309398121963
360810664011015,0.0030594593179930534
360810884006000,0.00026037859746899276
360811215003004,0.0031461781176642125
360810194001003,0.007302383084647371
360811621001002,0.007562796550349342
360811017002008,0.0014283593420884666
360811291041001,0.004188387479966699
360810619001001,0.0037473906838636347
360810623002002,0.0009377045975002673
360810587003001,0.0056170718900338526
360810603001009,0.0024121054351290564
360810929002009,0.0029450743631276688
360810561001007,0.0029450743631276688
360810243001008,0.0019899718985103075
360810320001019,0.0009269172863070411
360810358003007,0.00046309017861829635
360810661001005,0.0006177866355274584
360810500001006,0.000546737616159815
360811377002003,0.0035082943597814697
360810991005013,0.0011246378249054568
360811207011005,0.008588793711630623
360810510002002,0.01359583904218072
360810997051000,0.0029450743631276688
360811409022009,0.0008045785923799397
360810577003000,0.06032764002656474
360811579016001,0.0017432102536244646
360810716001025,0.0029450743631276688
360810095001002,0.005802076033777222
360810568001000,0.0010170952274856611
360811008012004,0.0022491698084497556
360810594002005,0.002048068221348291
360811171002006,0.0029450743631276688
360811093002016,0.005195005322110806
360811097001005,0.002498158879680198
360810019011003,0.0065771571547487105
360811567001002,0.0031401822116606196
360810472001004,0.00103723779673803
360811529011001,0.0021253560460141267
360810942011010,0.0002832208371726123
360810294005003,0.0009379649427547616
360810294001011,0.004238461661325623
360810306001014,0.002850199172644405
360810737002001,0.014859831609528584
360810582003009,0.0008330026151076241
360810837002002,0.033109964328066364
360810081001008,0.0006328648869208843
360810485002003,0.03237964908032572
360810638005001,0.0012756757568850971
360810330005005,0.0021975238096695712
360810330003011,0.00272976169528211
360811579016000,0.002242220392891754
360810140001006,0.0007144327648496167
360810099001005,0.005924410250185658
360811147002007,0.0012380293904164614
360811339001001,0.010097064914845985
360811085001010,0.00259978918743392
360811441004001,0.005930166871970944
360810942031011,0.0609758657283772
360810306004009,0.0029450743631276688
360810846021012,0.004381126004014299
360811579033012,0.002310098647754437
360811529011015,0.0065771571547487105
360811072011021,0.0029450743631276688
360811377002005,0.0005376914205490179
360810618001001,0.00840922662841186
360810205001010,0.0029450743631276688
360811047004001,0.022741324323322192
360810320004010,0.0011551446344687565
360810182001003,0.005813296873700098
360811579032002,0.00254904814664401
360810358002003,0.0007214400431890551
360810358002009,0.0029450743631276688
360810518002003,0.0008039281920010587
360810530002001,0.0014471918069932246
360811529012005,0.003168007950286096
360811571017001,0.0022797767925397073
360810552001000,0.0029450743631276688
360810179011003,0.005911733163084114
360810997031006,0.001950829954848857
360811203001004,0.20856861679575378
360810916034015,0.0010533700368321726
360810716001031,0.0029450743631276688
360810264001001,0.0002614182849577398
360811617003005,0.0024793850400026502
360810992001005,0.0001335519970916275
360810991002000,0.001836913715078851
360810552001015,0.0004807995384224583
360810964001006,0.0015603633502682022
360810964002010,0.011713762612921353
360810480002004,0.0009045693522151607
360810502011003,0.0029450743631276688
360810306005010,0.002468151211258571
360810840004003,0.004989054309913051
360810516001001,0.0017771924869437895
360810006003002,0.006384300437926804
360810243001004,0.010471799411664123
360810664032001,0.0016565961551547163
360811435001007,0.0012717339886067019
360811113003001,0.003262207723753996
360810939001016,0.0012857581003281
360810182001007,0.004951520851730237
360810716001008,0.0029450743631276688
360810470002006,0.0016223810483279118
360811301003008,0.00764236749665571
360810548001003,0.0006514157556947834
360810137001024,0.0029450743631276688
360810007021002,0.004178344304608481
360810088001017,0.0022142499477012982
360810140001005,0.003235304011318346
360811241001013,0.002850199172644405
360810484002004,0.007112028074329645
360810779041004,0.0027265631122037398
360810657033001,0.0018608211464879734
360811551032003,0.0005167735502935399
360810198003003,0.003168836327416762
360810263001000,0.0556844359158435
360810916034010,0.0029450743631276688
360810384002010,0.002498158879680198
360810284002005,0.00015324990780489573
360810884002006,0.0029450743631276688
360811451022001,0.0029450743631276688
360810582001005,0.0029450743631276688
360811341001006,0.0029450743631276688
360811417003005,0.004937015709815761
360810172002006,0.003986368437636387
360810623001003,0.0030930139870131296
360810749002006,0.0009680255542286522
360810243004012,0.0024746083577510927
360810892013013,0.003229538497535011
360810086002013,0.002912252300057227
360810745002000,0.0029450743631276688
360810907001016,0.000704188245628355
360810552002001,0.0029450743631276688
360810062027002,0.03679315068755283
360810448001006,0.0008862146887465869
360810892015006,0.00030542149398118154
360810142012002,0.0010925249466105706
360810054004000,0.05972785408106918
360810797024001,0.0015625225331116197
360810803022003,0.00720086933250084
360811185001006,0.002946852946219733
360810366001009,0.003784849748467393
360810892011003,0.0029450743631276688
360810929002005,0.003997834763927743
360811435002002,0.004293190860586315
360811471002002,0.0463085424423983
360810198003004,0.0007152348015774905
360810444003003,0.0029450743631276688
360810997051014,0.0013729975913848494
360811223002005,0.0016600510837549427
360811467001010,0.001024128683325056
360810123011005,0.0012720616158355127
360810199012007,0.008235292941824653
360810297001006,0.0029450743631276688
360810249001007,0.0029450743631276688
360810654011007,0.001217721648099056
360811093002001,0.0029450743631276688
360811039002000,0.010217831536602495
360810463001005,0.0002256686825330724
360810531003012,0.0015452629101101855
360810142021008,0.0002886880140412944
360811301003001,0.006570978348286813
360810663012005,0.00020389408882061716
360810667012003,0.0008533899203664335
360810087003000,0.0029450743631276688
360811010043002,0.00017557019178305485
360810568002014,0.0017930751961264904
360811621001000,0.0029450743631276688
360810330001012,0.0010331379208527683
360811529023011,0.001197907721574145
360810863003000,0.00017498966237810008
360810475002009,0.02200108186584981
360810475002008,0.001595851194078133
360810973001008,0.0022406055633987457
360811277003007,0.0006910682326881731
360810306001030,0.0007330694583989945
360811093001010,0.0029450743631276688
360811579031013,0.0017498340382717614
360810230002005,0.0031955286924245934
360810095002003,0.0022081800484856895
360810019031022,0.010722933408243703
360810134003000,0.0029450743631276688
360810654012004,0.0019126362178452394
360810216021006,0.0029450743631276688
360810424001007,0.002498158879680198
360811072011002,0.006100075069359567
360810229001004,0.0024925716231885943
360810918001002,0.0029450743631276688
360810922001011,0.00018375678932054096
360810566002003,0.0029450743631276688
360810120001001,0.0029450743631276688
360810120002001,0.002615645118116714
360810745002008,0.001761915216205741
360810665012005,0.003907440529840141
360810608001011,0.001072328710039733
360810111002006,0.0029450743631276688
360810143001001,0.0001952661848548036
360810034001002,0.0011844945404642655
360810254022006,0.0004551114216893144
360811571022005,0.014637976253218237
360810114001000,0.0029450743631276688
360810797024000,0.043598290534318275
360811032023002,0.015756980954151355
360811507024009,0.0029450743631276688
360810032001009,0.0009288173043320799
360810297002016,0.0029450743631276688
360810788001001,0.0004336157344675444
360810294001008,0.0009533748157239224
360810598001001,0.004623836539828758
360810889031006,0.010214539011164793
360810057001003,0.0024746083577510927
360811147001003,0.0029450743631276688
360810637002005,0.002411479830068235
360811093003007,0.0005064678608936158
360811277004011,0.003378503744156084
360810507002010,0.0008894743908058722
360810361001004,0.0037454480847768454
360810884002001,0.0013120407439925245
360810499003005,0.0006837446418434876
360811159002001,0.0027713760887836335
360811429003007,0.009666453162017991
360810945002030,0.006137718111062918
360810919003001,0.0032858922947641782
360810515003004,0.003959310139131478
360810916036012,0.0029450743631276688
360810259001002,0.0031401822116606196
360810081001002,0.0029450743631276688
360811367004001,0.0010146929994560656
360810083002007,0.022284769943287958
360810987002014,0.0029450743631276688
360811029002003,0.00022851980484686624
360811203002007,0.004392436422158591
360810058001012,0.0032556308855244366
360810892016001,0.002241191398273675
360810779071002,0.005648251547518291
360810729002005,0.009953462747702828
360810991004006,0.0008770330505493352
360810942023009,0.003295416722292163
360810216012000,0.004730637531714712
360810102001002,0.0006235796609624428
360811072011013,0.0032195315498474444
360810954001000,0.0029450743631276688
360810942011005,0.00020268077831011452
360810892016013,0.0029450743631276688
360810402001001,0.004438461585665929
360810126021000,0.00033664726737055807
360810171011005,0.0029450743631276688
360810625001004,0.0014648366311890192
360810299001002,0.0037961098968275365
360811099002002,0.0029450743631276688
360810942023002,0.0029450743631276688
360810680004014,0.001276995087898177
360810687003003,0.0029444547915698756
360810294005011,0.002682524601602995
360810229001003,0.0029450743631276688
360810158012000,0.10563242474647581
360810122001003,0.008573710569871723
360810108001002,0.001575503963640723
360810317002000,0.0015687997970936219
360810034002001,0.004255859612059283
360811479001005,0.005128153623411667
360811385014003,0.0018011472482080478
360811507013005,0.0029450743631276688
360811072011019,0.0029450743631276688
360810916035011,0.005344433351080491
360810591004002,0.0019301150880889724
360810352001011,0.0029450743631276688
360810375021002,0.07567967317305953
360810329001008,0.00970186580170059
360810918001004,0.0029450743631276688
360810889031004,0.0034744472114036458
360810262001008,0.0004147203509849894
360810306005009,0.002949757975896777
360810168001000,0.00014585707126553072
360811008032000,0.0003580529074307392
360811265001007,0.012984656756261596
360811385012001,0.006753486412695339
360810929003004,0.0021510777595031005
360811029002005,0.0029450743631276688
360810729001005,0.0009175379904193047
360810639001008,0.00854536750329018
360810916032014,0.003101425027731354
360810381002001,0.003527351338723847
360810334012011,0.007275117657974135
360811429004009,0.025046873158285583
360810047001001,0.0010368397501815535
360811291042003,0.007559384608003867
360810496002008,0.0029450743631276688
360811367003013,0.0009730160482010631
360811333004000,0.004578022301552769
360811399002012,0.0029439441722375016
360811187002004,0.0013532379776990617
360810838001007,0.05887584565769586
360810818003000,0.0010929638920418206
360810992002008,0.002368582712461068
360810749002008,0.0012630094270379617
360810919003003,0.011639208786373891
360810916034004,0.010819689001776808
360810769021001,0.0004935470937343638
360810512003001,0.004277544457835331
360810972062008,0.0013770084766154792
360810499003011,0.0002967850653803969
360810480002005,0.0037118811445195567
360810306001003,0.0029450743631276688
360810176002004,0.0028176488817740373
360811085002006,0.0029450743631276688
360810939002000,0.003522510801700767
360810470001009,0.08772404494007732
360810440003002,0.006932095113396672
360810560001002,0.004250805283931289
360810404001001,0.004507013764181563
360810664021010,0.0029450743631276688
360811141002005,0.004482925508709087
360810196002002,0.0064776073376053315
360810216021005,0.004026936613888762
360810773002001,0.08880478423092623
360810508001006,0.01189929368973912
360811207011000,0.29298246311818815
360811579011010,0.0016309451849612848
360810199012016,0.00018935182037619602
360810001041014,0.0029450743631276688
360810687003007,0.0029450743631276688
360810040021006,0.0029450743631276688
360810266001007,0.004238461661325623
360810280001006,0.0018889046097153406
360810288021002,0.0020792977593096177
360810538001003,0.00018955666861045613
360810045001007,0.0033966920642152926
360811189002000,0.001200148963600849
360811341002002,0.0028683520359726127
360811459002008,0.004588585740848215
360810058003010,0.015948670069152897
360810394003000,0.0027502102889888067
360811571015007,0.0010381972438258127
360810884001021,0.0029450743631276688
360810243004001,0.00695848799191726
360810694001011,0.006288325136725228
360810612001004,0.002052301064725629
360810334011000,0.004306897220227849
360810446023001,0.006892321961923731
360810814001004,0.0012643508555293774
360810790002005,0.018289805238754293
360810288012007,0.00032599882449462056
360810247001001,0.005795511695925432
360810788002005,0.0015192916226296125
360810260002000,0.0006985930921771023
360810086002009,0.00033643287234862845
360810562001002,0.007549290350239109
360810568001005,0.00040621098374678683
360810052001004,0.0004250160902776292
360810837005008,0.00028843200377625587
360810062023002,0.0012485857461987848
360810208002018,0.0002955535800401075
360811385021021,0.026224616191917207
360810991003014,0.0031214125942877246
360810892017007,0.0038821133836273464
360810192001003,0.0030594593179930534
360811571021003,0.0011524139637776334
360810779043003,0.0001761350729741965
360810716001014,0.0027583462370579974
360810803023008,0.014594203958337154
360811113001013,0.005478386098185166
360811417001004,0.0006044224748160523
360810232002000,0.0013000717875829547
360810309041010,0.0029450743631276688
360810616022008,0.006771308372109673
360811129001002,0.0029450743631276688
360810997033007,0.0029450743631276688
360810249001006,0.009872855233185181
360810022002004,0.013383612141790851
360811551011000,0.0029450743631276688
360810719001001,0.0029450743631276688
360810610001007,0.0030699270899566585
360810376004004,0.0003988655692457431
360811529012008,0.0004773273596389914
360810916035002,0.0029450743631276688
360810987002003,0.004679963878745205
360810723001000,0.0019743684481298707
360811571017005,0.002421465715012187
360810166002000,0.002638305372016381
360811008041003,0.005353160037452667
360810251003004,0.004072016898080579
360810297002011,0.0010894570317650063
360811017001005,0.0031401822116606196
360810863002001,0.0014196246102171329
360810871002010,0.0006053690825136032
360810687003014,0.0014858739359511607
360811029002007,0.0029450743631276688
360810939002004,0.003181808681160291
360810869001005,0.0006044400412835582
360810707001006,0.008759283576085054
360811459002006,0.0029450743631276688
360810694001002,0.0001736384473275007
360810997013000,0.0003109352337520112
360810769011003,0.001295662979854509
360811291033006,0.002218563861740538
360810424002000,0.0010658668499291483
360811017001001,0.008130689229361122
360810869001000,0.0001402665707037543
360811123001006,0.00604454514078563
360810115001001,0.0006574436201867085
360810230001005,0.0029450743631276688
360810922003005,0.005495230736787105
360810973001007,0.026987040250052077
360810614001013,0.0006526246867976219
360810042001005,0.0002015598780606844
360810187001008,0.0029450743631276688
360810424003002,0.00042470403706986056
360810496003001,0.0029450743631276688
360810964002008,0.002306214014845123
360810002001003,0.0006009722501441369
360810779072005,0.0029450743631276688
360810495001001,0.0020813308576167573
360810884008002,0.003601461676222184
360811507023000,0.0029450743631276688
360811283001008,0.004927506311944469
360810291004001,0.0028971749546255732
360810032001010,0.00048540668318229185
360810997011005,0.007616029520139713
360811265001004,0.0002109270860512061
360810216021001,0.0017971109758624195
360811191001004,0.0029450743631276688
360810478021000,0.015509908480786412
360810006003003,0.004518800799862863
360810507001004,0.0007068797670764736
360811529013004,0.23519007097586653
360811507011014,0.0028013783596725155
360810157001006,0.005561863525120832
360810667012000,0.00010751203690349373
360811507022016,0.00036670625896027185
360811385011003,0.004235570695787235
360810661001006,0.003435129756077612
360810153002001,0.0027276135560876224
360810485001001,0.0006661396557881362
360810479003002,0.005745306714359974
360810058002009,0.0029450743631276688
360810779044005,0.0031427359670616836
360810006001004,0.04411107459550369
360811033002003,0.006579525580412125
360810454002001,0.008049475608401649
360810928001013,0.0029450743631276688
360811072011000,0.0029450743631276688
360810598002002,0.0009426926077364458
360811579016011,0.0026816077742527022
360810383021071,0.032607128274472465
360810437012004,0.014364522499656095
360811551032002,0.0029450743631276688
360810130002001,0.0003717569669109811
360810007012011,0.0076013612066044
360810001041029,0.0002145797246853587
360810916034005,0.0006506849221504148
360810837001003,0.0015952018971079284
360811205002002,0.016945410114108186
360810376005003,0.0028899057701074916
360810095002016,0.0029450743631276688
360810942011014,0.0019883267713569188
360811032021000,0.000336635564698068
360810294005010,0.0010455796954012809
360811579034010,0.0029450743631276688
360810329003001,0.0005283540795475552
360810034001007,0.00043005446307653065
360810803021014,0.002961661511888141
360810306003010,0.004643493361292497
360810058002002,0.012631769499646795
360810352001008,0.0029450743631276688
360810284001010,0.010552467217513916
360811059001006,0.0028921688259406424
360810398001007,0.0012778562838540685
360811223003006,0.014233515243263406
360811417005007,0.004384570174390345
360810618002003,0.0012076247927931096
360810079002002,0.027682078945953224
360810616021009,0.004330298964230162
360810398001009,0.002502253867516962
360810179021000,0.005313857923462697
360810729001006,0.0028715743508244116
360810646001010,0.007454346883545872
360811333001006,0.0019082847379526505
360811441004005,0.00017275486300864654
360810530001004,0.018357784718864303
360810258001011,0.0009113284210887817
360810567004001,0.00012110130597078176
360810925003005,0.0029450743631276688
360810259002002,0.0016049871360010425
360810677001006,0.002595101626618595
360810212002010,0.010936371695477244
360810779025001,0.0014186216861264255
360810869001009,0.004910972232575999
360810954003006,0.0012400174612485
360810492012001,0.001342908342932773
360810404004000,0.009288290496989838
360810330001010,0.010233568759796004
360810174001001,0.011998990144293181
360810176002002,0.020433387672300626
360810539011003,0.008529968123086581
360811579031005,0.003228341446258467
360810008002005,0.002207869305633437
360810991004021,0.006099865415774701
360810592001000,0.0029450743631276688
360810478021003,0.0013203064373331031
360811033004006,0.0007247387067665281
360811247002008,0.002987455247792686
360810531003007,0.0014479443773849573
360810991004019,0.0029450743631276688
360810204002003,0.0037578586712116186
360810779044001,0.0003431529172098222
360810376005010,0.000531516244500535
360810512002007,0.0010420532658589833
360810062025002,0.0008993450242855914
360811479002006,0.00031542471763597833
360810657021001,0.0003511773191621958
360811399002013,0.0017935903963353554
360810594001000,0.0036488543245360074
360811571021002,0.010770475871849344
360811113002005,0.007822092403272252
360810536011005,0.002894682322839016
360810179021022,0.0032148358887918982
360811223003012,0.0016668403871284941
360810695001003,0.0002982907108730989
360810531001013,0.004896553722106434
360810019031035,0.0029450743631276688
360810803023016,0.0029450743631276688
360810600001000,0.0029450743631276688
360810869002017,0.0021300567324172535
360810330004000,0.008091888344808914
360811579016014,0.00046686044816246074
360810916034025,0.0029450743631276688
360810383021055,0.004730637531714712
360810884007007,0.006227970408597599
360810939001010,0.0029450743631276688
360810565001004,0.008179572013651099
360810654013005,0.00486631991458872
360810664023006,0.0024168227906337923
360810114001003,0.002944355009880403
360810542001006,0.004767496514094629
360810954003004,0.02643225855858069
360811113003006,0.0023680429311891014
360810020001000,0.0006995320002323922
360810731002004,0.0018221533642523362
360811039004008,0.004380969796325379
360810255001003,0.005874485927188918
360810251001003,0.0006091616890950406
360810293001003,0.0003959376823320565
360811301003004,0.0023226567418305013
360810846021021,0.005477538909354146
360810587001000,0.18696182639513617
360810620001007,0.0030582852311539146
360810264002002,0.0029450743631276688
360811571021000,0.0029450743631276688
360810294003005,0.0031214125942877246
360811017005001,0.0034744472114036458
360810665012004,0.005416818130153324
360810363001000,0.0034277701225416475
360810616011006,0.0029450743631276688
360810934011005,0.003756210451447701
360810384001009,0.0029450743631276688
360810297001004,0.00013747168232421247
360811579032003,0.0029450743631276688
360810424002003,0.0001268062363216977
360810044011000,0.0027633599996622067
360810922002005,0.00010892202817248085
360810945002010,0.004484648014095533
360810616013001,0.002318622938357839
360810998015009,0.0029450743631276688
360810580004007,0.005395987252129174
360810779081002,0.00043933838139416587
360810797021000,0.008004255813138815
360811215001002,0.05524823470468072
360811223003008,0.01148078238413152
360811167001003,0.0065771571547487105
360810189002007,0.0007458437758351333
360810414001004,0.00102442453319425
360811257003002,0.007413322276991327
360811483003017,0.0029450743631276688
360810479003001,0.008782955200909616
360810559001006,0.0028818990676795853
360810493011000,0.0009753663576310825
360810999001024,0.0029450743631276688
360810087003001,0.002409612268103592
360811291044002,0.0008219526259009264
360810087002004,0.025368495757226963
360810001031000,0.00013093804633858692
360810719001004,0.0029450743631276688
360811529013008,0.009773055319331815
360810353002002,0.0029450743631276688
360811139001006,0.00019581004649285743
360810214002001,0.0029450743631276688
360810814001008,0.0032192207855353816
360810511001001,0.00034142471942596493
360810489001006,0.03670261480178082
360810757022016,0.0036613880163738092
360810680002003,0.0022276992905148436
360810999001010,0.0029450743631276688
360810589003003,0.00278781788744189
360810051002006,0.0013396174411014425
360810499004002,0.0005797544587501441
360810062026000,0.004067074324818667
360810545001000,0.0013734212352106557
360810549001000,0.004250018895685466
360810582002004,0.006070870156359881
360810512001001,0.0029450743631276688
360810220011004,0.0031770635853398603
360810208002004,0.00027187590476174034
360811621005002,0.0013830320119166738
360810185023004,0.005345171451484377
360810596001002,0.002350117988757979
360810997051006,0.003759798466172363
360811385021000,0.0029450743631276688
360810400001000,0.0017977391916105898
360810039001001,0.004357270350944096
360810665014001,0.046628787417383695
360811097003010,0.00876552485143302
360810088001012,0.0006833230431996026
360811621004009,0.034881112456754834
360810001021002,0.015088394010078611
360810462001002,0.000942708877241411
360811579031001,0.006944819933186339
360810202001002,0.004987862564109791
360810006001002,0.0050387813937794665
360810134002005,0.000875303533612666
360810062011008,0.00012260562590352188
360810320001006,0.005418396692561288
360810713063002,0.0026587945514083573
360811227025007,0.011229950637146168
360810317004016,0.0029450743631276688
360810208001009,0.0005583301092019275
360810452001007,0.00253925371625161
360810492021009,0.006084972156500305
360811367004002,0.0016408459017207462
360810618002005,0.001504133853757671
360810456001010,0.0034488614366764933
360811191002001,0.0006942180375875252
360811579033008,0.002243791587039507
360810328002001,0.002201345782865107
360810058002001,0.0029450743631276688
360810680003004,0.001167633747045748
360810383011002,0.0029450743631276688
360810552001019,0.000473796722047919
360810716001029,0.0029450743631276688
360811341002009,0.0016859721067380416
360810723003009,0.00016708694228887932
360810713064003,0.002605980706619234
360810711002005,0.0008114790944336404
360810243001007,0.0029450743631276688
360810495001000,0.0029450743631276688
360811551042011,0.0029450743631276688
360810997012000,0.040131337626461726
360811129002002,0.0029450743631276688
360811017006007,0.003323689120476054
360810427002005,0.0002465895978291456
360810629002001,0.009079963018082535
360810614001015,0.0023469475964113537
360810542002000,0.0039595028581291755
360810400001001,0.00031701807362155765
360811571011000,0.0038878644129657983
360810779081003,0.006121744006037778
360810480001010,0.0015730530745975198
360810480001001,0.011044779048786925
360810482001005,0.025413320410996715
360810479001007,0.002910907481900154
360811403001009,0.0021397145566239197
360810620001006,0.0009168588138426618
360810306004006,0.0013737835971094875
360810557003001,0.0016079434872965075
360811099002009,0.0022319904602567235
360810665014002,0.002498158879680198
360810384001003,0.0016328651524404121
360810682002004,0.003847396936956824
360810942023014,0.001357873801882897
360811151001015,0.0008764669646140148
360810633022003,0.0007001724850298799
360810669002002,0.0029450743631276688
360811399002004,0.0031887245282575427
360810999001003,0.0029450743631276688
360810091002004,0.004719980595226226
360810071004000,0.0016494308289094865
360810846012001,0.0014891118857434825
360810216021011,0.0006073075515401349
360810168002004,0.0036547274354067328
360810566002000,0.0029450743631276688
360811451011006,0.002359065956910271
360810280001003,0.0009985470564148448
360810288021009,0.0004948937461336133
360810814002000,0.00018787331903440826
360810538001005,0.0012332113319195918
360810580001002,0.007410193071552195
360810559001011,0.013061599551112591
360811123001009,0.002660156491517168
360810531003009,0.0029450743631276688
360810243003003,0.023555747913034025
360810055001002,0.0028448632616145824
360810460001002,0.298584627534423
360810892014018,0.002102316387065751
360810001021000,0.0029450743631276688
360810159001002,0.021524370012626446
360810638005008,0.0023680429311891014
360810790001004,0.0006347817182575914
360810294006003,0.0069263309838454214
360810262001004,0.006694683112830788
360810196001005,0.0008863086889343874
360811341001007,0.0004565660980540954
360811099001010,0.0020830359845771754
360811129003006,0.003141967601147835
360810997033000,0.020460301944331693
360810376002000,0.002910907481900154
360810007023009,0.00011094417015061746
360810892013006,0.0012657267067076273
360810507001010,0.0029450743631276688
360811617001008,0.0033529565209773596
360810137001010,0.00023434950789222043
360811097003000,0.0022629708126872513
360810156002004,0.0029450743631276688
360810558001002,0.0019700040019566883
360810368002010,0.00513827217622234
360810524002001,0.002800737901745048
360810245004003,0.004261233257059044
360810539011001,0.00036011875746703016
360810757022000,0.0028004011926758615
360811039001001,0.005543398259696429
360810293001005,0.005429940092983104
360811113001012,0.001578842108747924
360810540003007,0.0011197090926569199
360810091001000,0.0029450743631276688
360810942022000,0.0014279693967738938
360811403001003,0.0014876648914730244
360810472003000,0.00011983905894062064
360810637002002,0.010845188823138122
360810693001002,0.12363815198631975
360810402002008,0.0029450743631276688
360810052001006,0.007532835368990263
360810330005004,0.0013151366753416589
360810170001002,0.006464657232215837
360810297002010,0.002193359201494398
360810803012001,0.0027732284428118614
360810184011012,0.0029450743631276688
360811199001012,0.0041539251480047605
360810383021036,0.0029450743631276688
360810892011004,0.003605415855026891
360810132001009,0.00018354646047206145
360810132001006,0.00035134735130393604
360810779051002,0.001647529424689383
360810376004009,0.0024746083577510927
360810998021007,0.0001152759915817283
360811463002008,0.004159702951766521
360810991003001,0.0013458970239760813
360810997011006,0.0037579152639227098
360810853001003,0.12272350667065288
360810622001010,0.0008345218908752605
360810328001003,0.0007330395365818609
360810294004002,0.04054104132734618
360810916034006,0.0029450743631276688
360810591004001,0.015176760747324202
360810716001015,0.0029450743631276688
360810196002001,0.0019371036247571843
360810254021003,0.005678861330020696
360810517001017,0.0001899079072405983
360810054004001,0.0020851410524439632
360810012001002,0.004482925508709087
360811227041000,0.006766690912013288
360811463002011,0.0008218555575943056
360810123012007,0.001710421511128032
360811417004004,0.008095873606707998
360810434001005,0.0005976211504632376
360810216031000,0.0029450743631276688
360810964002014,0.010040172593550816
360810455006000,0.003928182124002778
360810071004004,0.003996294529619886
360810593001005,0.0019981027638423065
360810353002003,0.002087632873176101
360810030001002,0.0003040806177774129
360811187001001,0.0029450743631276688
360810489001024,0.002673497815621149
360810892011000,0.003141967601147835
360810601002005,0.002225458513313388
360810682001009,0.0007545815694541518
360810260002008,0.00046539149275569324
360810439002009,0.006136575714588359
360810683001001,0.0026330917978660932
360810019031016,0.0014543126422348082
360811203002005,0.0015207135907159565
360810062022000,0.0037555092240381055
360810058002007,0.003360983364646561
360810942022003,0.0029450743631276688
360810456001004,0.005455171621733905
360811367001001,0.05528253021456691
360810757013001,0.0014276283128540357
360810446022001,0.004016744966491698
360810443021003,0.006049997087405396
360810012002001,0.006004541425642249
360810840002005,0.009498259027763092
360810137001015,0.0029450743631276688
360811529011017,0.0011769341136346478
360810478021007,0.002250456022619363
360810254021007,0.01097200539967232
360810552001004,0.005258202024728859
360810122001002,0.007453186280398919
360810122002006,0.0013033772707933646
360811047005002,0.0033802385319092795
360810135001003,0.0011141993786726318
360811277002000,0.00023762486858287013
360810472002002,0.0023968506568505937
360811579012005,0.013457735665504502
360810773003005,0.002582318001008659
360810051002005,0.01391805954870733
360810106001003,0.001118185567396081
360810548002000,0.0029450743631276688
360811579032012,0.004549519636910916
360810212002011,0.6358888943214707
360811385013004,0.02964691715204474
360811157002001,0.005462617332455442
360810713033002,0.0033187484411281486
360810138001003,0.006538815248861041
360811241003002,0.03081531893785465
360811483001009,0.005124057911312836
360810306001023,0.0029450743631276688
360810376003004,0.0014282797393580162
360810220012000,0.0029450743631276688
360810520001007,0.0029450743631276688
360810368002000,0.012676494851428069
360810366002008,0.0034480754684249595
360811193002001,0.0029450743631276688
360810729002003,0.0005644419622538199
360810709001004,0.000540163341741609
360810711003001,0.000557443279271375
360810637004001,0.002660205444728264
360810919001002,0.010292139962036012
360810499004004,0.0035674396579566683
360810205001013,0.01189121109595973
360811347021003,0.005583408965226514
360811579023002,0.001103773227507763
360810846011001,0.0025096007028709757
360811099003008,0.003350099375725114
360811093001009,0.007860277326859578
360810713042000,0.0004935814943081809
360810629002006,0.0035396229250369074
360810916034001,0.0029450743631276688
360810892014007,0.0042882831769813275
360810166002002,0.0037138411653131237
360810942023004,0.011868000442491353
360810846012004,0.0002470092347289317
360810846021030,0.0029450743631276688
360810404004002,0.004138423549113336
360810352002005,0.002780883701511497
360811571015011,0.0025566001746013907
360810174001006,0.0005559247574776536
360810531002003,0.022825701233539795
360810654012000,0.001656762253156481
360810123011000,0.0008387593937274475
360810942023017,0.0069189182841187516
360811010031002,0.0039987413270604205
360810347002008,0.0006499487510757086
360811097002000,0.0003254356840456381
360810889032000,0.05111905834161301
360810434001008,0.0023348667707824775
360810320003004,0.0029450743631276688
360810716001013,0.0029450743631276688
360810792002005,0.0029450743631276688
360811059003006,0.0038496942117175097
360811059001011,0.0034190340416622527
360810803013000,0.0024055161947756296
360811185002001,0.004692651440547029
360811157003002,0.005586667750544134
360810032001000,0.0001408384803392351
360810062025001,0.01160508538283178
360810383011021,0.00090364642222822
360811571018008,0.002578967690913672
360810400002001,0.0026713584967100984
360810158023004,0.04190588189961766
360810261004002,0.0005332225781796181
360810266001000,0.006485303554572714
360810276001007,0.0003041882033275228
360810288021007,0.0012591242100864354
360810199011003,0.0058483537906752455
360811417003003,0.0005583620227872866
360810473001002,0.0022418810418617183
360810096002003,0.003596489872981739
360810779082000,0.018573127664035037
360810749002010,0.00486592798169574
360810320003008,0.0007844455205080303
360810769021008,0.0029450743631276688
360810383021052,0.026992122057559582
360811451021002,0.0024601029055195543
360811409022014,0.002028077463859189
360810892016004,0.001514361000417828
360810148001008,0.0010964898520201573
360810558001004,0.000742683986296201
360810036001001,0.0029447365207173237
360810147002002,0.0006141198001129926
360810916036033,0.0029450743631276688
360810329003002,0.008109687285465874
360810016002005,0.0076030372791110225
360810179021002,0.00610718633975769
360811008041001,0.0007221415857697534
360810779062006,0.011183099932840205
360810612002005,0.002660205444728264
360810716001028,0.0029450743631276688
360810809003001,0.010741764889681414
360811483001008,0.013472711025524168
360811417003009,0.0037054758459343804
360810638004006,0.000998461321208386
360810680001012,0.004581587907960427
360810189002006,0.037373774626330084
360810295002008,0.0031278891858446335
360810199021008,0.00017226195421127347
360811093001014,0.002710258119255545
360810154002003,0.002546320736256877
360810243002008,0.0009094405808327647
360810531003002,0.006341103451752605
360810014003004,0.0003776689986117536
360810889031000,0.015472559833396475
360810007012015,0.006153711518292506
360810205001003,0.0028872459747221802
360810489001022,0.001533682206876408
360810376002009,0.00970186580170059
360810616022001,0.0029450743631276688
360810352001013,0.0018945652871933953
360810010002000,0.006380988504714553
360811241003005,0.00036248174579291896
360810437021001,0.0011366948305317095
360810803023007,0.000881141368298042
360811113001004,0.0013627153672129111
360810495001004,0.0029450743631276688
360810253014000,0.0029450743631276688
360810376003009,0.0031401822116606196
360811367003004,0.0029450743631276688
360810510002008,0.0029450743631276688
360810942021014,0.0016200038093181586
360810664012002,0.0013206111583787062
360810327002002,0.000572923776681651
360810998014002,0.0029450743631276688
360810036002000,0.0029450743631276688
360810042001004,0.00015575600012940035
360810938003002,0.0015474761907406538
360811047002001,0.0014873002793563514
360810001041009,0.006413675752182801
360811483001011,0.0031364658926128397
360811010042006,0.0028908486567116904
360810639002002,0.0029450743631276688
360810916035021,0.00103723779673803
360810216021012,0.0029490043215243057
360810613013001,0.0029450743631276688
360811032013003,0.0029450743631276688
360811032021007,0.00020004414714978614
360811032024003,0.00012132440731589257
360811507023002,0.015174210342919792
360810954003016,0.0009703881713665797
360811621003007,0.0014593111096797941
360811385021020,0.0029450743631276688
360811291024001,0.009729667444945467
360810097001003,0.00023854432700289353
360810869001002,0.007754434253274948
360810002002001,0.003101425027731354
360810619001002,0.0035634225180482416
360810679001001,0.0018573989536650657
360810559001003,0.001952190977561408
360811529013002,0.0029450743631276688
360810749002016,0.0029450743631276688
360811507012007,0.0018386586681495435
360810916021008,0.0031401822116606196
360811479002005,0.0029450743631276688
360810383021002,0.0029450743631276688
360810185023000,0.0029450743631276688
360810149002004,0.00015577988638801064
360810159004000,0.007630428289272152
360810147002001,0.0006300014681516498
360810916035006,0.0029450743631276688
360810545001001,0.0007702684255079384
360810589001001,0.00021002607615733883
360810592001004,0.0029450743631276688
360810656003005,0.0015207135907159565
360810220011003,0.003444014987477215
360810466002003,0.002976127828647816
360811579014002,0.0029450743631276688
360811479003005,0.0007668130897563605
360810600001005,0.00014304101441800545
360810188001003,0.003948331473202849
360810402002003,0.003905826825673391
360810402002006,0.012554488866411147
360810327001004,0.032990456654415946
360810132002002,0.004304790372564634
360810007012005,0.1027512931182489
360810019031034,0.009948871639409504
360810179021008,0.0015132601942984133
360810077001006,0.002127440506558455
360810270001011,0.0029450743631276688
360811257001003,0.005366340953912395
360810472001006,0.0017741971168853065
360810480001008,0.001289269473522661
360810262001011,0.00715884172827464
360810274001002,0.0029450743631276688
360810007011005,0.0035719494016317227
360810036001005,0.003032221012453297
360810737002013,0.003081219374598765
360810306004008,0.0010350111335178942
360811205001002,0.0002836273243667888
360810660002002,0.0013873685712330163
360811059004006,0.0029450743631276688
360810480001005,0.0012684394518915384
360810918001010,0.0029450743631276688
360810916036029,0.0029450743631276688
360810260002004,0.004719363544216294
360811223002002,0.0020355567893600318
360811429002007,0.002498158879680198
360810515002002,0.005557242339816999
360810061004000,0.006775234692180857
360811097003009,0.0032134285608180864
360811008042005,0.012795300340291249
360810618002001,0.00568180131012434
360810757012002,0.0005097893453423437
360811017003008,0.0015378661811011548
360811032022009,0.005645012557171323
360810001011014,0.008250369387646905
360810450002002,0.00026510432907688185
360811191001000,0.0001826900704946994
360810138001000,0.004739800643581617
360811429002003,0.0011933073440959514
360810892018001,0.006617633731530118
360810664032004,0.0006921138962961808
360810352002008,0.0005644786404942273
360811579013002,0.0029450743631276688
360810506001000,0.000532414439641518
360810502021009,0.0003910141710645547
360810680001004,0.0029450743631276688
360810181011001,0.001684203795131679
360811175003007,0.0034761240781364467
360811341002011,0.009321204787050107
360810071003001,0.00040796368287401185
360810997051011,0.002414631596361461
360810716001027,0.0029450743631276688
360810838001002,0.012414203317396046
360810846021033,0.016937645801462644
360811010021007,0.00012225902135856162
360810567001002,0.0014086796148766267
360810919002008,0.0009812436321313478
360811032012007,0.37685001784570865
360810524001004,0.012973085246462644
360810192001004,0.004624326553372996
360810934023001,0.003626067677579654
360810779021002,0.054236028946530034
360810504001000,0.003539067083084814
360810992002022,0.0029450743631276688
360811467002000,0.03699552187238303
360811409021017,0.001251201867611772
360811227025003,0.0018536931650937297
360810502011006,0.004581587907960427
360810479001003,0.0011338435592032567
360811085002007,0.0007319421567721461
360811141002011,0.0028619572642435403
360810669001003,0.0028937601322725
360811617003004,0.011985252765401211
360811017003002,0.011034010921620952
360810095002019,0.0029450743631276688
360810010001000,0.004067822054320324
360810769021006,0.00893090214809372
360811579016016,0.002140184312680235
360811257003003,0.0015212360327635174
360810358004003,0.007481173457006446
360810997033002,0.0018851378464478832
360810561001008,0.0029450743631276688
360810598001005,0.004404457636616263
360811129002007,0.002945622971457267
360810538002001,0.0025106907653394263
360811241001001,0.003789532422678385
360810461001005,0.006060302760426983
360810058003011,0.0035173965338057248
360810058001007,0.002237964422539928
360810838001005,0.0012345264982123914
360810253022006,0.0005586768342853597
360810531003003,0.0018349526504015286
360810929002014,0.007515287000930936
360810042001002,0.004742336562043953
360811033003000,0.005027667119231264
360811247002009,0.006039487012219107
360811017002007,0.00485241913105445
360810460002001,0.0013439785982679554
360811291023007,0.0023680429311891014
360811291044008,0.001820185429503145
360810892013007,0.00319582665576581
360810892016008,0.0029450743631276688
360810317005014,0.0010718596683386662
360811529011010,0.0029450743631276688
360810128001003,0.006625878165072055
360810483011005,0.0005116850678244652
360810991003012,0.0029450743631276688
360810568004010,0.02950162713300389
360810916035026,0.0027879737256073945
360811385014000,0.018497941535527123
360810192002000,0.01082519381611938
360810199021016,0.010555908490717416
360810530002002,0.0008715461671467215
360810616011005,0.006042182323819837
360810682002010,0.0029450743631276688
360811483003005,0.0029439441722375016
360810697021002,0.0028850968333406462
360810934011012,0.003053327899621919
360810157001002,0.0029450743631276688
360811195001003,0.005904427176837384
360811467002001,0.0061520750328934075
360810038001009,0.0029450743631276688
360810205002002,0.0029450743631276688
360810489001002,0.0015427378167447755
360810148001001,0.0021016464033457283
360810638003004,0.0009356042249633353
360811129001003,0.000727022598457593
360810219001013,0.0023446189561692854
360810058004000,0.00032582617979641976
360810892021003,0.0029450743631276688
360810024002003,0.0029450743631276688
360810483011003,0.0012085493579761216
360810309042001,0.0029450743631276688
360810040012006,0.0014425414788219984
360811567001003,0.0029450743631276688
360810665014000,0.0003345750846637329
360810679001003,0.002723409958651928
360810650001011,0.002718389045093673
360810942011003,0.0029450743631276688
360810358004002,0.0034533064950560406
360810522001011,0.0002994042382440012
360811151001003,0.002298126988434582
360810158012004,0.00046369857275947756
360810194001002,0.0008558909338184967
360810334052011,0.0005018838158203225
360810334052006,0.0033797215055298762
360810158011006,0.003414222975333448
360811017005007,0.00818910304574182
360810803021005,0.0029450743631276688
360810922003006,0.0017186103862505554
360810337002001,0.0029450743631276688
360811409022001,0.0029450743631276688
360811191001005,0.015908796327680084
360811017002009,0.0017955472124899618
360810954001009,0.009592756312571808
360810464001002,0.005476846934398685
360810464001004,0.002559624869423755
360810694001012,0.0009618609532376413
360810664021002,0.01068169018469582
360810664021001,0.0019000038976064698
360810630001002,0.002498158879680198
360810612002007,0.00033840340264840245
360810329003009,0.0016923701813368421
360811047002011,0.00841533002451926
360811032021001,0.00156257935719336
360811529023004,0.002714618548114141
360810907001025,0.0029450743631276688
360810187001005,0.002431798869746771
360810040021000,0.0029450743631276688
360811227021003,0.002984879319345554
360810779023005,0.00019529326236984707
360810383011005,0.0078037190231807965
360810916035014,0.0029450743631276688
360810297002004,0.0006846211143377307
360810235011002,0.1337070821597345
360810183001000,0.004229940058769088
360810613013003,0.0012312290823565416
360810171011002,0.0029450743631276688
360811008031008,0.0055936358219898655
360810443023004,0.0029450743631276688
360811291022002,0.001482654591187253
360810004002000,0.0011090693558176335
360810623001002,0.0025991383590330806
360810747002001,0.0008538754114326677
360810663011000,0.0028990030392395316
360811167001012,0.004527072758014256
360811441003000,0.012544094462781144
360810657031002,0.003317667544002565
360810629001004,0.0029450743631276688
360811417004014,0.0006514345135313346
360810884004001,0.0032044228436420973
360810110002001,0.0013705619676973634
360810261001003,0.0002566777423242541
360810153002002,0.0018614905997997244
360810101001002,0.0019257015194268107
360811033001004,0.0029450743631276688
360810991005014,0.0029450743631276688
360811203002006,0.0009441613411642959
360810058001010,0.001964104420836385
360811417002004,0.0015524076740955767
360810998013002,0.0029450743631276688
360811093002011,0.002656962256655664
360810552001014,0.0020157676494995157
360810601002003,0.00868966602417639
360810697021001,0.0029450743631276688
360810171011007,0.0029450743631276688
360810659002008,0.0012306233520811734
360810539011004,0.002129975303967343
360810220011008,0.0031438928118176584
360810493022000,0.0035615591535403455
360811483004008,0.003584659004406351
360810713044000,0.00030150885158106855
360810525002002,0.015395081823327912
360810086002000,0.003955261126181414
360810845003003,0.015047459057279125
360810677001005,0.0007734336275589199
360810365001002,0.0013351338999588948
360811529023002,0.0029450743631276688
360810357003006,0.013183019994974482
360810942012005,0.2249894592645141
360811409011014,0.013598986549389144
360810818002005,0.0024597081598435166
360811085001009,0.001819991898712611
360810016002002,0.00031735692572047123
360811385014006,0.002695503745666116
360810472002010,0.02154211404726158
360811247001011,0.0005878257434509086
360810249001001,0.00027635486330836835
360810184021005,0.0007450519808822454
360811617002001,0.0001307421590537194
360810440001005,0.0002658495444061908
360810083002001,0.0006590137763592752
360810556001003,0.001923027266625533
360810460002000,0.00021541060409071698
360810142022010,0.000269437489475971
360810124001004,0.04097289228234581
360810212001006,0.00015427625656310763
360810620001008,0.0029450743631276688
360810731001002,0.0036616678165862174
360811241001015,0.1241390386603252
360810645002008,0.001964550174351572
360810253022002,0.0023369248795379
360810682001000,0.001493751498234702
360810928001006,0.0020526414548543313
360810694002012,0.0012666246973637048
360810846021032,0.0014971593336637833
360810568004014,0.002450309012734763
360811097001007,0.002387582658595013
360810309032001,0.0004652050801067513
360811467003009,0.0003461078323925575
360810402001000,0.004581587907960427
360810859002001,0.001664030805546318
360811008012007,0.10300880601660223
360810025006002,0.0029450743631276688
360810964001007,0.0016262032771336486
360810964001013,0.0005236338191672425
360810531001012,0.0020026244299523955
360810664031006,0.00028640417679463755
360810694001006,0.0015220066813408336
360811032022000,0.011045539159463685
360810329002004,0.006808412914763526
360810276001008,0.0037678788661397533
360810484003003,0.0006116873457035259
360811085002004,0.0011095658740386616
360811139001002,0.00034207509612487564
360811175001008,0.007935901376826761
360811059002009,0.005543398259696429
360811151001004,0.0004948937461336133
360810294001012,0.0015145661003227516
360810916032010,0.0016309451849612848
360810019021013,0.002634026691731782
360811141001006,0.0003910001342270826
360810198003000,0.0046881298963596715
360810320001015,0.014913716316826212
360810846021028,0.0029450743631276688
360810282001001,0.004285196669399322
360811621001009,0.0029450743631276688
360810687002001,0.0022902915182032497
360810402002009,0.0028009464749037716
360811409021015,0.0029450743631276688
360810375021003,0.002715514526938908
360810489001016,0.0018785155884845535
360810981001001,0.0024799508022756507
360810007021006,0.00027408684921215756
360810251002001,0.0016232662895701198
360811008011002,0.008039348778408038
360810650002008,0.012801573404696374
360810258002002,0.002208207182023437
360811409022008,0.0012899450715610807
360810934022000,0.006305087499887109
360811529011014,0.0029450743631276688
360811129002013,0.0029450743631276688
360810998014001,0.00011258758174643707
360810518001005,0.0029450743631276688
360810144001007,0.003071846926505684
360810594002000,0.004742674146496571
360810511001003,0.0065316683393387065
360811579025005,0.0007206692688522273
360811571018010,0.0016307566790191785
360810379001000,0.002931570653671942
360810157001005,0.00038849231642964816
360810317004017,0.0029450743631276688
360810317004011,0.0029450743631276688
360810683002004,0.0029450743631276688
360810638001004,0.0015434743243760733
360810660002004,0.003226935553987639
360810045001004,0.014559625436676436
360811039001000,0.0016463503896770057
360811039003013,0.005728291715935882
360810293001012,0.0029450743631276688
360810293001006,0.006153746764380522
360810185013000,0.006459006160870071
360810568001015,0.004815593936634557
360810650002007,0.0014285208342992885
360810987001004,0.0013559818548462283
360810916034008,0.004581587907960427
360810884002005,0.015216402552479066
360810102001007,0.0001718894776944131
360810178001000,0.0035291230871126234
360810169001000,0.0028426650293105183
360810803021006,0.006913675309707145
360811093003013,0.0029450743631276688
360810679003008,0.01139958433965048
360811409022000,0.0029450743631276688
360810096002005,0.0029450743631276688
360810515003003,0.00039019292163421484
360811429003003,0.004038937511977552
360810892011002,0.0027932281007656437
360810334012004,0.004331063700901038
360811277002010,0.0003612855618951712
360811617004006,0.09640229426626519
360811133002007,0.0004850402253943587
360811181002001,0.006442820390570753
360811181001003,0.0005191825151262992
360810922001013,0.010253404281735901
360811175002005,0.006079392211120146
360811385021003,0.0029450743631276688
360810404001006,0.005543398259696429
360810779081000,0.0036965305128837706
360810309052002,0.023133417215112282
360810779082004,0.0006760825983072094
360810581002004,0.0020077831755197133
360811507012012,0.0029450743631276688
360810183002000,0.00514610045507977
360810581002000,0.00012993495505189668
360810999001022,0.0029450743631276688
360810497002001,0.00663438465145804
360810230002003,0.01613604002483461
360810589002002,0.008694570926167404
360810593002003,0.0024928070955852195
360810330003000,0.01281087018959241
360810320001013,0.002050856782264673
360810680004008,0.0029450743631276688
360810707001004,0.030707198994280385
360810709001001,0.0016036432704831095
360810635001002,0.001650465315338049
360810973003008,0.0029450743631276688
360810479001000,0.01175486763811281
360810377002003,0.028355410643912112
360810656001004,0.0019411452613289609
360810991005012,0.011292887539954694
360811029001013,0.012245334414251177
360811207012000,0.007037350012361264
360811227025005,0.009316976503519325
360810506002000,0.00013452859227172442
360810205001023,0.008326962724599615
360810232001001,0.010423814386651574
360810475001010,0.005513042297865897
360810179021028,0.0029450743631276688
360810181022002,0.004978682015978436
360810212001010,0.0018969676962085388
360810837001015,0.0010705430848169078
360810590001013,0.005018620578147269
360811483002010,0.0012054368467189337
360810019031033,0.0029450743631276688
360810837001000,0.00403826782101679
360810037001003,0.0019406294783825251
360810352001001,0.0029450743631276688
360810001022000,0.0029450743631276688
360810294001010,0.0014609144728009035
360810262001010,0.0029450743631276688
360810383021076,0.006522274439433293
360810122002002,0.0008117336723320596
360810262001009,0.002455638757948934
360810186001008,0.15490959683649683
360811171001009,0.001859738717903445
360810309031003,0.017191404482925537
360811385013000,0.009293460273718215
360810622002010,0.0025262485065506005
360810934012001,0.0021099982545186185
360810639001010,0.00021811726838029256
360810521001002,0.005342694050773889
360810599001000,0.003557354500643791
360810517001018,0.0031214125942877246
360810892011010,0.0015506865425217737
360811189001003,0.002320258469359603
360810258001002,0.02741020717775183
360810220024001,0.008463217880283369
360811301004004,0.0013877839011070634
360811199001011,0.0036069563762310968
360810320004006,0.005073989893955994
360811139001009,0.0029115055742724993
360810703001004,0.0022785482698015527
360810713062001,0.0012371337828799387
360810707003002,0.002335045090274016
360810707003006,0.00010692814789768554
360810329003007,0.0032716402377666633
360811181002003,0.0053098304295544855
360811093003005,0.0034208744021184405
360810499003000,0.0029450743631276688
360810357003001,0.0029450743631276688
360811333004001,0.00046915334743659993
360811551042001,0.0029463251082336734
360810818002006,0.0029450743631276688
360811097001010,0.0030594593179930534
360810991003004,0.0029450743631276688
360811017006001,0.0006720988025984079
360810743004001,0.0013408712409978918
360811205001007,0.0041425192450825635
360810263001002,0.0002072739153026081
360810916036004,0.0029450743631276688
360811579014001,0.0029450743631276688
360810532001013,0.0029450743631276688
360810664032005,0.0009080094078547753
360810366001005,0.004457274569358994
360811529022012,0.003921717421179736
360810202001000,0.003160590789631314
360810803021012,0.0029450743631276688
360810512002001,0.008054607279591132
360810972041006,0.0043725183067790715
360811008012002,0.0029450743631276688
360810482001006,0.022162491874713443
360810506001004,0.008263073253112357
360810183005001,0.13286842379791453
360810680003011,0.000575215070809001
360810779061003,0.004482925508709087
360810468002002,0.0010239170055243777
360810552002010,0.001768748286183358
360810484001002,0.004879182347744982
360811059003009,0.009740992916792528
360811147002005,0.0029450743631276688
360810799001001,0.0025901347734753628
360810934013001,0.0029450743631276688
360810216031001,0.0029450743631276688
360810510001006,0.007403421396929649
360810548001000,0.00960239612200651
360810105003001,0.005348770820547741
360810100002004,0.0029450743631276688
360810773001000,0.009528477404976688
360810779033001,0.005689425422076942
360810998015008,0.031211885894599934
360810172001003,0.003969299946733902
360810568003008,0.0014525071724581556
360810496003005,0.0003924703142088976
360811471001008,0.0004808397302735924
360810625002004,0.004879203789802666
360810274001005,0.0016200494372557964
360811571017010,0.0007347462581858559
360810538002005,0.0007366534939838319
360811223002001,0.008623743683219538
360811247001003,0.002189449482691669
360810243003005,0.0004919613519111325
360810014001002,0.006507647137155078
360810019031006,0.003256116026529402
360811201001011,0.0019258652106482724
360810616012001,0.007853232112490605
360811429003002,0.00012237394706799337
360810892012013,0.0015778760190426973
360810934011004,0.0029450743631276688
360810347002001,0.0007121945085572654
360810539011006,0.02621540021852974
360810536011004,0.004566299293627862
360810536012002,0.0007708244937311291
360810189002001,0.0004468515651975909
360810939003010,0.002172782989030569
360811579025000,0.03146977496038727
360810383021063,0.0023779885127985004
360811571016011,0.0005003362585473412
360810779062010,0.003933804822875581
360810614001008,0.0048390731745912964
360811441001005,0.00034574395099098797
360811441002002,0.005344433351080491
360810259001001,0.0029450743631276688
360810639001009,0.0002560222523894472
360810179021026,0.004804615062312147
360810137001021,0.0024746083577510927
360810144001011,0.01335690730365602
360810352001010,0.0018679927494296938
360810526001002,0.0038302870036687046
360811571014001,0.0029450743631276688
360810219001010,0.0003022828672431482
360810115001004,0.027154497256655013
360810125001009,0.0004145024494408161
360810916036019,0.000690236845354671
360810156002003,0.0004443962066284379
360811267002000,0.004699083334137419
360810665011001,0.0018388721748345551
360810818003002,0.008187489347951145
360810799001010,0.0948800550942393
360810650002002,0.0029450743631276688
360810384002011,0.0004437906803626491
360810400001007,0.0030676777328704614
360810616012007,0.0008344769256438011
360810510002000,0.002172782989030569
360810376003001,0.00012187470888549629
360810164001000,0.0015404025181761439
360810450001000,0.0028921688259406424
360810973003002,0.004581587907960427
360810884001020,0.003305051840046858
360810884008004,0.00037173390358153133
360810461001002,0.0009094405808327647
360810928002003,0.0008411523647638399
360810657021000,0.0023020980807416584
360810719002002,0.0006152744949972697
360811579034002,0.0034486788963051245
360810629002005,0.0004105985911879397
360811163012000,0.001043724554181462
360810743003002,0.0007454567907051881
360810954003011,0.002096896754326697
360811047005007,0.0012023814498258972
360810779051001,0.001484914619597213
360810626003005,0.005291444159894063
360810630002001,0.0029450743631276688
360810142022011,0.0029450743631276688
360810580002005,0.007514057178613981
360810998021002,0.0021200329420155515
360811010041003,0.05525940314135821
360811133002013,0.0002788086575483155
360810205001018,0.0025523115981192857
360810934013005,0.0006448592739832214
360810859001003,0.007023960651609526
360810287001000,0.0004021788441521008
360810622001007,0.0029450743631276688
360810622001014,0.0015086012726446573
360810249001008,0.004569943236260119
360810172001000,0.00023948371658922302
360810580003004,0.028776267177682523
360810291004002,0.0010865097061387968
360810220013002,0.41635206443569467
360811032022003,0.0015434743243760733
360811507024002,0.0031401822116606196
360811507011010,0.003171930451273287
360811507011013,0.0002005319774383462
360810259002001,0.0009756325402260448
360811017003009,0.012079149638667686
360810485001005,0.016097943104631297
360810065011000,0.0248814732422638
360811059004002,0.004804615062312147
360811085001008,0.0029450743631276688
360811093001012,0.004200971708474651
360810238002002,0.00015417022738014257
360810353001004,0.0008774746254996419
360811171003009,0.1980789178259358
360810185013001,0.00030195327630959856
360810186001004,0.0008024612892886207
360811471001010,0.00023167326241605148
360810739004003,0.00016624987916008554
360810159003002,0.0029450743631276688
360810485001003,0.006918504918909149
360810499003006,0.002910907481900154
360810058001001,0.005212046661244321
360810058001013,0.060216737074119446
360810645002004,0.014943446444607416
360810508002004,0.007701342338097206
360810656002004,0.0023936238096449246
360810656003011,0.003462252785412487
360810243002012,0.0029450743631276688
360811579015002,0.0022166995237338015
360810206001002,0.0029450743631276688
360810637004005,0.0022121700961919735
360811032011003,0.00024426450220883816
360810596002005,0.0029450743631276688
360810317001000,0.017868798231669827
360810289001000,0.012577030148359713
360810132002003,0.015364753058286454
360810019011000,0.002387297002001191
360810803013006,0.007521692620207153
360811451021000,0.0029450743631276688
360810659002004,0.002498158879680198
360810677001007,0.00022323048899704014
360810040012004,0.0006273927756321801
360810483011006,0.0029450743631276688
360811507024008,0.0029450743631276688
360810414003002,0.001630219710982332
360810916021000,0.0029450743631276688
360810922002010,0.0029450743631276688
360810610001009,0.0029450743631276688
360810713052000,0.1458395004478898
360810713033000,0.009714222399573359
360810741004000,0.0024109020396094693
360810737002003,0.0032367394326950783
360810892017004,0.0007863826164777503
360810288022004,0.0023130430252274333
360810088002014,0.0001757032471764271
360810552002007,0.0027846538491974457
360810001011012,0.0029450743631276688
360810094001003,0.01143258111070398
360810184011011,0.002132348311800152
360811223002004,0.0034470006336138645
360810818002007,0.0013323555699529994
360811571014015,0.0029450743631276688
360810124002004,0.0006025875059459131
360810164002003,0.0014218259996309948
360810168001005,0.002408395188396859
360811008011006,0.0014333439099831675
360811377001005,0.001995652553623661
360810616012005,0.002363513245890244
360810443021004,0.001471438592840817
360811059003010,0.005787314707840755
360810613011000,0.0029450743631276688
360810637004006,0.0001055714758125714
360810667011003,0.00308201975233306
360810665014003,0.0029450743631276688
360811483003009,0.005048138989014465
360810443022000,0.0015493466551246534
360811621002000,0.0029450743631276688
360810641011001,0.027368419803689262
360810383021030,0.0023876231502332756
360810889032001,0.0009349080496117675
360810564001007,0.0005857943104388595
360811341002005,0.0027190523422263315
360810679003011,0.029089749694539518
360810703001000,0.011773975285641145
360810110001003,0.010920790069043118
360810317004001,0.0013688828461532548
360810846021010,0.005698496021216152
360810773002003,0.0020995459990272884
360810945001016,0.0002127069623246068
360811203002002,0.003805834295025075
360810190002001,0.0011937178385374098
360810619002003,0.00038211161452878753
360810142021004,0.001744658480486467
360810663021002,0.0029450743631276688
360810404001004,0.0027732284428118614
360811409011003,0.0022625067462167855
360810306001001,0.0029450743631276688
360810194001009,0.006220332459918572
360810838004002,0.002398135003108739
360810262001002,0.0019340928362008417
360810010002004,0.000751181375084418
360810997051008,0.00454504690410815
360810019031021,0.00018942432708316786
360810264001004,0.0004742630446538616
360810468001000,0.0033097357322732788
360810137001022,0.0008520554247057263
360810928002004,0.0025674302116786814
360811223003002,0.0029450743631276688
360810454002003,0.005215118668615585
360810779071010,0.002862654143675767
360810716001000,0.0070429370775241945
360810400001003,0.0007235870727815452
360810792002004,0.0029450743631276688
360810166001003,0.00032098432111536364
360810154001004,0.002969168313648137
360810414003008,0.00011156293307198572
360810434001016,0.0029450743631276688
360810560001010,0.0008202625116923101
360810560002008,0.003557354500643791
360810028001006,0.011029798783105357
360811385011001,0.00015198327182483875
360810100002001,0.0007415978721515944
360810373002000,0.0837368877057214
360810132002009,0.005688591579708588
360810059001003,0.0029450743631276688
360811010031006,0.01149841061019338
360810019031009,0.00025703325272439766
360811291033001,0.0024616499944498035
360810182001010,0.0003207604724419949
360810262001006,0.004113018776822516
360810892013012,0.0029450743631276688
360811447002012,0.06293651025463462
360810884005011,0.0029450743631276688
360811097001004,0.0009045809561298371
360810001031002,0.014409738513688231
360810987001002,0.0029450743631276688
360810007023000,0.0020562630723604688
360811265001001,0.0009862195677130354
360810024002002,0.005022920552761943
360811571014012,0.0029450743631276688
360810809005004,0.004992694223239059
360810632002000,0.0007349110816362288
360810697021005,0.0029450743631276688
360811471001009,0.0005760236997980474
360811010021008,0.000426670543622541
360810230001004,0.0029450743631276688
360811347022004,0.011105084247470687
360810660002011,0.0076463666746222165
360811367005003,0.005664441958950819
360810149002001,0.0004479390642556193
360811141001009,0.0017868390107926453
360810141001000,0.002857470351887376
360810320001005,0.0027011229207778964
360811483003010,0.0029450743631276688
360810179021013,0.002871853148023149
360810473002001,0.01916430703786795
360810154002002,0.004409230839982349
360810542001007,0.003175789354754647
360810549003001,0.0004177270127629283
360810945001020,0.0029450743631276688
360810981002006,0.003141967601147835
360810114001010,0.08596391594657035
360810540001004,0.00017296307012171176
360810204002005,0.0029058208969163337
360810633011006,0.00034726821948859936
360810621002006,0.0019225816561384747
360810981001010,0.0017699523410273008
360811409011004,0.005660913003153249
360810171011010,0.0006003209271267549
360811571021008,0.0024181176725673317
360810383021078,0.0029450743631276688
360811283001011,0.0029450743631276688
360811579024006,0.0013027849839239872
360810476001006,0.00247155971977412
360810757022005,0.006218405932048413
360810568002008,0.0005592357446680156
360810638001006,0.0029450743631276688
360810376004012,0.001192282347629378
360810358002007,0.0013559818548462283
360810176001000,0.0007936719227641176
360810170001001,0.001237780218047831
360811141001008,0.0018765738381301203
360810803013001,0.01684249072915904
360810621002001,0.002907709414650726
360810889032002,0.0029450743631276688
360810803023015,0.0031906618983951335
360810595022006,0.0010331617447232235
360810567001000,0.009151938977081664
360810657031003,0.008139103626164244
360810484004006,0.00022305799907453838
360811417001003,0.0029450743631276688
360810632002005,0.00021593325543603584
360810329002003,0.017509429453309626
360810358003001,0.004720900664616641
360811451011008,0.002387297002001191
360811133002010,0.008379180444656973
360810042001006,0.04287689229224498
360810539013002,0.011969478157026214
360811451011011,0.013533012451334387
360810472002000,0.0029450743631276688
360811459003000,0.01405593335519963
360810001011006,0.0022376204717562847
360810040011003,0.016087408447034837
360810916036028,0.0029450743631276688
360810184011006,0.0019375652514004838
360810280001001,0.006726000135890574
360810997011000,0.0029450743631276688
360810214002004,0.009694525081399839
360810942011009,0.01526547456447306
360811471001003,0.0023472068225947095
360810954003022,0.0014538041454405474
360810125001007,0.0016014465540519958
360811241003004,0.013458368561644524
360810371001006,0.0009498121908803717
360810243001014,0.00328029752342213
360810743003001,0.00022940570890197018
360810779071008,0.0003897647275776054
360810680003001,0.008198262039469814
360810469012001,0.000731550015091354
360810947001000,0.0020968858837799183
360810654013000,0.0012080756651795758
360810551001004,0.0002524267943533889
360810383021074,0.0029450743631276688
360810309041007,0.0010532732306919588
360810595021007,0.0066975915220912775
360811479003007,0.0029450743631276688
360810182001000,0.0006834142280426347
360810838003007,0.004702186728948163
360810347002004,0.0004812363432793435
360810124001000,0.0027211700225071994
360810110001000,0.13300036946231317
360810001041028,0.0045967480395382445
360810837002005,0.0004010791432084189
360810581001004,0.0013112746788838598
360810625001005,0.0005622015122934582
360810054002000,0.003087829981385281
360811507023005,0.0007252260187049714
360810444003018,0.0008550440749754864
360810998013000,0.0002406787475313059
360810942011011,0.023531674153140215
360810476001003,0.003917279956533626
360810294002005,0.0011001691160432278
360810884001003,0.0030108918732998104
360810106001002,0.002566256713822915
360810723002002,0.0024698971654643883
360811579033007,0.0029450743631276688
360810414003001,0.008926977419279853
360810270001002,0.0031553880413212683
360810997051002,0.0029450743631276688
360810254021006,0.0027732284428118614
360810168001002,0.0026132409910074885
360810614001003,0.002374712681576
360810622002014,0.0031401822116606196
360810542004005,0.004238461661325623
360810972041009,0.0004502827405545897
360810366002005,0.016030964565982398
360811047003006,0.015930281674237004
360810892018004,0.001932869246619422
360810916032002,0.00094638847537346
360811167001008,0.0007379204931375944
360810394001008,0.0012100196477326387
360810603001007,0.010488860851029836
360810997013004,0.006761414333259439
360810306001004,0.0017480439629942574
360810680003013,0.0015023447770206035
360810394001001,0.0009859671801115588
360811617002007,0.0020526414548543313
360810284001007,0.001055939368056865
360810357001004,0.0005537970413092386
360810697024003,0.002605980706619234
360810508001003,0.0015387908988929344
360810530001000,0.007099515562207445
360811133001003,0.003811249109754264
360811201001010,0.0017185359298464433
360811187002002,0.038565990510854846
360810288021008,0.002927469376458423
360810170002005,0.00024055053459787461
360811008041000,0.0013193112191299651
360811008041010,0.0029450743631276688
360811571011002,0.0005788986610483684
360810086001006,0.0014568762211588735
360810566002006,0.001392850982391699
360810357001002,0.00019397873822133135
360811451021008,0.0023299753925036387
360810638001003,0.0007351531828543996
360810942032000,0.001342016121209918
360810500002006,0.0026339966534086995
360811301001005,0.0029450743631276688
360810664022007,0.0028720248196061754
360810171011012,0.0029450743631276688
360810507002004,0.001780510623328371
360810884001010,0.0029450743631276688
360811579016017,0.005543398259696429
360810610001005,0.003557354500643791
360810922001005,0.006617633731530118
360811257002003,0.00255586983847542
360811171002002,0.00016201785053002497
360811223003005,0.046765286803965724
360811029002004,0.0012996032883793936
360810559001010,0.0029450743631276688
360810402002002,0.0029450743631276688
360810680001001,0.0029450743631276688
360810512002000,0.0022415676522346043
360811483001015,0.0005623925113616153
360810916035008,0.0031097038827782924
360810612002006,0.0034448784483227263
360810671002001,0.002246193825158002
360811367003017,0.004684298818257771
360810414002000,0.00033522036674835044
360811447001002,0.00844830516945394
360811341003009,0.0042761876741439254
360811341001012,0.003033870229856097
360811385011014,0.0048358892672558116
360810377002001,0.00024888708582060615
360810489001007,0.0003064317581649164
360811291033002,0.0017207720309974051
360810792001001,0.0005977828588805149
360810194002000,0.00025141081985404607
360811551042003,0.00040778047810349576
360810086002012,0.0004388028876884006
360810147001001,0.0010481507983561666
360810121002001,0.007904431649507838
360811529011011,0.0029450743631276688
360811447002018,0.0029450743631276688
360810664011004,0.0029450743631276688
360810907001017,0.0017401695057691923
360810145001003,0.002315292950053672
360810058002010,0.0029450743631276688
360810622001008,0.002977054267624754
360810717022002,0.0001500543802941914
360811039002009,0.0044388621381725845
360810404002004,0.004614466800515801
360810243001000,0.0029450743631276688
360810251002003,0.002276019364846578
360810664033001,0.0054548102044789815
360810020001001,0.005112367803497846
360810973003006,0.0014063884977484058
360810939002002,0.0025676106933905235
360810542004006,0.0024176810138121837
360810174001005,0.00597318335176258
360810580004004,0.00017043303362245616
360810317004009,0.0029450743631276688
360810657021007,0.00036096090616348194
360810682002001,0.0016795636601968633
360810555002004,0.0009094405808327647
360810353001007,0.002124749845496241
360811301001008,0.0003112017871730537
360810134004002,0.004255655924344089
360810306004001,0.005368012220540528
360810204001015,0.0006778670854105945
360810176001001,0.0025104031333987946
360810230001001,0.004144886637850496
360810809007003,0.00959260925495193
360810999001004,0.0029450743631276688
360810363002004,0.0029450743631276688
360811579032010,0.0010272429924097933
360810942021012,0.0005433081643039695
360811032022006,0.011697963461849143
360810358001001,0.005099644117295527
360810620001005,0.0006681974934585135
360811617004011,0.00046125587904962496
360810929005014,0.0029450743631276688
360810402001008,0.0029450743631276688
360811093002008,0.009567147953514564
360810997011007,0.0020328654930147614
360811017001006,0.0034118093020863174
360810997011003,0.006097524553890033
360811039001005,0.0013322393652610341
360810028001002,0.00014279315543101973
360810008002001,0.00033188494098258824
360810110002006,0.0002900670481215049
360810174002001,0.003464371917748362
360810214003005,0.005495230736787105
360810779023000,0.003944171040026176
360810779043007,0.003058177841551678
360810998012000,0.001014731800667393
360810135001000,0.008400598341480636
360810507001011,0.0008301446146865249
360810270001000,0.0065263560082196555
360810057002000,0.002586270061243294
360811201001009,0.004381126004014299
360810106001000,0.004528036967659355
360810455004000,0.0016138728357691578
360810055001009,0.003827625090623193
360810499003010,0.00811201127797587
360810555002000,0.0020206227931063876
360811507023006,0.00043219725341327495
360810775002008,0.0032648669623780734
360810306005004,0.003840785443070318
360810865002000,0.3321699903067263
360810557002007,0.0002113932417603918
360810929005009,0.0017797722182693284
360810058001009,0.0028424199224086084
360810159004002,0.0004654766955601381
360810111001001,0.01811454534080125
360810987002012,0.000274693437872458
360810240001002,0.3557228903184928
360810945002025,0.00019302507242873352
360810466001003,0.004266021141248076
360810664031000,0.0029450743631276688
360810779042005,0.007708522238431142
360810779051005,0.013277361281502968
360810208002008,0.001923584991848076
360811579011000,0.0029450743631276688
360810208001005,0.001434678297503117
360811133002012,0.0029450743631276688
360810716001016,0.0029450743631276688
360810840005006,0.0018115925947168874
360810329001001,0.005526161324373205
360810039001007,0.0013872524392449935
360810663011011,0.005652993913631254
360810659002009,0.000839577006269791
360810637002001,0.007530567745061842
360810633021002,0.00661234916183204
360810309052001,0.003141967601147835
360810187001001,0.0009750826783485764
360810306001009,0.0029450743631276688
360810317003001,0.003004066459452612
360810034001006,0.0031202036202191315
360810803021003,0.0003006107480123814
360810721003001,0.0006117774695136985
360811017005009,0.020243726008450227
360811507013006,0.0007169367859166073
360810088002004,0.06530165991682609
360810548001005,0.0015477027993252054
360810478012001,0.025512911000440626
360810184011004,0.00010102828250077929
360810254021008,0.004924448782967975
360811241001010,0.002312245864704303
360811341003013,0.010350485000064491
360811429003011,0.0029450743631276688
360811571018000,0.0009191029808598561
360810528001003,0.0006223092066118492
360810320004004,0.00201593282650058
360810664011006,0.0055144112343912585
360810212002009,0.015527576699418387
360811267003006,0.002498158879680198
360810601001003,0.0001645089835505185
360811483004007,0.004648212099802448
360810264001006,0.0038581057782961447
360811157002002,0.004999240874762822
360810659002001,0.0009161306110334733
360810394001007,0.0005038723405649974
360810942012009,0.0029450743631276688
360810148001004,0.002175496627850784
360810282001006,0.0002171975980161865
360810737002007,0.0009380339248097855
360811451011003,0.0029450743631276688
360810253013003,0.0010733932958642053
360810500001001,0.0009146773959044881
360810749002011,0.0024958865796218784
360810907001003,0.009336000154768669
360810916034031,0.0029450743631276688
360810097003002,0.005092092154684001
360810001012001,0.004578240654220568
360810779022010,0.0031401822116606196
360810462003000,0.00037167035655745245
360810480002007,0.008660135308729925
360811403001001,0.0012155415161318485
360810531003010,0.0029450743631276688
360810664012008,0.005344433351080491
360810972062004,0.0029450743631276688
360811301004001,0.006669938582192593
360811277001003,0.003447849913464943
360811377003008,0.011537302359670295
360810552001021,0.0002567590885944977
360810997051003,0.0029450743631276688
360811059002003,0.00015066367262274696
360811155001003,0.004308550653757293
360810797014002,0.007262702324370175
360810884003002,0.009527580755325633
360810450001007,0.006478369377451654
360810505001002,0.0029450743631276688
360810542003007,0.0031906618983951335
360810054002001,0.0012306031480483397
360810745002002,0.00044767825233756644
360810205001002,0.0029450743631276688
360810383011024,0.002601840824888406
360810432001011,0.00464850493254497
360810121001003,0.0002365680958133172
360811341002007,0.009402043576401394
360811417001000,0.003914182263884829
360811417002005,0.00011664690899828796
360811417005004,0.00034182683451244167
360810475002001,0.08046420832420868
360811223003007,0.013432534801349292
360811529022007,0.004521962861421072
360810148001011,0.0029450743631276688
360810515002003,0.0009402974040499364
360810243003007,0.0034371827693848753
360810515002000,0.0005844798442368987
360810803012000,0.0010660156049818828
360810620001013,0.002713136693258327
360810086001015,0.0016941134873344461
360810206001016,0.0005423591628191242
360810680003005,0.0014341468191422556
360810446012002,0.00018423973792465546
360810456001013,0.010037770758167742
360811291022008,0.0373816125503444
360810790001001,0.0009090915772651557
360810790001007,0.008299964578710217
360810184011009,0.001387404629959776
360810288012011,0.0034744472114036458
360810306001016,0.00017353364804277251
360810185011002,0.0029450743631276688
360810329002005,0.0017628459919662035
360811133002001,0.01339878592899333
360811247001012,0.0004149649212672107
360810135001006,0.005501820284858688
360810260002006,0.0011260318773210324
360811551042009,0.005344433351080491
360810803023011,0.008541534459466274
360810693002000,0.006938023784568136
360811447002000,0.0018600935775198973
360810142012000,0.004016848402084335
360810616021006,0.006200735366979287
360810660001000,0.0029450743631276688
360810535011004,0.00845185072071409
360811039002005,0.01048643012897071
360811039003011,0.0032532196707200475
360810925001011,0.0005245920455533231
360810925001010,0.010556134766163518
360810925002006,0.008457567813274156
360810542001008,0.0026197676366831978
360810132001011,0.0012836080089875927
360810608001009,0.001847389204821771
360810964001021,0.005963675187428532
360811047002000,0.002125684534963136
360811033003006,0.016526545653847213
360811010021001,0.013881203139177217
360811008041011,0.0006545725597672412
360811008041008,0.001396719108407862
360810294003001,0.0019516113427620395
360810198003006,0.0014172980053141595
360810170002000,0.006858484088119806
360811141001011,0.0001575009453150508
360810803021011,0.000537031686338888
360810892016010,0.0013559818548462283
360811385014007,0.0008120755256588325
360811039001011,0.0029450743631276688
360810973001011,0.004533414775537859
360810626002000,0.005580962771606284
360810110001004,0.1619320138333646
360810837001016,0.00018349839701482974
360810991004023,0.02149547079712071
360811085001013,0.0012672554571578002
360810680001011,0.0013559818548462283
360810358001008,0.014820181563074235
360810998011008,0.0038302963826289263
360810122001006,0.014282343365212273
360810259001010,0.004025020440630749
360811447001003,0.0031342414931601476
360810001011005,0.003271224580089432
360810582002001,0.0039702545835812375
360810664011014,0.0029450743631276688
360810016001002,0.0001261193324699174
360811167001014,0.01749635633455089
360810973001003,0.00277975306798442
360811215003005,0.0003091963609854189
360811008041002,0.0001758982071143843
360810717022010,0.0029450743631276688
360810097002001,0.0005731720769078865
360810075003000,0.004487811082551699
360810619001008,0.0009918367963185426
360810679003005,0.016383676979065974
360810579002001,0.0002329200345790762
360810492012004,0.002395803436846114
360810031001003,0.03873108574856372
360810033011016,0.006609334847945075
360810091002001,0.0004889426213893107
360810987002004,0.004151660938094126
360811207011011,0.0024746291490691046
360810779043005,0.003940755481865385
360810889024001,0.00010227584837390546
360810483021011,0.0029450743631276688
360810306005015,0.0006855469077704247
360811277001005,0.0010070405253364161
360810656002000,0.0029450743631276688
360810383021062,0.0029450743631276688
360810603001012,0.0026563267759229636
360810427001001,0.005962139835156045
360810136001001,0.009320402406850404
360810590001014,0.002120818678132401
360811133002011,0.0029450743631276688
360810240002006,0.0029450743631276688
360810235011005,0.0024706861461693407
360810126011003,0.0006829208348819697
360810007022004,0.0029450743631276688
360810625001002,0.004000307426913868
360810625002003,0.004308550653757293
360811099001002,0.0008233652531358508
360810884003010,0.0003529153686120181
360810334052009,0.0006917565716922805
360811301001007,0.002383088458107116
360810478012008,0.0007046691891915117
360811399001009,0.002431798869746771
360811417003000,0.00028374333384255986
360810144001004,0.0029450743631276688
360810115002003,0.004417567645975746
360810034001011,0.013416432102210142
360810779033005,0.004643448755422432
360810199012009,0.0005844485961476867
360810492021010,0.002532638921499893
360810590001008,0.000909440720082534
360810040011007,0.00234421430278796
360810334012010,0.001210712074258904
360810945002000,0.0029450743631276688
360811008042004,0.0058389734391125535
360811247001007,0.0029450743631276688
360811367005000,0.004846907155617059
360810616011002,0.0029450743631276688
360811191001002,0.0004507019114291767
360810062027006,0.11647819975276841
360811483001012,0.0031340870361536042
360810306003007,0.004877569329093386
360810506002006,0.002369366608181803
360810174001000,0.0029450743631276688
360810394001009,0.002041259544126888
360810376002002,0.0005167189201692869
360810373001004,0.00010393649098579407
360810383021060,0.0029450743631276688
360811097001001,0.0014337223537936523
360811133002003,0.0017365825466923398
360810687003005,0.0029450743631276688
360810803023013,0.0029450743631276688
360810384002001,0.0037984896476658944
360811085003004,0.0029450743631276688
360811093001006,0.01091029371940018
360810947001001,0.012513328226014427
360811571015009,0.007919602327415029
360810865001001,0.003468445429798664
360810507001003,0.0038890955304272286
360810797023000,0.0018368177028222261
360810500001008,0.0005559354473309925
360811403002004,0.0007113941436165796
360810188001010,0.0029450743631276688
360810838004001,0.005918431328562037
360810219001001,0.000992091342302412
360811529021005,0.015519513102362513
360810404003004,0.003696762864995472
360810664022004,0.000870353544968658
360811141002007,0.005195410613681862
360810007021004,0.0024786482333656553
360810981002000,0.0006007283533104563
360810757023000,0.002276927665321492
360811247001005,0.0016309451849612848
360810065012003,0.0007700214585375125
360810205001009,0.006369682636930513
360810992002005,0.0029450743631276688
360810846021006,0.011720995473484033
360810208001016,0.0029450743631276688
360810371001000,0.00419653470720502
360810306002005,0.0006128669668524914
360810040021009,0.008598436816810532
360811399001004,0.0029450743631276688
360810180001009,0.01185352252280488
360810394001006,0.0012074815712309786
360811241001003,0.0014987124179706055
360811341002004,0.002616047257844531
360811341003004,0.002031369213514772
360811223002007,0.003957459501363181
360811409021009,0.002999186937359748
360810243002015,0.0034357291314988585
360811017002005,0.004291169385442695
360810892021000,0.0029450743631276688
360811507012004,0.0029450743631276688
360810942011004,0.00022680178861332438
360811291032000,0.0029450743631276688
360810792001000,0.0006340957181120144
360810942011013,0.007387206982801771
360811347023001,0.004238461661325623
360811347012001,0.0029450743631276688
360810493011003,0.003544693474274535
360810892015003,0.0027826892858473376
360810568001003,0.0011346929639009255
360810525001001,0.0005228234835122576
360810243002003,0.002242220392891754
360810916035017,0.0029450743631276688
360810001031003,0.0029450743631276688
360810612001002,0.0006956908697711709
360810123011011,0.008284499033551765
360810632002001,0.006748236270281872
360811385021004,0.0029450743631276688
360811039001003,0.006387379118697626
360810317004010,0.0029450743631276688
360810141001001,0.000705069195822568
360811447001008,0.012896462842438878
360810997012002,0.00034912164041146906
360811093002017,0.0029450743631276688
360810638001008,0.008021298141412397
360810282001010,0.0005317900407754851
360810334012002,0.0008556607997613385
360810531003005,0.0031906618983951335
360810229001006,0.003308017498936894
360810050001001,0.0028014327408784003
360810884008010,0.0029450743631276688
360810339002001,0.004322082634334066
360810521002000,0.0023933205519219864
360810404004009,0.0011358143441685948
360811621003003,0.00855762502190617
360811151001005,0.0007673267696013313
360810568002010,0.0032449414594248925
360810138002006,0.005729541819863123
360810208002023,0.00010192982016359023
360810198003007,0.003939054897273578
360810857002000,0.002638643048464097
360810803022007,0.024170572429736352
360810922003003,0.002368582712461068
360810716001010,0.005543398259696429
360810837003008,0.0019277504846620058
360810535011010,0.02290960920170334
360810620001010,0.006970968690800514
360810079002000,0.0007387771332968567
360810376003005,0.0029450743631276688
360810942023010,0.00011040054413886061
360810942023000,0.0018591637523973626
360811277001007,0.00042202914106960823
360810001011011,0.00075864437288929
360810626002004,0.00016677692899799332
360810424001004,0.0031598260848315772
360810424003005,0.0029450743631276688
360811463001003,0.004871903369503017
360810007012008,0.0018002027846961838
360810997043000,0.0029450743631276688
360810934011000,0.0029450743631276688
360810855003000,0.0003302510214111484
360811029001019,0.0007683108652635834
360810697022006,0.0004341145901654283
360810667011010,0.0029450743631276688
360810125001000,0.0016030107682601699
360810916035018,0.00036670625896027185
360811385011010,0.0015144726846286545
360810432001001,0.0029450743631276688
360810158011000,0.010971644845520503
360810580001005,0.0006597938342943826
360810747002004,0.01657422159381668
360810779022009,0.0029450743631276688
360810383011016,0.008510664959870176
360811409021006,0.0029450743631276688
360811008032008,0.0007690562968880691
360811008032007,0.003815344070599981
360810112001003,0.0007543004181588107
360810235011000,0.00011870851419763715
360810220023000,0.014541253120385286
360810769012002,0.008049857599866985
360810790001005,0.0008678294737443379
360811483001010,0.0013559818548462283
360811175002003,0.004238461661325623
360810589002004,0.013935990027337326
360810542003009,0.0023321521467995696
360810190001002,0.0028179279234593624
360810564001013,0.003448744286333575
360810361001002,0.0029666126177804023
360811417002008,0.0029450743631276688
360810837003006,0.0002279159259497292
360810884005007,0.002910907481900154
360810593002004,0.0010722597686149797
360810479002006,0.0029450743631276688
360811507011004,0.008349737132523929
360810157001007,0.007209698055271502
360811033004003,0.003173867605952337
360810161001001,0.004570212345679626
360810567001001,0.0029462885540510837
360810220013012,0.0029450743631276688
360810656003015,0.0018307634643401783
360810656003010,0.0031427359670616836
360810240002000,0.15218137329603093
360810641021015,0.0029450743631276688
360810185023003,0.004205023307626478
360810413001001,0.0014301255825906582
360811171001011,0.032592097078083304
360810846012007,0.005835681592136646
360810838002001,0.002257570405296445
360810329002002,0.00391716888759405
360810130002002,0.006188878164569203
360810199021013,0.02854225106284727
360810101001007,0.0009227108298882189
360810892012002,0.002567047442405943
360810690002001,0.02535154113685777
360810610001001,0.00285515778110557
360810306004014,0.0005953066071991648
360810243001012,0.004738948360833327
360810116001007,0.006876266736319436
360810309041005,0.0029450743631276688
360810006002005,0.0038592885409563108
360810288021003,0.004381126004014299
360810019021015,0.0029354089966005126
360810809004003,0.020007005871212
360810510001007,0.00022201736929000954
360810152002005,0.0007151327153028435
360810394002005,0.0008618586752909387
360810707001000,0.02112746641730212
360810521002002,0.0001302900585149257
360811483001001,0.0029450743631276688
360811483002002,0.001474284417305708
360810414001006,0.0029450743631276688
360810376005006,0.0014458141204287526
360810616021002,0.0015234086361470664
360810680003003,0.014818503812969652
360811571017002,0.08374534796133253
360810553001002,0.000327926067900077
360810568001010,0.0003110239151829076
360811185001005,0.002471949431577001
360810697024006,0.0011030289071685983
360810709002002,0.0007477207686260257
360810502011010,0.005058872088787907
360810506002003,0.0015901890608356832
360810987002005,0.00314514434708653
360810916021004,0.0029450743631276688
360810530001001,0.0005703469704662458
360810384001013,0.0015319408278732477
360810846011010,0.0004241097521817382
360810136001003,0.0032576741879383306
360810919002007,0.012212048248166347
360810512002006,0.007805562290424706
360810516001003,0.002477815410749755
360810383021041,0.0042882831769813275
360810472002005,0.012770025379815994
360810964001020,0.0029450743631276688
360810716001002,0.0029450743631276688
360810945001014,0.0024746083577510927
360810178002001,0.001099300611616914
360810484004003,0.00034253192158268357
360810942023003,0.0029450743631276688
360810539011000,0.001071448462671355
360810470001003,0.0012559408792687098
360810492021000,0.0028015431454498645
360811265001000,0.0067679625898836955
360810125001004,0.0013559818548462283
360810991003006,0.004540269071793146
360811341003010,0.002041424600996988
360810840001001,0.0039225994615185505
360811529022000,0.0029450743631276688
360810552001008,0.0029450743631276688
360810214002010,0.00475591676097603
360810104002000,0.00016297261385385804
360810086001008,0.0009183943429270922
360810497002003,0.0024985379381970217
360811367003010,0.0029450743631276688
360810526002001,0.00452842477176839
360810528001004,0.0044395292780731455
360810536012005,0.027308610884709573
360810121001002,0.007055904740396407
360810199012012,0.004433992644857484
360811187002005,0.00944479098241798
360811417002014,0.008464346588005796
360810583002000,0.0029450743631276688
360810583001002,0.0013027475841455856
360810098002001,0.003564963932925469
360811579011008,0.0029450743631276688
360810245002002,0.00644529381278476
360810243003001,0.005876689083787514
360810497001003,0.0017931077871340408
360811247001009,0.0017505058059323066
360810247001004,0.0029450743631276688
360810892018006,0.002480902864421131
360810062027001,0.0029450743631276688
360811617004012,0.0009696339945184474
360810270001017,0.0029450743631276688
360810954003014,0.002829045643778841
360810680001010,0.002369160995911967
360810773001002,0.05272305463675894
360810130002005,0.004308550653757293
360810260002009,0.005983237920669662
360811341001011,0.005992646847821525
360810892015001,0.0008042814104043792
360810444003004,0.002857470351887376
360810582001001,0.0010536384108757952
360811621005009,0.0029450743631276688
360811181002002,0.003656966655589566
360810536011001,0.00241167853582097
360810516002001,0.004053755807585847
360810945002012,0.0022301677990648186
360810594001004,0.0018798975066112833
360810149001000,0.0001913900144809121
360810892012010,0.00020394206681104344
360811579013008,0.0012147856513215027
360810680004013,0.0007473284942371891
360810779071005,0.00027834173134283263
360811435001003,0.0006062861924366795
360810972021001,0.0029450743631276688
360810711001001,0.014311714046383033
360810559001001,0.0025426589704078727
360810019011002,0.003442652632952434
360810006003006,0.00013845636711886983
360811093002012,0.013858408384723145
360811097002003,0.007299169149500836
360810645001000,0.0029001657811468236
360810493012001,0.003956937957907273
360810255001002,0.0035420456342612826
360810679001002,0.0024360288552159005
360810063002001,0.009837709616554927
360811047001004,0.003305015879844122
360810892018002,0.002910907481900154
360811571018009,0.0024168227906337923
360810444002010,0.006909285982631004
360810172001006,0.004988339187936653
360811008041007,0.001862966059424336
360811008042002,0.0013556378675963314
360810330005001,0.0028446532595047093
360810198002005,0.002771588283227047
360810172001001,0.009705902494538553
360810014002003,0.000360118720165654
360810459001005,0.0005590218952857056
360811207012009,0.0029450743631276688
360810134002001,0.0019379152471541924
360810741002000,0.0001302072633786446
360811227043000,0.005167496887549164
360811417004005,0.0008407264480796451
360810539012006,0.0029450743631276688
360811617001002,0.004581587907960427
360810942022005,0.0039217039443748625
360810942023007,0.0029450743631276688
360810626003002,0.00602288937454723
360810358002004,0.0012355871958534012
360810001041023,0.008332451087336587
360810050001000,0.0014646982113255666
360810065012000,0.0025856957441144075
360811207012001,0.004025020440630749
360810695001002,0.00867362954203501
360810358003000,0.005088139462076359
360810591001000,0.003031005821638073
360811571013000,0.0006185520048500923
360811333003000,0.002719604908647745
360810480002000,0.0008937015749989081
360811579033002,0.0029450743631276688
360811579034007,0.00018720385226474585
360810198002003,0.0011548827537479175
360810054003006,0.0005660690906928904
360810216021008,0.003986368437636387
360811215003000,0.00045649053400532736
360810779062005,0.01721715953884159
360811507011012,0.002242220392891754
360810123011003,0.003974567787151459
360810531001005,0.0029450743631276688
360810596002004,0.004104144675619898
360810972041004,0.015370004988343308
360810455002000,0.0029450743631276688
360811277003006,0.003918835050766568
360810619001009,0.009138516198783324
360810713041001,0.0011735937598837526
360811621001006,0.003599431669581637
360810934023003,0.002131198070440558
360810999001001,0.0029450743631276688
360810889024000,0.008210010223106953
360811471002009,0.005757041486124465
360810137001007,0.0026579070197809166
360811167001013,0.0008928229172971604
360811033001006,0.0029450743631276688
360810511002006,0.0007780702465779326
360810916034019,0.0029450743631276688
360810216021004,0.000929201179868843
360810638002005,0.0031524366566094736
360810942011015,0.0017909152415132399
360810454001001,0.0002133810512198257
360810512001000,0.0012439136117163067
360810638002002,0.0009094405808327647
360810179011007,0.0029450743631276688
360810383011006,0.003880974677905057
360810185022000,0.01313689912542837
360810320001016,0.0016400161048659866
360810130001001,0.002486587403668729
360810087002000,0.00025147500357668493
360810481002001,0.0002879281257061635
360811507021006,0.009265681103674513
360810306005008,0.005543398259696429
360810476002005,0.0034953720555262256
360810478012006,0.004482925508709087
360810680002004,0.0007938732934302695
360810001041035,0.0026816077742527022
360810116002002,0.0016783130682758189
360810723002005,0.0009502092577886872
360810757022003,0.0014961458617805115
360810320003000,0.003235324812095544
360810779023002,0.13357391216536857
360810019031001,0.0016107124039026486
360810638002008,0.0030457843729467236
360810638005004,0.0029304704788704495
360810065011001,0.0029450743631276688
360811385014005,0.0036993343876308062
360810500001010,0.008032691532693719
360810638004000,0.0029450743631276688
360810320002025,0.003557354500643791
360811571011004,0.0029450743631276688
360811579015006,0.002356516653837206
360811039002006,0.004760967054057823
360810450001001,0.00151468967163796
360811123002003,0.0008686817085870001
360810168001004,0.00012331564071776016
360810618002000,0.0008903960115958568
360810925002005,0.003349738334084708
360811047002010,0.0016730013666852867
360810741003000,0.002051755827181655
360810589001004,0.0009447002368653347
360810945001024,0.012040635575324152
360811301001011,0.0029450743631276688
360810394002006,0.011264076250326598
360811617002002,0.0013322660042900723
360811429004002,0.001026491438517109
360811033004002,0.0035675157319434454
360811047004000,0.013773027940953227
360810306001000,0.006433683500946602
360810680004010,0.0018246883603464535
360810680004012,0.004842618263725967
360810530002003,0.0011036363371164806
360810492021003,0.0025405895138500573
360810502011000,0.002172782989030569
360810928001002,0.0029450743631276688
360810264002004,0.0002618478888408238
360810414003000,0.0032742413641674733
360811010021002,0.0029450743631276688
360810972062002,0.010604970554832813
360810991004003,0.004879256741540962
360810769021003,0.003177686094520545
360810567001003,0.002610136521695425
360810925003003,0.029461465928659916
360810919002003,0.004574365514797205
360810243004003,0.0029450743631276688
360810779022004,0.0015260770334812742
360810869002000,0.0029450743631276688
360810552001002,0.0026025510561157434
360810404002002,0.0021100902518695007
360810999001011,0.0029450743631276688
360811571021001,0.0029450743631276688
360810531001009,0.0004215508173605862
360810664023001,0.020371827563366002
360810042002000,0.0040961888209655
360810954001008,0.006617633731530118
360810582001009,0.004917202456782684
360810680004003,0.0029450743631276688
360810779072004,0.002843339987597709
360810444002006,0.03269209409713497
360810404001005,0.0022611646551648854
360811059001002,0.00020236396091119602
360811529021004,0.013698530039602384
360810220013001,0.0015931282157647805
360810101002003,0.0003105511536790945
360810202001006,0.0023953208074838405
360810212002005,0.0029450743631276688
360810558002000,0.004451538593828551
360810542003002,0.0058588914590728715
360810916036005,0.0029450743631276688
360810690001004,0.003137003762443065
360810032001016,0.0029450743631276688
360810288011005,0.0022047405077931796
360810818003001,0.0010943485449759665
360811617002009,0.0040526740608542566
360811113002002,0.0012777845641000702
360810562001001,0.00033943184376284476
360810026001006,0.0026536859349989995
360810551001003,0.0008040010298142826
360810459001001,0.0014001962236519577
360811147002008,0.0010982916739278297
360810919003006,0.002857470351887376
360810792001009,0.012251111993215697
360810383021057,0.0029450743631276688
360810240003001,0.001209144586046777
360810517002004,0.005134746233935611
360810383021081,0.0029450743631276688
360810513001009,0.0027658982964692005
360810028002000,0.0031306771365435648
360810892012014,0.0004373142403234013
360811579012006,0.025407109486948003
360810530002000,0.0019279449238011658
360810779021000,0.0020091220834708334
360810929002004,0.0013559818548462283
360811039003014,0.0013022028734228125
360810008002002,0.001245067866872614
360810199022007,0.02326926646377636
360811459003002,0.0023517232692628256
360810489001003,0.002450664826898979
360811551033003,0.006248520985940768
360811551041002,0.0029450743631276688
360811097002007,0.011877207999476967
360811123001005,0.01314607260687204
360810219001021,0.005491804346204047
360810749001010,0.00044029309337604585
360811039002004,0.009110114864315297
360810156001002,0.0011246859698681286
360810677002000,0.0016674122776100116
360810613013005,0.00033359034138909433
360811215001003,0.0021796224247176434
360810492011001,0.0029450743631276688
360810054004004,0.0020219434766526774
360810334052007,0.04663558215072537
360810214003000,0.0005936755304800631
360810945001005,0.006617633731530118
360810457001003,0.045656441310126014
360811257001002,0.00010093034737888538
360810040011005,0.0029450743631276688
360811033001008,0.0007121870902756048
360811033001009,0.0020898091940395507
360811085002001,0.0022746733858205245
360810942021002,0.0029450743631276688
360810954003001,0.0017149879343521933
360811277001002,0.0015434743243760733
360811277001013,0.002324843321786776
360810297001007,0.0033258040970362483
360810245001003,0.00029899056952875175
360811507023008,0.003101425027731354
360811429001002,0.0025974560926613787
360810057001004,0.0017647893009522474
360811017006006,0.0011701714076911925
360811085001005,0.0012390412068485237
360810115002005,0.0007378566235352268
360811479003004,0.0004162849687257023
360810058001014,0.00011980165191053406
360811267001007,0.005208243859127994
360810437022003,0.013333422565196046
360810320001000,0.0170164489921931
360810306005007,0.08439546066764136
360810254023000,0.0044093120222422465
360810504001003,0.0026634866353126303
360810040011004,0.004503596523342952
360810220011001,0.0013414046086297799
360810220021005,0.14367869317301385
360811008032002,0.0003629767943369439
360811479001015,0.00037644215463972214
360810294006004,0.0029450743631276688
360810002002004,0.0012327214755072826
360811471002004,0.0006181781097920425
360810255001005,0.00258588510349606
360810019031005,0.006734079064897751
360810717012002,0.0016394592581048279
360810925002003,0.0006055954810073317
360810019031017,0.002064225906100646
360811277003009,0.005368012220540528
360811385014012,0.00011111094740780958
360810475002004,0.0011785827981183174
360810357003010,0.00028176282929622
360810328002005,0.0029450743631276688
360810779021003,0.0029450743631276688
360810864001000,0.0006097776562891572
360810033021002,0.003289950652674711
360810616012006,0.00036348503014339416
360810151002003,0.00017631522917682402
360810163001001,0.002587617764190103
360810121001000,0.0052779187500538675
360810450001008,0.004581587907960427
360810595022003,0.0003773021258320778
360810997031003,0.002364072149032486
360810972062001,0.0029450743631276688
360810446021000,0.0005554052884203869
360810291004006,0.002315292950053672
360811093002015,0.0029450743631276688
360810664011013,0.0026887982708875217
360811579024005,0.0006343289834453098
360811579033005,0.000545516387321186
360810179021032,0.0009735508959481292
360810240003002,0.0006265034511129444
360811347011007,0.00285515778110557
360810493022001,0.0021438776319739486
360810667011002,0.006016960097516231
360810639001011,0.0029450743631276688
360811571014006,0.0036909414783277187
360810128002001,0.0014004047088730742
360810081001005,0.001596344296985997
360810942012002,0.003557354500643791
360810716001004,0.0029450743631276688
360810294001001,0.005707904610762815
360811451011007,0.0017411528012482099
360810194001000,0.0013559818548462283
360810125001017,0.0029450743631276688
360810044011003,0.005196607638700782
360810008002003,0.0011529027888907601
360810723002001,0.0029450743631276688
360810739003003,0.0032951903081603257
360810884006005,0.0029450743631276688
360810619002004,0.02247972403183671
360810306003000,0.0006205159286426967
360810266001009,0.0018548880480916807
360810105003002,0.0037166058640370537
360811341003001,0.001068291756133471
360811447002014,0.006284102952219911
360811291042007,0.0031401822116606196
360810317004004,0.00016714902901096847
360810394002000,0.000295986717222277
360810779051003,0.0029450743631276688
360810126012004,0.0001267239439791122
360810062027000,0.0005327963578957363
360810168001001,0.0025053017383144974
360810166002004,0.003820333128005929
360810214003016,0.0022250675940513522
360811072011025,0.016141118701595163
360810245003003,0.0029450743631276688
360811617004001,0.001100046215358142
360811047003002,0.0003722701067548813
360810637003008,0.003986368437636387
360810443022003,0.04825449551726652
360810517001013,0.0027230380227699453
360810141002004,0.00609841254770785
360810916032007,0.001183718490665509
360811447002007,0.0029450743631276688
360810590001002,0.0011751179017243808
360810358004004,0.001371093446912055
360810680004009,0.00113337475776258
360810306001026,0.0029450743631276688
360811175002000,0.007866190219515075
360810500001005,0.002029871924570447
360810502011009,0.010064474871977407
360810568004005,0.0004229285505654735
360810992002003,0.004087166904254103
360810172002007,0.0029450743631276688
360810779031000,0.0029450743631276688
360810493012000,0.0015434743243760733
360810889021000,0.0029450743631276688
360810954002006,0.0023877995143080184
360810964002022,0.0007329274796411257
360810480002001,0.0004197553039920797
360810404001003,0.0003222455719449512
360810320004008,0.0020857808138582622
360810194002006,0.011037895934515523
360810245004006,0.0020526414548543313
360810680003002,0.006111462516835361
360810464001009,0.0012077409487209149
360810352002004,0.0029450743631276688
360810320001018,0.00103723779673803
360810618002007,0.0021523616995883727
360811171002000,0.0029450743631276688
360811017005004,0.006617633731530118
360810797021001,0.0009534139414177903
360810196001006,0.014128698808948802
360811417005003,0.004308550653757293
360810008001001,0.003761538113401008
360811059004007,0.002968852890655523
360811017002004,0.0010114615318826867
360810214002002,0.008054486644857018
360810566002005,0.0029450743631276688
360810591003002,0.0005147841686615928
360810682001006,0.002368582712461068
360811621004000,0.0014614757932884619
360810663011003,0.0021221301093182587
360810253012003,0.006791214141021976
360810483021012,0.0023781438889174293
360810619001003,0.0016213385277147332
360810512001007,0.0029450743631276688
360810942031006,0.000286338730689548
360810058001004,0.00021434497970247143
360810916032013,0.0029450743631276688
360810639001001,0.012770415928973659
360810925003002,0.0010633131384268936
360810454002004,0.0029450743631276688
360810383021051,0.023325942392969323
360810892012009,0.005269416883107159
360810892014005,0.0018816300211820227
360810934023006,0.0003143085797715226
360811621004004,0.0030368265251234368
360810044012003,0.0015988504642928856
360810568004011,0.0013761844769858346
360810534011010,0.00016739065210620842
360810840002002,0.012303447530733582
360810892021006,0.0029450743631276688
360810022002002,0.00019027710132520653
360810330001005,0.0003557982358441001
360810214003009,0.06570630229931043
360810929004001,0.0076435499790558515
360810929002006,0.01980582916226471
360810669002001,0.0062000772198007766
360810480002003,0.0019263228920658464
360811463001010,0.0005364270050729638
360811571012002,0.002163032226769069
360810638004008,0.0025787623366725493
360810062027004,0.03286954631963022
360810892021005,0.0029450743631276688
360810645001003,0.004820174478152134
360811039001009,0.0024737980822302852
360810255001007,0.0005860076885456281
360811451011002,0.00021716306720473349
360810142021006,0.06249405566453962
360811621002006,0.0019939649668446234
360810196002005,0.0016217901742601462
360810889031013,0.0009094405808327647
360810928003008,0.003588530663122584
360810337002005,0.0029450743631276688
360810522001007,0.004441923309002777
360811571018006,0.0019482263221917138
360810118002000,0.00039623377057456554
360811571017009,0.0029450743631276688
360810116001001,0.0029450743631276688
360811163021001,0.00020438657529752222
360810892016002,0.0037490209482199132
360810987002013,0.0029450743631276688
360810619002005,0.0009736804464831951
360810633011007,0.00025950641519811954
360810942021013,0.0008503690611949853
360810945002003,0.0029450743631276688
360811291021010,0.0006104763159251121
360810626001004,0.0035537169599897758
360810358001002,0.003804752728110255
360810444003006,0.00027604986429394577
360810432001004,0.004712013748562027
360810042001008,0.001977945554066896
360810991003002,0.002857470351887376
360810934023011,0.08093759132921724
360810922001002,0.0014973356914127823
360810717014000,0.000994012703563616
360810618002002,0.005627107304799143
360810697024004,0.0029450743631276688
360811241003007,0.0028963495041352755
360810482001007,0.001156959834976165
360810216011010,0.0029450743631276688
360811579033001,0.0029450743631276688
360810254011009,0.0035618623864712073
360810580003005,0.00031382448765713937
360810639002006,0.014228857258685878
360810779042003,0.003042533395482439
360810383021042,0.0008269320217347835
360810493022003,0.012345527007563426
360810864002002,0.04612082797503983
360810512001003,0.001321936088200525
360810502011012,0.005730183278436615
360810650002001,0.0002447446751269252
360810001011007,0.04270232447794516
360810677002007,0.0002543893474695265
360810671002002,0.002286225161159201
360810601001001,0.003294018333025403
360811171003005,0.0029450743631276688
360810947001002,0.0003711594255776022
360810086002014,0.0037490091017137344
360810595012001,0.0029450743631276688
360811223003016,0.0029450743631276688
360810101001006,0.0013589401203330663
360810991005004,0.0029450743631276688
360811199001010,0.0027398267871997545
360810479002004,0.0023795621833246857
360810479002005,0.0025497767132470913
360811205002003,0.001766068210183174
360810577003003,0.018752673848645377
360810524001002,0.00015824956458275672
360810697023000,0.004005871212161695
360810460003004,0.0005282675236702782
360810510002001,0.0029450743631276688
360810660001004,0.0003683834640011422
360810660001006,0.0048559134454439845
360810208002005,0.004700706459072743
360811579016002,0.0029450743631276688
360810383021008,0.0006657623770923934
360811085003002,0.0005791614925870863
360810846012002,0.00024305421660939213
360811529022005,0.006625786494291779
360810289001001,0.003874239400888408
360810083002003,0.0005672963507827616
360810938002001,0.10564368779321223
360810476002006,0.00213627608032595
360810478012002,0.0028366656239495673
360810610001004,0.0012710080925086554
360810120001003,0.0016923715108410333
360810723001001,0.03361109209393877
360810682002009,0.0029450743631276688
360810414003005,0.003037903906801042
360810938003008,0.003233291248484013
360810086001009,0.005769725687027496
360810992002009,0.0029450743631276688
360811435001002,0.0008801430699040132
360811113001007,0.00029989316160137765
360811008011000,0.0020864896009047404
360811621003006,0.002697411245996022
360810102002006,0.008876297755189737
360810166002001,0.0008042928681260725
360811072011008,0.005260165969327819
360810809002000,0.0029450743631276688
360810616011004,0.0002234117882490559
360811017005003,0.004238461661325623
360810394003004,0.004728623967895666
360811185002000,0.015325206201552333
360810703002003,0.002948025274396827
360810703002008,0.0033223363611911425
360810443011000,0.0020148945850618385
360810493021001,0.004845712828190956
360810846021022,0.0019489742533726406
360810288012002,0.00011830657562949821
360810125001003,0.007869970334645473
360810266001005,0.0029450743631276688
360810690001007,0.0004464606846266618
360810680004015,0.005455306894457229
360810739005000,0.0066648733209629125
360810737001002,0.001141766048762394
360810128001005,0.0002610164304563413
360810118002001,0.0005043228001916685
360810235012001,0.0004076835003430702
360810457002001,0.0009281147445610021
360810479001005,0.002462588303113388
360811579021000,0.004578240654220568
360810972062003,0.00011438192167832978
360811579031012,0.004308550653757293
360810661001000,0.0029450743631276688
360810629001003,0.0031029353627075144
360811113002008,0.0008570416479925826
360811008032005,0.0029450743631276688
360811621001004,0.0038278118126755163
360810591004003,0.000406754981440502
360810661001002,0.00026555544405540334
360810964001015,0.0005484440022540417
360810251004003,0.0023630288243569127
360810306002001,0.0007539421760600036
360811403001007,0.0007867726804866931
360810483021007,0.0166531612428409
360810444003012,0.00011820541889384716
360810199011007,0.046965486045857784
360811277002009,0.0029450743631276688
360810566001004,0.00022896475300908503
360811417004011,0.0019035062167177157
360811093003001,0.0001711246875029738
360810809007004,0.00019206074566761546
360811141002010,0.0030777122039284317
360811155001005,0.001233433412934067
360810799001011,0.0029450743631276688
360810478012004,0.0007679791782329383
360811339001005,0.0018209115971205443
360811451022014,0.0006394100424592689
360810103003000,0.003603484100658348
360811347021004,0.00025666811103791827
360810608001005,0.00031466881701771053
360811367003002,0.0029450743631276688
360811367002002,0.006360772958851963
360810414001010,0.008539234831144032
360810434001014,0.0001183282814276466
360811447002017,0.0028171329730856667
360810123012009,0.007497915765038307
360810126021002,0.19629023522658315
360811417002006,0.04750950302998687
360811417004001,0.0029450743631276688
360811417004002,0.0020827812990860356
360810457002002,0.004250537990335824
360811441003006,0.0019784069988275296
360810178001006,0.003605415855026891
360810814002002,0.0005738859557435258
360810366001000,0.008961609069183536
360810540003005,0.005446623103106731
360810432001015,0.0029450743631276688
360810363002000,0.000987773307211235
360810757012000,0.0006516581632591548
360810749002002,0.0011113198081727663
360810918001007,0.003605415855026891
360810682001010,0.004297293058772522
360810358002000,0.0002538138454686477
360811367003014,0.0029450743631276688
360811291022003,0.0024746083577510927
360810788001002,0.0004426873173329141
360810277022001,0.00045769566848899955
360810531002004,0.0023090561455630662
360810540003009,0.0007005240522636524
360811447002011,0.0013559818548462283
360811507012019,0.0029450743631276688
360810540002008,0.0544902183490898
360810142022000,0.0031760743027806288
360811507012015,0.0024746083577510927
360811551042013,0.006429004026676103
360810178001007,0.01681232237999403
360811471002005,0.0019213561117404
360810942012001,0.015326663565133505
360810992002019,0.00046338860183302554
360811417003007,0.013295282322252019
360810709002005,0.0056608192115611975
360811139001005,0.005350484834375941
360810309063003,0.00026834488515480894
360810054003000,0.002857470351887376
360811099001005,0.0029450743631276688
360810098001000,0.0004407332879075876
360810664031004,0.004741638418160713
360810334011008,0.0010925814096787603
360810539011005,0.0014162503540038254
360810125001010,0.0011687868866336044
360810749002000,0.0017429516096977584
360810232003001,0.0013913016921428979
360810551002000,0.0003777676241586455
360810183001002,0.008336066112035419
360810472001007,0.0010687385677797202
360810198003005,0.023531707409333264
360810358003002,0.0008673914258439264
360811333001004,0.0010833974360663942
360811507023011,0.0029450743631276688
360811621001008,0.0029450743631276688
360811507023013,0.0029450743631276688
360811265002002,0.001775250450403339
360810214003002,0.0004693127472581452
360810849012004,0.10908738713962819
360810373001001,0.0009589851976348692
360810934013003,0.0019171320443884875
360810168001003,0.0007006725299330566
360811032021012,0.005740902499765449
360810444001001,0.11472083178682117
360810942021006,0.007896127515696403
360810954003008,0.003986368437636387
360810472001000,0.009388459179268357
360810945002002,0.0029450743631276688
360811291033007,0.003491521980337108
360811467001002,0.0029450743631276688
360810998021012,0.00015973456524685597
360811451011001,0.0019200411115912596
360810044012002,0.0015681553635658555
360810928003010,0.004238461661325623
360810376004013,0.0030382940123735024
360810019031040,0.0029450743631276688
360811435002000,0.0036219170161922052
360810846012003,0.0021399821625149606
360810317001002,0.0029450743631276688
360811291042004,0.0030261532699632702
360810254012002,0.0029450743631276688
360810004001002,0.11518517057558456
360810249003005,0.009351731455475788
360810020001004,0.08233346620955548
360810179021014,0.0029450743631276688
360810814001003,0.003229650098617773
360810264001003,0.0016905711320607307
360810259001000,0.0010615277969263127
360810884007004,0.016134022865549463
360810148001007,0.0005918697507533444
360810095002008,0.0033908135973301327
360810095002018,0.0029450743631276688
360810053004002,0.012948045720020783
360810216011005,0.0018451488767023926
360810623001001,0.004064591282639649
360810697023002,0.004717295259185796
360811507011018,0.0031427359670616836
360810357002001,0.004025020440630749
360810371001010,0.00024003940180863695
360810892012006,0.002157918838446809
360810439002006,0.00020646512698879166
360810846021023,0.012329215270371003
360810859001001,0.0029450743631276688
360810711001002,0.001108246883589235
360811039003007,0.007245145538653185
360810663011012,0.0023472068225947095
360810327002000,1.0154842313124322
360810757021001,0.001382919954176671
360810031002002,0.02898837566213249
360810083002008,0.0003186575440597251
360810216011000,0.0029450743631276688
360810058001000,0.002588689655736492
360810892017002,0.0029450743631276688
360811047003009,0.0019627455771847923
360811033001005,0.007111664442306082
360811277001009,0.0017239209174900155
360810907001022,0.004648212099802448
360810942021000,0.002013767318128901
360810358002013,0.008591902017170446
360810721001001,0.08457573404691895
360811571014009,0.0029450743631276688
360810157001004,0.0003004487718009813
360810085002005,0.001851082142968699
360810125001015,0.0005206464872214367
360810680002006,0.00020952077142427514
360810258001001,0.0029450743631276688
360810016002004,0.0029450743631276688
360811507013004,0.0029450743631276688
360810309063002,0.0006557418351069436
360810247001000,0.004028114141075157
360811447002013,0.007888788988514842
360810513001003,0.25348044399088654
360811155001000,0.002615601919179203
360810102001000,0.0006987545610874597
360811265001008,0.005831966740506954
360811377002004,0.004506726792787044
360810616012002,0.0008544894429444342
360811047005012,0.0029450743631276688
360811161001000,0.0029450743631276688
360810645002006,0.0032946031777638953
360810916032000,0.002645007381205934
360810792001005,0.000787693487699996
360810294003002,0.002226177571263246
360810320001023,0.0036183914346441456
360810220012009,0.00247155971977412
360810907001000,0.0029450743631276688
360810334012000,0.0003816127190009154
360810568001009,0.001304035789547561
360810646002011,0.00022180911643484804
360810532002006,0.0010093805026842378
360810384002002,0.002789581825282168
360811579024003,0.0400724562913857
360810907001004,0.007454055147571133
360810916036011,0.0029450743631276688
360811010045000,0.009469775170799291
360810065012001,0.0029450743631276688
360810532002001,0.0001798486280131301
360810558002007,0.0030037648491060263
360810176002000,0.0029450743631276688
360810779032001,0.0038442705811920492
360810444003014,0.0029450743631276688
360810656001003,0.0004643726988636505
360811403001004,0.0070004731181384705
360811403001006,0.002058394428545706
360810178002002,0.0019157211354470553
360810531001000,0.0007356373981895113
360811247003005,0.0029450743631276688
360811072011035,0.0039046530198231545
360810117003004,0.0017789909520933098
360810954003000,0.0016506688045006567
360811377003006,0.0008335557295178438
360810460001000,0.0006004970831424961
360810667011012,0.0015114213555429573
360810427002001,0.0010647222345659478
360810945002019,0.04560459061382464
360810622001000,0.0029450743631276688
360810383021039,0.0029450743631276688
360810997012006,0.0013027849839239872
360811139001001,0.00285515778110557
360810864001003,0.0012622465362182918
360810012001000,0.0006335061416339138
360811333003001,0.0023155469575281648
360811199001000,0.0031401822116606196
360811185001009,0.0017492251875309715
360810007022000,0.00036301676704669105
360810019021011,0.028928503350490825
360810044011004,0.00012069575789289632
360810012001001,0.0008864569195464021
360810424001008,0.0029052213386373967
360810472001003,0.0026965031820419955
360810788002001,0.00750440317270829
360810414001008,0.0007143081048088694
360810884002010,0.0029450743631276688
360810562001012,0.008152024444357649
360811459003001,0.0031266251184507913
360810261001002,0.003430375752490843
360810100002003,0.006223256601799709
360810942023005,0.0029450743631276688
360810536012003,0.002639435420462377
360810243002013,0.00048444203008236707
360810044011013,0.004545380571801693
360811039002012,0.0008192072840656822
360811151001011,0.09750988294550207
360810367001002,0.0029450743631276688
360811291033003,0.004031690657990972
360811291023002,0.00328186940660549
360810334012007,0.0018369624695847592
360810892018015,0.008711788671344948
360810892012008,0.002801279331881832
360810088001003,0.0004450623204678624
360810187003004,0.0010255688680958254
360811347023000,0.0029450743631276688
360810141002003,0.0029450743631276688
360810516001002,0.003947040150852127
360810907001021,0.0029450743631276688
360811347022000,0.0053410743023369536
360811241002004,0.0010005271116662142
360810199012002,0.0016459941375649816
360811507012002,0.0010598091447313628
360810366001008,0.0008837919263657848
360810779022008,0.004820740753677981
360810534011007,0.05071443988580397
360810803023009,0.009274405352504908
360811441001003,0.00028989695079135194
360811129003008,0.004917012369642354
360810928003002,0.001963946892021758
360810667011011,0.003177193888082144
360810199011002,0.008325969618639188
360810205001021,0.0029450743631276688
360810095002002,0.014861546926058943
360810071001000,0.048661251517969246
360811215001004,0.0020510580803316356
360811463002003,0.00047309818523320034
360810065022000,0.12338552341062914
360810548001004,0.00398156616040232
360810062024003,0.0008217515022426966
360810731001001,0.01698111524161785
360810769021000,0.0012705482877951688
360811039004014,0.0007073246029605152
360810947002003,0.004136676585291817
360810493012004,0.0002749506516904489
360810536011007,0.0029450743631276688
360810116002004,0.01189730576306847
360811010043005,0.0030955722631110434
360810613012004,0.0029450743631276688
360810594002004,0.0029450743631276688
360810568003007,0.000982611598554352
360810532002005,0.0020526414548543313
360810590001001,0.0025114885276164116
360810376003003,0.0013316228949012193
360810928001000,0.0004266103606417142
360810169002001,0.0029450743631276688
360810014002000,0.00021188116050604959
360811257003001,0.0029450743631276688
360810793001000,0.0029450743631276688
360810475001009,0.0028937601322725
360810945001008,0.004584110201071932
360810214002006,0.0029450743631276688
360810779021004,0.006827647477238676
360811159002008,0.010001837341860416
360810757011000,0.002208207182023437
360810212002008,0.007266350299011956
360810515001002,0.0029450743631276688
360810945002013,0.0011040459530035794
360811277001008,0.0017465059280387639
360810626002007,0.00128245953551775
360810716001005,0.0017507326465099277
360810998013004,0.005476668829042989
360811010021012,0.0029450743631276688
360810044011005,0.09782485924785346
360810991003016,0.006080482877963106
360810934013000,0.00028474655463583775
360810855002001,0.12358727622309798
360810671002005,0.003327258259892975
360810650002010,0.002605980706619234
360811451021009,0.0008860546887755798
360811141002000,0.00029145050168240694
360811175001004,0.005344433351080491
360811479003001,0.0029450743631276688
360810638002007,0.0029450743631276688
360810654013006,0.00035545788018596914
360810254022004,0.0017071053801712467
360810595021004,0.01268837160544803
360810585001002,0.005464813804272141
360810664032008,0.0057317508950205445
360810582003001,0.002111029009259875
360811147001004,0.002857470351887376
360810010001001,0.00039362777832033225
360810220013010,0.003408999128585107
360810603001004,0.0005115910621717322
360810052001005,0.0034744472114036458
360810057002001,0.014771043801955522
360810057003000,0.0014037635425131639
360810619002001,0.017670124752641046
360810687003017,0.004419682362211167
360810363001004,0.003124767290680346
360810057001000,0.004359910441464493
360810779041002,0.006684697908056768
360811507013001,0.002502253867516962
360810297001011,0.0033516698027326254
360811029001011,0.002456159969162066
360810539013001,0.0029450743631276688
360811301001006,0.0017958651499790062
360811265001006,0.0014330788820904473
360810869002016,0.0041641150592440735
360810656003002,0.0026154829761917213
360811579016007,0.00027066642921860117
360810680001002,0.002369366608181803
360810504002007,0.002495277242675799
360810132001010,0.020806916344483322
360810637002000,0.007471989240942158
360810114001007,0.0030544751496534212
360810330003005,0.002058331860555461
360811579034006,0.005344433351080491
360810918001016,0.0029450743631276688
360810383021032,0.0029450743631276688
360810482001001,0.004564765094698706
360810262001000,0.008347676326221376
360811621005001,0.003619015243131787
360810120001000,0.0005560478367285269
360810278001002,0.0023232457457957804
360811507012014,0.001390721110380337
360811175003008,0.0014005841956254504
360810664031005,0.00045700363077581975
360811483004005,0.0029450743631276688
360810274001001,0.0016595584512404458
360810779081004,0.0029450743631276688
360810997012010,0.0028921688259406424
360810790002002,0.0019881779134531623
360810168002001,0.000226303543846218
360811010021014,0.0031401822116606196
360810947002008,0.0003111527980612387
360810616022003,0.00017876728030444792
360811207011003,0.0030868037988856173
360810693001005,0.001029950198780344
360810918001011,0.0003703681670658992
360810352001002,0.0029450743631276688
360811059001009,0.0029450743631276688
360810444001004,0.0029450743631276688
360810595022009,0.0029450743631276688
360810690002006,0.0039056304941224394
360810564001012,0.0007143635660900304
360811193001005,0.001426820738724546
360811175004003,0.0024707311511301625
360810645001005,0.002413480385039763
360810809006001,0.0461075281844527
360810485002001,0.0004343734105695197
360810496002007,0.001489613265419359
360810496002003,0.0014836977429285331
360811291033009,0.0029450743631276688
360810552001011,0.0029450743631276688
360811579023005,0.004451102506848787
360810846021001,0.001406380471465977
360810972041012,0.004098434993760911
360810991003005,0.004016275942888099
360810745001002,0.0004896152770826242
360810721005002,0.002899663849703458
360810945002024,0.001957012647465141
360810803023014,0.0018616552344654276
360811008032009,0.0065771571547487105
360810373002007,0.005564001618420354
360810168002003,0.0006646557259316524
360810440003006,0.00045109527144149183
360810033011018,0.0029450743631276688
360811435002005,0.013464225321670218
360810330001000,0.00014176868504141895
360810889032005,0.005221697338273137
360811409021013,0.0029450743631276688
360811175001006,0.0015950112247611588
360810934011008,0.00042131918123841563
360810059002000,0.0036410652597063243
360811185001008,0.1193760865909339
360810492021002,0.006434657733096639
360810991004015,0.0017013346366813202
360810179021009,0.0003720180048543434
360810106002000,0.022261263299988846
360810512003002,0.0007830475734352871
360811133002009,0.005141436620856263
360810625001006,0.0029450743631276688
360810528001005,0.0026087510552762995
360811571018007,0.0029450743631276688
360811123002006,0.00862257347356883
360811385021014,0.0029450743631276688
360810483021002,0.006804693560917684
360811291022014,0.003068239630755825
360810230002006,0.0029450743631276688
360810646001004,0.0019630719018720166
360811409021012,0.011345125997412192
360810892012004,0.00423954372276374
360810414003003,0.004809812099332541
360810972021000,0.0004065107884639202
360810992002004,0.001082510631532917
360810062026002,0.0005546588822430989
360810916036032,0.0038165266309192576
360811223001000,0.0029450743631276688
360810939003001,0.003911089624584116
360810001011010,0.003605415855026891
360811113003009,0.005224785927302481
360810142022007,0.0029450743631276688
360810016001004,0.00127331772749872
360810036002002,0.00182944014437322
360811529012002,0.0029450743631276688
360810141002010,0.0027732284428118614
360810123012003,0.0006107211563882745
360810247001005,0.0005153951223287178
360810489001000,0.007664433629548488
360810479002000,0.00012996510100530005
360810230001007,0.004515489650914553
360810947002000,0.00011422612260610417
360810038001002,0.10211006843232164
360811417005008,0.00041054291425633206
360810719001003,0.001801830425357898
360811367001002,0.0029450743631276688
360810062022003,0.0005377359325124294
360810187003005,0.000609010033309304
360810199022002,0.000902223384096824
360811017001004,0.0005459797735230123
360811471001004,0.0036475034655659095
360811205001006,0.0011835161905974386
360811008031011,0.002131827246410688
360810942011002,0.011154565283822575
360810320001004,0.0028937601322725
360811059004009,0.013255145625120273
360810859001002,0.002768244656041901
360810892014011,0.007375763424953246
360810459001006,0.006159963951276889
360810981001003,0.0006686024611029932
360810610001013,0.003082975425508331
360810502011013,0.0029450743631276688
360810510002004,0.0009575212497450265
360810185012001,0.005000037035687639
360811441002003,0.0031401822116606196
360810329001009,0.0029450743631276688
360810097002004,0.0015763766016282789
360810432001014,0.0005206291125332839
360810981002007,0.00044197012868130956
360810626001000,0.0031615772880601626
360810094001005,0.007722515604892952
360810058003004,0.017750675252188496
360810243002005,0.004671964377863654
360810040012002,0.000653922235846104
360810040012000,0.0029450743631276688
360810779023004,0.0007630754196784987
360810869002014,0.0013677639213048405
360811032021011,0.0029450743631276688
360811032024001,0.0007026980338348279
360810690002007,0.0017220285917376574
360810097002002,0.001806602194849432
360811257001007,0.00010198994125708322
360810991001000,0.0006553659193509534
360810542002005,0.007154070159806466
360810337001001,0.0029450743631276688
360810671002006,0.000726986633204686
360810677001001,0.0006058030081585727
360811189001001,0.00010386476117846736
360810849012002,0.0011437911051580942
360810987002007,0.0027306463122002728
360810871002011,0.0021343537747934185
360811529023013,0.0029450743631276688
360810723003013,0.00019551698440970045
360810295002007,0.006519642174402855
360810473002003,0.0006739790918229577
360811047005005,0.0034240011782939936
360811277003008,0.00638185042230568
360810664032006,0.0002472049042156528
360811175005001,0.013146720378574714
360811459002007,0.0009094405808327647
360810594001002,0.004447368367563139
360810606001005,0.0044334989103990505
360810721005001,0.00013571064792473344
360810118002003,0.0028937601322725
360810001041005,0.0029450743631276688
360810357001005,0.0029450743631276688
360810184022005,0.0032453929996141243
360810383021068,0.0029450743631276688
360810004002005,0.003106275941515163
360810034001008,0.001314542643933
360810803022000,0.003048848228026745
360810723002003,0.006137389707715268
360811161001001,0.003991429018836835
360810703002007,0.0029450743631276688
360810775003003,0.0028516646647988204
360810111001000,0.004574394091821252
360810687003008,0.00011186935808586174
360811129001009,0.0006777158625259484
360810954003018,0.0023298968214462527
360810158021003,0.0031445250018537537
360810166002005,0.0009938651868805694
360811072011037,0.0029450743631276688
360811267003000,0.02319007822310134
360810757022013,0.0002901454034518898
360810665013003,0.00022742048831817478
360810496002005,0.007433732753742044
360811185001010,0.0029450743631276688
360810889031012,0.014524741083498452
360810603001002,0.005385813736634495
360810925003006,0.01879222527583968
360811483003019,0.004482925508709087
360811483002003,0.002834877346187789
360811483001014,0.005368012220540528
360810320002005,0.0003332426595872134
360810096002002,0.0009530448423153364
360810846021000,0.0029450743631276688
360810294006002,0.002534022662136351
360810400002002,0.001811497125998288
360811193002000,0.003403374856615829
360811171001000,0.0029450743631276688
360811157003000,0.0017272388463725028
360810907001002,0.0029450743631276688
360810818001000,0.0008636702455288432
360811032022016,0.0029450743631276688
360811093001002,0.0023047868534119553
360810773003003,0.0029450743631276688
360810629003002,0.0008427616529711118
360810939002009,0.004249190661065185
360811203002003,0.005118666182288067
360811347011004,0.0030890387526460394
360810461002001,0.00041428293719744674
360810096002007,0.00548786631038096
360810212001005,0.00023138589822061344
360810803011002,0.0001660294926819044
360810148001010,0.0036547966856010743
360810148001003,0.0055999583986439125
360811479002002,0.0042882831769813275
360811301004000,0.0029450743631276688
360810484002002,0.025240744758993353
360810502021001,0.00266571429065958
360810964002012,0.002829045643778841
360811008012001,0.011231171333451029
360810202001003,0.0029450743631276688
360810444003011,0.0037387650779645543
360810480002006,0.002546965872009726
360811403001005,0.0024117708628420198
360811579021001,0.002711184946715871
360810531001010,0.0007501220792783886
360810280001007,0.002279321947879998
360810470002004,0.0029450743631276688
360811529011003,0.003557354500643791
360811621003005,0.0029450743631276688
360810065021002,0.0013603730301462186
360810987001001,0.018910564016922284
360810088001000,0.004308550653757293
360810596002002,0.003602900513869258
360810294001007,0.003104151408564919
360810773001004,0.0016246298023664643
360811223003013,0.0029450743631276688
360810051002004,0.0065771571547487105
360810737001001,0.0005877262244023849
360810019011004,0.0065105640300118246
360811033002002,0.0010866218737225239
360810635001005,0.0007330219671456879
360810846011014,0.0029450743631276688
360811283001010,0.0029450743631276688
360810334011007,0.004804615062312147
360811571016014,0.0017389934604469446
360810580001006,0.0015035565016850716
360810186001010,0.01016853629032071
360810293001011,0.0019720303874145705
360810317005012,0.030532135051245673
360810284002004,0.00032016124482881473
360811571016008,0.013348357941739587
360811447001001,0.001842931116129688
360810199021004,0.0026225046570934555
360810007023003,0.0037667885254856694
360810892012003,0.006464635952731023
360811479001017,0.0004410656855968456
360810079002005,0.004013607845811396
360810383021090,0.0029450743631276688
360811571014014,0.006376348815855314
360810182001008,0.0011418531860349376
360810892011012,0.002737871736187451
360810892012019,0.04011151448985859
360810019031010,0.003170340931301468
360810538002002,0.00103723779673803
360810179021006,0.001101753648721028
360811093002002,0.0002531474267222075
360811283001002,0.0029450743631276688
360811347022006,0.002451136340764177
360810199022001,0.022938551320855587
360810001041038,0.0029450743631276688
360811113002004,0.010185226685335324
360810991003009,0.0029450743631276688
360811189002004,0.0031657643344699293
360810150001005,0.0025138648820678617
360810524002002,0.0004917270784005549
360811579021011,0.002571572533166151
360810245002001,0.009963921574467552
360810230001006,0.008109816341101575
360810945002016,0.0034744472114036458
360810973002003,0.0029450743631276688
360811039001004,0.003529104789844913
360811039003009,0.0025112339653825108
360810515001004,0.0004751391652653459
360810255001004,0.00016444070483712697
360810942031001,0.0026668735418782703
360811621002009,0.0033447179385426
360810434001001,0.0031097038827782924
360811463002005,0.0022338109821717204
360810838002002,0.0010651257945059776
360811008041004,0.0011234483047636828
360811008012005,0.0029450743631276688
360810192001008,0.0029450743631276688
360810334052010,0.0031184521552199813
360810204002008,0.0013674243866986133
360810172002004,0.0023691516433781232
360811141001007,0.004185573092421094
360811241003008,0.0012450151726286795
360810083001002,0.0008813180620093396
360810869001001,0.00013183610229226215
360810884005001,0.0006611030439791355
360810884001014,0.0022471811113279764
360811185002003,0.003003701427661663
360811039004003,0.00440328775840734
360810650001003,0.004581587907960427
360810595021008,0.004864614970648855
360810043001001,0.002440961482771524
360810709002006,0.0031427359670616836
360810116001006,0.0017354716555816566
360810954001011,0.012737181654345321
360810779051012,0.005409668050159463
360810306004004,0.013939523518766386
360810432001012,0.003317269039936798
360810432001003,0.004628703388879425
360810404003010,0.00036670625896027185
360810922001003,0.0018626958533536021
360810007023006,0.003177481172395363
360810058002004,0.00935391321792155
360811097003005,0.00017830602612314803
360810030001005,0.0002657639100885321
360810641021010,0.0029450743631276688
360810309062000,0.012922473165227552
360810012002000,0.0071598854569919525
360810495001002,0.0012017506128708289
360811507012013,0.004308550653757293
360811097002006,0.0038339638337748306
360810669002000,0.00112186950149609
360810434001013,0.00331640243592828
360811141001005,0.0038318433099528543
360811171002001,0.018150690271850747
360810309052000,0.0006923734383437575
360810383021019,0.0029450743631276688
360810443022002,0.006270143510031549
360810942011017,0.003622905691165311
360810954001010,0.0009567120841456468
360810510002005,0.0029450743631276688
360810254021001,0.0019039268161146362
360811277003002,0.0007460906172087342
360810663012007,0.00026054557649293547
360810603001008,0.0003223953019447109
360810775003002,0.0009235134583767654
360811241001008,0.00019257719827292172
360810141002011,0.0029450743631276688
360810145001000,0.0007565805868368629
360810123011006,0.00013459000395587677
360810991005009,0.0029450743631276688
360810450001004,0.0018048167119199703
360810450002000,0.00014700623609196085
360810694002013,0.0008820308232996931
360811215001009,0.0029450743631276688
360810158022003,0.07514053400975262
360811459001000,0.00011503812403452591
360810398002004,0.00022327659681496717
360810309033001,0.0007792306351343402
360810837001006,0.0013523824764174906
360811175005000,0.0071764326328242495
360811085001012,0.004503133739859963
360810440001004,0.003966062366405977
360810112002004,0.003984779058824258
360810534011001,0.002139950092987619
360810280001008,0.0010260836765730054
360810415002000,1.332181649897265
360810803022004,0.012955828755267011
360810660002006,0.00016597912842666502
360810656002005,0.0005646570544365946
360810108002001,0.013538844914213631
360810306003003,0.0009955701919075316
360810916021007,0.0029450743631276688
360810376001004,0.00043537163868503193
360810366002004,0.002454200079190082
360810206001013,0.0015000556463408545
360811367006000,0.0024963432785713125
360810739002000,0.041575936030883325
360810889031008,0.0018628689644838764
360810707001001,0.005378088267148866
360810122002005,0.012474792619745165
360810690001002,0.002700456793129639
360811283001012,0.0029450743631276688
360810181022003,0.002524786428338537
360811339001003,0.0043634261766848075
360810723003011,0.0015151337594133366
360811227025002,0.0029450743631276688
360810884004010,0.003605415855026891
360810532002009,0.00016405171015392757
360810846011008,0.008377821679492262
360810818003005,0.0008843480141047898
360810846021013,0.0012426863034353402
360811010021003,0.025650441484069666
360811129003001,0.013960147464355114
360811017003001,0.0029450743631276688
360810846021031,0.0029450743631276688
360810577001002,0.0012654205539923207
360810916034024,0.001705806301508405
360810199021009,0.0029450743631276688
360810306003004,0.00233226997166809
360811072021005,0.0029450743631276688
360810475002007,0.015283014265330087
360810007012012,0.00019765754561718225
360811409011011,0.0006635243634221099
360810320002008,0.0029450743631276688
360810320002003,0.00018602971366825225
360810460001005,0.017845184331395023
360811429004005,0.00014706807900970935
360810925003004,0.0002615917341150251
360810320002021,0.0006049032426367916
360810328002002,0.0003005537115187429
360811301001004,0.0013027849839239872
360811567001014,0.0029450743631276688
360811047002008,0.0029569516933150453
360810450001002,0.005673104565966614
360810352002009,0.002032239900173279
360810220023001,0.00033640209977166974
360810178002003,0.10977033759737852
360811223001009,0.002189583154356785
360810671001004,0.00820236048724227
360810128001001,0.011397792383702103
360810158022004,0.01606072544880355
360810542002009,0.006796262979691013
360810512001006,0.00026074697438116013
360810058003001,0.00706530737494778
360810536012000,0.0014832159968416925
360811181002004,0.003101425027731354
360810663011005,0.003141967601147835
360810274001004,0.007436730491929016
360810398001011,0.24031093821655028
360810538002004,0.00025487603816174754
360810026001001,0.0014537513058908958
360810478012003,0.002949964995218938
360811341002003,0.0010950319153899223
360810096001004,0.00558846373507658
360810368002008,0.005370167832509307
360810172002003,0.0029450743631276688
360810243001010,0.0023016569206258737
360810595012003,0.0010092021669221862
360811059003004,0.001535779073095553
360810582002007,0.0008136731134028795
360810476001002,0.0018174295055205637
360810182001009,0.00258243952339199
360810790002010,0.00822537555507483
360811008041006,0.00011014305871009945
360810540001006,0.000896744640564353
360810275001000,0.43067982620948864
360811099001007,0.00798158166869155
360810511001000,0.0019677712495266746
360810916035015,0.0004882973402226409
360811277004001,0.0004023007185535959
360810353002004,0.011980934978386006
360810892018010,0.0029450743631276688
360811579016009,0.0029450743631276688
360810492011004,0.0029450743631276688
360810837003000,0.004872200355104026
360810507002006,0.0008773687594971131
360810916031000,0.0029450743631276688
360810095001000,0.0001720174303631096
360811097003001,0.006459004609335245
360810654011003,0.006586416178740831
360810022001004,0.003073035773143884
360810925001004,0.0024168227906337923
360810560002005,0.002290218207543277
360810038001011,0.00014901904477931474
360810444002004,0.00017943621728566978
360811551032006,0.003225697197085031
360810204002002,0.5260182900410025
360810581001001,0.0003299545249373277
360810384001011,0.0027966417076936904
360810610001014,0.0029450743631276688
360810258001009,0.004905269351207392
360810254012008,0.0022970270606198365
360810358002006,0.015215683318431775
360810253021000,0.11790552983695168
360810257001000,0.007336841358952667
360810861002002,0.0015207135907159565
360810471002004,0.1208002346556899
360810973003005,0.004366851407223848
360810981002013,0.0012324333391893628
360810633022001,0.004669607136079629
360810922001001,0.002910907481900154
360810942022002,0.003230330893084334
360811617001013,0.0042882831769813275
360810606001002,0.0009972873293594368
360811403001011,0.008086263928148731
360810591003003,0.0004378852913019486
360810547001000,0.008902882424655334
360810098001002,0.003922999026879732
360810656001010,0.001827224743521308
360811579034009,0.002479264245259037
360810749001001,0.0004598385681702459
360810054003002,0.00022854468469251488
360810140001000,0.004381126004014299
360810383011009,0.0046988870140356135
360810123011009,0.0006323045387443797
360810114001005,0.011985826038931644
360810664033005,0.00036670625896027185
360810055001010,0.05126491157607384
360810358004007,0.002242220392891754
360810232003006,0.0006418108478632677
360810925001006,0.0031738771531872284
360810103001000,0.0020526414548543313
360810450002003,0.0021194709697891934
360810517001006,0.008519871728339208
360810511001005,0.0009702413208714438
360810595022007,0.0026988570843429396
360811207011006,0.004063933179743104
360810709002000,0.0009132400283915481
360811579033004,0.002578967690913672
360811529012001,0.0005656662479482476
360810383021061,0.0029450743631276688
360810181013003,0.000292844429855817
360810208002002,0.0065384866309182894
360810208002017,0.00442882388092461
360810208002011,0.37117794549360295
360810535011006,0.0049772837059703905
360811483003003,0.0022970270606198365
360810320002026,0.0029450743631276688
360811551042004,0.0029450743631276688
360810309042000,0.006913882998931806
360810124002003,0.0017996637352036095
360810101002006,0.0027976229975442226
360810547003000,0.0001559332477539951
360810032001014,0.00045346128575572556
360810088001016,0.038592618258968724
360810317004007,0.0024992510861431665
360810515002001,0.004730637531714712
360810444002007,0.0009310684578358187
360810294006000,0.0016561331228017021
360811385021023,0.0029450743631276688
360810470001006,0.0026345963257130177
360810680002005,0.0008666088871217398
360810680002007,0.004227479267611905
360810610001010,0.01482764617106282
360810306001025,0.0017244469633031444
360810249003000,0.0017509957525414226
360810803022001,0.025870737495929802
360811579013007,0.004086914279952376
360811579025001,0.004276570110339657
360810773001005,0.0033529565209773596
360810033011001,0.0011044314263574792
360811147002009,0.006282161480040595
360811621005010,0.002107465881780017
360810954001004,0.0011821535543736384
360810330001011,0.0011515743043715916
360811247003009,0.008194679897468481
360811621005014,0.0025264170525097036
360811033003003,0.002605980706619234
360810859002000,0.0036272246560040645
360810512001004,0.004288706747729774
360810583002002,0.00031894939170232716
360810585003003,0.026639414115516707
360810443011001,0.049744201374115116
360810443011003,0.005473286915882706
360811483003006,0.0029450743631276688
360811483004011,0.0029450743631276688
360811483003020,0.0014459576420861255
360810809004002,0.0029450743631276688
360810520001010,0.00029068947621992933
360810179021004,0.0029450743631276688
360811139002006,0.007327878115999365
360810707002001,0.0029450743631276688
360810638002004,0.0029450743631276688
360810144001005,0.0017995199193312572
360810928001005,0.003029880929109004
360810998011010,0.00012837814296497543
360810997012001,0.004715631452320304
360811017004000,0.008216734035735541
360810297002014,0.0029450743631276688
360810536011000,0.0029450743631276688
360810158021001,0.000757214793703942
360810542002004,0.016489707420544227
360810964002001,0.0029450743631276688
360810656002002,0.0023412131538073765
360810404002000,0.003100234836286016
360810330002002,0.002369366608181803
360811579022005,0.006470805030571769
360810489001008,0.0029450743631276688
360810664021004,0.007570250508136141
360810496002006,0.003073035773143884
360810036002003,0.0004717014995404966
360810204001002,0.0004933298313926963
360811301003009,0.008026392678656052
360811301003006,0.002605980706619234
360811167001002,0.0007812245166248277
360811579022008,0.0029450743631276688
360810997051018,0.0029450743631276688
360810033011002,0.0005797398476431889
360810182002006,0.0029450743631276688
360810646001009,0.0053085112030349805
360810641021005,0.0029450743631276688
360810846021009,0.0067758972901351576
360810278001001,0.0023038792840224223
360810814002005,0.002941595313849177
360810526001004,0.0010415934336357904
360810582001006,0.004720900664616641
360810199012008,0.0017089381434042617
360810861002004,0.0030254102616409824
360811207011013,0.001328525379206019
360811417003002,0.001877982213717465
360811223001003,0.004746403161107415
360810365001005,0.002045550257257029
360810243004011,0.00029379015009763836
360811385011013,0.0029450743631276688
360811483003024,0.014874308304908265
360810125001002,0.0029450743631276688
360811072021009,0.0029450743631276688
360810088002002,0.0030850932628108054
360810347001003,0.0028013441577806396
360810249003001,0.0013559818548462283
360811385021010,0.0029450743631276688
360810026001004,0.0029450743631276688
360810612002001,0.0013831443501770113
360810992001008,0.0009891025455033627
360810553002002,0.04353558559087843
360810001041007,0.0010793780260249894
360810245003006,0.0029450743631276688
360810489001001,0.0029450743631276688
360811551041000,0.0020968858837799183
360811571012006,0.004238461661325623
360810749002003,0.002857470351887376
360811451022008,0.0020526414548543313
360811093002005,0.01095884419484581
360810448001000,0.00021449975921845966
360810664023007,0.0024951535996809186
360810051001003,0.00034262538972474954
360811223003015,0.003557354500643791
360811571016012,0.0042112481357176
360810120002003,0.00010333889679175475
360810098002003,0.00032461308094698286
360810352001005,0.0029450743631276688
360810309051003,0.00036391334368898477
360811147001002,0.0056613824763421874
360810861002006,0.004218534965017325
360810803013003,0.023713008406018553
360810871002004,0.002157402881266277
360811171003004,0.0015687097618264146
360810102001003,0.0034431001945341337
360810997013001,0.002108151512224121
360810630001000,0.0008018159758125782
360810632001003,0.0029450743631276688
360811181001006,0.012869732797814146
360810205001015,0.0029450743631276688
360810564001011,0.000668338642191621
360810610001011,0.00043141335824047885
360810008002004,0.05062205207509507
360811483004014,0.002013182734744306
360810526001000,0.0031097038827782924
360810635001001,0.00032177093443931366
360810656002009,0.012255904152955915
360811347013001,0.005113039283735489
360810916032001,0.0029450743631276688
360811617003009,0.008623743683219538
360811617003010,0.0012618043767537656
360811227043004,0.00015860948548476666
360810779072001,0.0007886109752145349
360810607011003,0.0029450743631276688
360811008041005,0.0017329664596149685
360810687003010,0.0015259671099686462
360810496001003,0.0001944320186278992
360810884007003,0.0029450743631276688
360810291003001,0.0003393658115140813
360811451021004,0.0029450743631276688
360810411002001,0.004268140547899628
360810095002013,0.004025020440630749
360810088002008,0.0005155167566169329
360810376004007,0.0029450743631276688
360811215003010,0.0029450743631276688
360810779051007,0.0017989700351721447
360810334032000,0.3530691447932558
360811047005010,0.0001632735111829796
360810020001002,0.04486952305061485
360810997012004,0.15468209462287794
360810884001008,0.0019662020955155787
360810377001003,0.00021759485745949465
360810779032002,0.0029450743631276688
360810475001011,0.0076413184814042075
360810711004004,0.000341426516468239
360811139002008,0.004980306282271636
360810253013001,0.01587412591928824
360810297001003,0.0029450743631276688
360810297001012,0.0010047460736939734
360810033011012,0.0029450743631276688
360810091002002,0.00010799549852005801
360810991005003,0.004253569857167234
360810485001000,0.0022157547641382296
360810517002005,0.0032266786532735166
360810058001008,0.004240287909923439
360811377003005,0.0016174193458851453
360810243002014,0.0013590905788724084
360810534012005,0.006256300337903153
360810208002009,0.002369366608181803
360811579016008,0.002441899345415299
360811567001008,0.002314268304917636
360810212001011,0.00025554909869697457
360810208001011,0.03747683741266985
360810981001012,0.003974567787151459
360810128001002,0.006916814595237248
360810128001004,0.01033686575495272
360810118001003,0.005368012220540528
360810613012003,0.0010436139392347064
360810297002003,0.0054084463770958146
360810199031002,0.0029450743631276688
360811097003004,0.0008458289639185546
360810347002000,0.002431798869746771
360810472001005,0.0011967073170571307
360810680003009,0.002925898713945005
360810680002009,0.001778727902146443
360810272001001,0.0004930399704135028
360810186001001,0.0029450743631276688
360810272002002,0.0003610368599095611
360810414003006,0.0015870556271364666
360811621005006,0.0029450743631276688
360810309041002,0.0012838532583728
360810036002004,0.0019442294254742609
360810008001000,0.006791440631715838
360810723002004,0.001773246114548923
360810723002000,0.0008163013036831011
360810723003002,0.002301414647187996
360810737002002,0.005156525681797678
360810288012000,0.0029284810472473746
360810443021001,0.0029450743631276688
360810934012002,0.0005725985374657768
360810654011002,0.001782908752469718
360810062012000,0.0032366360877917775
360811072011007,0.0029450743631276688
360810664012005,0.0014999506953910977
360810440001002,0.0016605533250345984
360810152002006,0.1548991044680515
360810972041005,0.0029450743631276688
360810444003016,0.004913543476671542
360810306001013,0.0029450743631276688
360811409021010,0.0029450743631276688
360810186001003,0.002660205444728264
360810258001005,0.007857483809337599
360810284001014,0.0029450743631276688
360810168002005,0.0010254753124483752
360810556002003,0.004584684102570355
360810556002002,0.005511734172659891
360811257002006,0.0029450743631276688
360810216011003,0.0003872487939452309
360810707001003,0.0029450743631276688
360810437023002,0.003940706134730448
360810690002008,0.002447573841351419
360811571018004,0.0017423746192373765
360810245003004,0.003046784543934969
360810281001000,0.08164980282666903
360811185001003,0.0029450743631276688
360810595021002,0.0029450743631276688
360810132001004,0.0029450743631276688
360810809004001,0.0029647271889306115
360810500001009,0.0005016581251669056
360810646002009,0.00225600671095501
360810025006001,0.004428496121464557
360810019021005,0.0029450743631276688
360810384001002,0.004199955166255727
360811099001000,0.0029450743631276688
360810629003001,0.00044869543017103365
360810925001000,0.0024746083577510927
360811072021000,0.0029450743631276688
360811008031001,0.0029450743631276688
360810480001013,0.0025053017383144974
360811451021001,0.0029450743631276688
360811409011006,0.002131752949890366
360810320002019,0.0031097038827782924
360811333002002,0.0026816077742527022
360810031002005,0.0029450743631276688
360811093002014,0.0065771571547487105
360811341001008,0.0028563582930350973
360810907001014,0.003564282832858348
360810152002000,0.0014608234679625992
360810542001002,0.003821799232105648
360810502011007,0.006394293516401218
360810492011003,0.021668895778415517
360810661001003,0.006644472170108442
360810365002003,0.007166642841106275
360810002001000,0.0006058154106855133
360810214002011,0.010944009258126917
360810504001009,0.00618046493356205
360810214001001,0.01745524077239826
360810991004008,0.003046039637135627
360810398001006,0.0029450743631276688
360810106002002,0.0029450743631276688
360810560002001,0.005446705236046836
360811283001001,0.0029450743631276688
360810814001001,0.009575271057931179
360810032001004,0.0029450743631276688
360810667012005,0.012809360217529342
360811617001006,0.0006683986333563779
360811579024007,0.05644188166961828
360810199022004,0.00896495813464234
360811223002003,0.0321259627184465
360810580002002,0.0029450743631276688
360811417005005,0.0029450743631276688
360810559001002,0.0001407155033891421
360810695001008,0.0002838365942604172
360810366001006,0.0045878741354664744
360810679003000,0.0029450743631276688
360810367002009,0.0004768076143437857
360810367002000,0.0012777943906805425
360810799002003,0.060554050223792386
360810500001007,0.004291673496426126
360810243001003,0.004156778678160352
360810618002008,0.00204562095156019
360810479003005,0.0014650897005546695
360810220012002,0.0029450743631276688
360810414001001,0.011880014526812095
360810288012006,0.004306897220227849
360810792001007,0.019020958653744452
360810294006008,0.001102055182450559
360810196001003,0.006881961195276704
360810123012008,0.03155687720649569
360810030001003,0.0014192714769382126
360811195001009,0.002857470351887376
360810972021006,0.0029450743631276688
360811467003001,0.00035870183089564114
360810582001000,0.004246614147988681
360811333004006,0.007595705691648218
360811277004000,0.00873366077143882
360810580002000,0.0029450743631276688
360810159003000,0.0005037604881551715
360810123013004,0.002730299113179119
360811193001003,0.005543398259696429
360811175004002,0.0003896572514823993
360810892013000,0.0029450743631276688
360811479003002,0.00025415508649515077
360810779062009,0.5984222038363916
360810622002008,0.010965377666345557
360810058003009,0.0001328035181384212
360810717022013,0.0029450743631276688
360810809002001,0.00403756737802314
360810809004004,0.0015191978798058414
360811483001017,0.0029450743631276688
360810557003002,0.0026038847059749255
360810884002003,0.0039429543839779565
360810997012007,0.010753510668191382
360810291003004,0.004805411569182504
360810245001004,0.0029450743631276688
360810616022006,0.002422223252154749
360810334012001,0.0016844393697449775
360811123002001,0.0030701127966053722
360810062025004,0.0005644135921867137
360811039003008,0.002889999165197792
360811039002013,0.003090638791416355
360810916041002,0.0029450743631276688
360810954002008,0.0029450743631276688
360810208002001,0.5845611943517578
360810098001001,0.0009634607132556235
360811277003004,0.011061284802460582
360810366001010,0.0026814615354073044
360810516002006,0.002758380374176885
360810033022010,0.00034395532704956577
360810713033003,0.0015087381871121733
360810253012005,0.007861852915064813
360810141002000,0.007261664768869704
360811017003004,0.0029450743631276688
360811141001003,0.00838864605756312
360810892017000,0.0029450743631276688
360810515001003,0.03227527911819613
360811567001001,0.0029450743631276688
360810991004005,0.0012134142575678868
360810058001003,0.0001708481442601286
360810869001016,0.0017051516875650383
360810626002005,0.0031193512082059644
360811451022003,0.0033422082895579216
360810991003017,0.0029450743631276688
360810567002000,0.00038035593117422564
360811435002003,0.007006299402812154
360810598001003,0.004506662684852366
360810024002001,0.0016859721067380416
360810179021011,0.0013559818548462283
360810125001016,0.0029450743631276688
360810204001010,0.002787974586771675
360810456001002,0.0029450743631276688
360810464001000,0.0029450743631276688
360810254012001,0.007220515318655946
360810254021009,0.001836643751710673
360810568003005,0.009769828792849955
360810334011003,0.0015305487249909528
360810054001003,0.015423571540803984
360810002001002,0.0032619093719149918
360810779082003,0.0029450743631276688
360810779022006,0.007068715684976894
360810713053000,0.004068605240400667
360810291004005,0.005658090199488103
360811409022002,0.007615840660420995
360810266001003,0.000587931183108658
360811017002001,0.05098847607917993
360810613013002,0.008666487001299426
360810779062003,0.00015680986497127976
360810440003003,0.00045829258451509096
360810019031018,0.009344261591066633
360810468002006,0.0014013835497088646
360810484004007,0.0017505058059323066
360810045003001,0.0027732284428118614
360811291044003,0.0002497412883356187
360811291024002,0.009079501751003702
360810071003002,0.0006095224392434532
360810677001002,0.001140257200369758
360810367002007,0.0005634742361467415
360810371001001,0.0029450743631276688
360810136001002,0.010083670653062886
360810489001014,0.0004165940343271894
360810565001009,0.0029450743631276688
360811339001008,0.0005638094498651975
360810916032009,0.0029450743631276688
360810247001009,0.002484547095355843
360811483003011,0.0029450743631276688
360811155002000,0.0034335101101193805
360810151002005,0.00010216784058997892
360810942012003,0.00556403875597458
360810818002008,0.00024279946425744968
360810454001003,0.00019447870703692916
360810809004000,0.0005322998827130785
360810999001021,0.0029450743631276688
360810535021000,0.002148465358770113
360810473001000,0.1383686457417825
360810999001007,0.0029450743631276688
360811579014005,0.0029450743631276688
360811195001000,0.0037160871108906962
360811459002000,0.0007920603972564958
360811032011001,0.011687921915958265
360810358004001,0.010353016203716287
360810427002000,0.005260069611127685
360810182001004,0.0026310549317150387
360811551032007,0.003114831191725387
360811551033000,0.0028375868209577493
360810126022002,0.0766184045559506
360810625001007,0.0007486222411321406
360810942012010,0.0029450743631276688
360810006002002,0.6309485275437335
360810711004000,0.732902180283358
360810561001000,0.00025022303292557117
360810402002000,0.006725174222369127
360811033003007,0.0024746083577510927
360810295002000,0.0011494796340358292
360810473002002,0.0004650449429372768
360811483003012,0.0029450743631276688
360811471002003,0.00021436414148545533
360810945001007,0.00026966604013882044
360810552002004,0.007952655408293909
360810454001000,0.0032747945422469714
360810168001006,0.005495230736787105
360810454002000,0.001995161643571556
360810616012009,0.0033529565209773596
360810169002006,0.0003859028536602221
360811161001002,0.0011866823297098246
360810439002005,0.0009286171641198379
360811483003015,0.0034204057464237323
360810272001000,0.0006901490798637304
360811579015004,0.0009865356383678733
360811447002019,0.0029450743631276688
360811571017000,0.0007779372791074089
360810019031007,0.011240439425059688
360810108001000,0.19266169738669164
360810257001007,0.003101425027731354
360810517002002,0.006109870952551979
360810457001004,0.010529654068949294
360810939001004,0.0028572094210895824
360810916035000,0.0029450743631276688
360811347021000,0.0515114766459705
360810840001006,0.0014551972228633227
360811139002000,0.0029450743631276688
360810038002001,0.0012601967065299117
360810991001002,0.018826739370810336
360810991002002,0.009289556633309114
360810775002003,0.000451488289806678
360810134004000,0.0029248849667293164
360811483001003,0.021315021540330954
360811479001000,0.0029450743631276688
360811479001007,0.005543398259696429
360811479003006,0.005689663225667623
360810261004004,0.00016261993868520964
360810809003000,0.010234016782186476
360810664011007,0.0029450743631276688
360811072011038,0.0016536046701901474
360810512002008,0.035583812075343696
360810954002003,0.00197723747882861
360811301003007,0.001647959520671527
360810404004004,0.0013598713656283014
360811157001010,0.006844207162825306
360810991005002,0.0029450743631276688
360810661001008,0.00010929692606234845
360810452001002,0.0005902192868699749
360810510001005,0.0012227586216307736
360810002002002,0.0025446222573944693
360811507024007,0.0029450743631276688
360810007012016,0.0029450743631276688
360810424003009,0.0002149589273000175
360810216021009,0.005543398259696429
360810939001003,0.0011915363020283723
360810600001006,0.00441534134196957
360810437012000,0.0029450743631276688
360810947001007,0.00037889722388032986
360811399002002,0.010869737894472405
360810199022009,0.0029450743631276688
360810555001000,0.0006630318671130677
360810094001004,0.003483948970726894
360810094002003,0.0014519673920590013
360810110002000,0.10705184757550673
360811171001005,0.01153915198128166
360810251004001,0.027864484843454138
360811507012008,0.003653520323348951
360810476001008,0.004617509285826333
360810383021073,0.0029450743631276688
360811479002008,0.0038665269155173185
360810641021007,0.0002405845789476547
360810907001012,0.0037168232359429012
360810669001000,0.0004074190572330292
360810792002010,0.0007960354955919654
360811291021002,0.002752899204452908
360811409021018,0.0011238800634614688
360811333003006,0.001946317013505263
360810086002001,0.005575070717923539
360810892018008,0.003129896255495402
360810568002015,0.003803758882033112
360810199031001,0.0029450743631276688
360810088002001,0.0029450743631276688
360810246001004,0.0029450743631276688
360810394003003,0.0026345892729719156
360810779022000,0.0029450743631276688
360810334012016,0.005261969265620472
360810809003003,0.001986569102804041
360810939002001,0.00027797016467630866
360811113003010,0.003330188630241611
360810230002001,0.002220512501104488
360811008042011,0.0001569327365875366
360811147002003,0.0029450743631276688
360810097002000,0.013159843271403116
360811199001002,0.0008343672850745863
360810483021004,0.0029450743631276688
360810154002004,0.0018327769546374044
360810542003005,0.006468083210224019
360810539011008,0.0009613112010328547
360810535011003,0.0014284414944241374
360810130001005,0.03159715726088925
360811039001007,0.001870453551272716
360810104002003,0.0029450743631276688
360810964002003,0.0003812949969619059
360811621001003,0.0005085240007556351
360810320004011,0.002498158879680198
360810383021082,0.0029450743631276688
360810220011006,0.005363365466595455
360810398001004,0.002578967690913672
360810053002000,0.03383105955319094
360811157001009,0.0020526414548543313
360810945001011,0.0011710501421245368
360810376005004,0.00027694130276552565
360810306005014,0.0029450743631276688
360810170002001,0.0005786162241728187
360810309041001,0.010222934403484525
360810309051001,0.002065870508344497
360810499003012,0.00596039571185117
360810892016011,0.0029450743631276688
360810671001006,0.00029405821877980865
360810187002000,0.0009561550555881912
360810142021003,0.057211656865789676
360810293001009,0.00038321157086986207
360811032021006,0.0016826892555520166
360811417001005,0.0029450743631276688
360810309063000,0.03055356164928905
360810664022006,0.0012208287895118617
360810580002007,0.0029450743631276688
360811010043009,0.0029450743631276688
360810934023005,0.0029450743631276688
360810626002002,0.009466152714223996
360810246001000,0.0029450743631276688
360810568002003,0.0029450743631276688
360810054003004,0.0003200830832340234
360810779044004,0.00017521168041154258
360810373001002,0.00048725441012097896
360811277002003,0.0008804546104840197
360810383011015,0.002851348920956784
360810444003009,0.0020441456996435816
360810690002005,0.0010086207284364167
360810014003001,0.006915306321713246
360810499004001,0.00963584748746617
360811377003004,0.002325150159364763
360810095002001,0.017841968241068505
360810803011004,0.0029450743631276688
360810585002004,0.0023882680026528933
360810489002001,0.008239040383153201
360811189001008,0.00953229823072293
360810664031003,0.0029450743631276688
360810103002001,0.017605998615006165
360810099001006,0.0002565372915595943
360810545002002,0.001308623028927761
360810884006008,0.001946486286122429
360810508001005,0.003189421498973471
360810496002000,0.004947363931395195
360810656002011,0.009368727265328891
360810220013009,0.006114685511315037
360810458001001,0.0018541842013806067
360811579016003,0.004213565215468715
360811579014007,0.004186266072067059
360810539021000,0.004608587044181088
360810598001000,0.0018760311735684866
360810592001015,0.010170959025555261
360810199021011,0.003360983364646561
360810157001003,0.008202792253399607
360811205001001,0.008047756975642003
360810038001003,0.0012248680722947891
360810243004002,0.0025977862536010576
360810184021006,0.0007395885640852183
360811617004003,0.008606715997659786
360811032022015,0.00013828202273531966
360810249003002,0.0020215725097502057
360810034001003,0.00013017579840578778
360810892015004,0.0035779935428451393
360810713051000,0.0029450743631276688
360810723002006,0.0018060573369115993
360810925003008,0.0047857529160824615
360810526001003,0.0021111134841903783
360810526002004,0.0029450743631276688
360810440002005,0.00013104228773908654
360810330005000,0.0008801430699040132
360810199021015,0.002605980706619234
360811059003007,0.0006127532445978008
360810358003003,0.001891397878372836
360811571018005,0.0028937601322725
360810665014005,0.00024207525655355386
360810998021001,0.006072604675277104
360810337001006,0.0010974896529283209
360810179021016,0.0033044305472957045
360811185001004,0.016681140581262053
360811175004008,0.006506216206462597
360811175003002,0.0064736859522577924
360810709001006,0.0038268669059519124
360810907001015,0.000308794960723348
360810496001002,0.002647134137194781
360811333004003,0.0025417505534700542
360810376004003,0.0008501987055735209
360810992002015,0.0029450743631276688
360810577001001,0.0044915827691818285
360810945001018,0.00033027555504789143
360810263003000,0.004822187593821308
360810916034007,0.0029450743631276688
360810007012009,0.00047562822073309496
360811571015003,0.00150800169562561
360810846012008,0.008660026903951786
360810737002004,0.003727099116250178
360810799002006,0.007783793382287643
360810779072006,0.04825638536199887
360810540002000,0.00020578309566110018
360810007011003,0.13672527041316462
360810306005011,0.001502371471293068
360811403001002,0.0029450743631276688
360810632001001,0.014672867285969823
360810320002018,0.0032053151927325272
360811099002005,0.004286637521224121
360810036001004,0.003977280107674147
360810019031024,0.02490642997291756
360810400002005,0.0013307320515337972
360810518001000,0.0013059998919046749
360811113002007,0.000473528737869218
360810288022000,0.001776499607208369
360810542001003,0.0028937601322725
360810635002004,0.0009970686303277802
360810928002005,0.0029450743631276688
360810671001001,0.0017857117810917086
360811241001021,0.007568866395858466
360810033011009,0.004252976723399385
360810062025005,0.0026416490512723577
360810016001005,0.037950133700195156
360810981002009,0.00025045236616298456
360811571016009,0.003238200800995765
360810846012012,0.0034733889702443883
360811483004013,0.004308550653757293
360810547002002,0.00011510465286805567
360810086002006,0.00016333184806538835
360810040011006,0.004090518187930488
360811463001009,0.0032265971216410253
360810297001002,0.011806654920549439
360810922003002,0.00036670625896027185
360810414001007,0.005858786994547601
360810270001003,0.0029450743631276688
360810560002006,0.005005417583397212
360810562001004,0.0016859721067380416
360810683001002,0.043531659678636585
360811385021006,0.0029450743631276688
360810478011003,0.0029450743631276688
360810128001000,0.0029450743631276688
360810044012011,0.0026340345084157977
360810884002007,0.0031708145987158934
360810884004005,0.012722859480675967
360810646002008,0.0029450743631276688
360810591001003,0.030350853094901525
360811617001017,0.0029450743631276688
360810775002004,0.001715829970242988
360811139001010,0.00018477333666026024
360810192002003,0.002862379700089801
360811551042017,0.002395803436846114
360810892011011,0.0029450743631276688
360810892014006,0.0015735549566138604
360810595021000,0.004219963272717494
360811301001001,0.01317600380406775
360810351003002,0.000635365197064815
360811175004005,0.012751710040759765
360811377001000,0.0029450743631276688
360810916034017,0.0029450743631276688
360810414001000,0.4115642859611639
360810814002004,0.000542714575759052
360811215001010,0.000699994864358395
360810214003013,0.00042357543200136793
360810939003005,0.006062886359709389
360810987001003,0.004109140639081168
360810249002000,0.012253579852872117
360811205001000,0.016988526094565703
360811113001000,0.0029450743631276688
360810554002005,0.0008734085603626881
360810638003003,0.002403313970231259
360810638005003,0.0061806186489231155
360810638004002,0.006617633731530118
360811113003008,0.004850629437558899
360810757013000,0.0022065268766984715
360810945001021,0.0003105794195192934
360810916036021,0.0029450743631276688
360810245004004,0.00030179616620726833
360810779082002,0.0003759201307560109
360810174002002,0.0006152937239140118
360810922003004,0.0029450743631276688
360811409011012,0.0012660546751810198
360810612001003,0.0038574401968564983
360810838001000,0.00039049865843454086
360810749002004,0.0013098174890196562
360810632002012,0.0058467216505607615
360810158011005,0.011129989321401941
360810235021000,0.0029450743631276688
360810317005008,0.0032351441833989455
360810141002013,0.002689367335627571
360811017002000,0.0006876285341111325
360810014001001,0.001963234233549175
360810052002002,0.0029450743631276688
360810309061003,0.059267822673684356
360810694001010,0.0023117048925380473
360810424001002,0.0029450743631276688
360810007012007,0.0029450743631276688
360810309031001,0.00012872967307614284
360811129002012,0.0009223684047297887
360811159002000,0.004825473286576643
360810922001007,0.0029450743631276688
360811039004015,0.01356192916591191
360810981001004,0.004312640169854385
360810358001005,0.0001747136078473736
360810042002001,0.0030045757724201766
360810455003000,0.3051407672941882
360811267001003,0.0029450743631276688
360810568002013,0.0029450743631276688
360810040012005,0.001003791395220442
360810010001003,0.00023451844646076746
360810581001002,0.08027847201565252
360810925001003,0.006375594733995713
360810997051017,0.004796731453867562
360811008011007,0.0001500070110260821
360811579011004,0.00268057869033027
360810251001002,0.0024360385221050746
360810125002002,0.02812805863336932
360810641021014,0.010040316133934777
360810719002003,0.005860778138122203
360810587003000,0.00010598610543369966
360811507022005,0.006171567029377278
360810367002010,0.0029450743631276688
360810745001001,0.0025053017383144974
360810375021000,0.0012385529938558862
360810545002003,0.0006299224556968085
360810677002008,0.0029450743631276688
360811333003008,0.0029450743631276688
360810580004005,0.005595024512542426
360810317002004,0.0014330854618775331
360810472002011,0.0055301625188427985
360811579032005,0.0030283572591571837
360810505001007,0.000925212029560115
360810253012001,0.00030116652666627614
360810236002002,0.00013113108984021544
360810508001004,0.00013488054622800603
360811072021003,0.002368582712461068
360810939001011,0.00046043640491115283
360810582003008,0.0014315553364274947
360810383011011,0.0029450743631276688
360810659002002,0.0006786237665971839
360810470001010,0.0005230925632773705
360810633021001,0.0002926238749806174
360811267001001,0.0012370929891314074
360810884004006,0.0029450743631276688
360810991003018,0.0029450743631276688
360810186001012,0.004777068522683731
360810363002002,0.02807911225216903
360810383011018,0.000512688756997948
360810383011000,0.0029450743631276688
360810284002001,0.001724342369215298
360810517001016,0.0004394281316495978
360810845003007,0.0022978804201049213
360810247001008,0.027255883327080153
360810444003001,0.0007632996183356704
360810997051005,0.002356746173839185
360810991003000,0.0009094405808327647
360810803022002,0.0001363349860012177
360810199021020,0.0029450743631276688
360810383021024,0.014587473742261926
360810803012003,0.003350456083278376
360810679002001,0.009756434671627092
360810525001000,0.00016170741998726898
360810168002002,0.0010966711924850553
360810243002006,0.0002840653645681061
360810123013000,0.0015658008706509318
360810001041034,0.0029450743631276688
360810058004004,0.054529753488200994
360811047005000,0.00018348952237039445
360810680003008,0.0003059929024231907
360810884005010,0.007256196123239812
360811385021012,0.0010805901524432262
360810892014002,0.001466743251832558
360810105004000,0.00017365878722144218
360810892011007,0.0013559818548462283
360810079001005,0.0006038679220075138
360810560001006,0.0023469475964113537
360810479002002,0.002088752725348036
360811241002006,0.031976807158496726
360810270001001,0.0016859721067380416
360810254022005,0.00039307415552241627
360811029002001,0.0006764934637488693
360810892021002,0.0029450743631276688
360810140001009,0.0005087541959965351
360810181012001,0.015846985063353105
360810062027008,0.0029450743631276688
360810561001009,0.0029450743631276688
360810320001001,0.0029450743631276688
360811579016012,0.008125092376254755
360810562001008,0.0066393960840334535
360810667012002,0.0007619679299704954
360810383011012,0.0029450743631276688
360811032022017,0.0008377090852919158
360810112001000,0.0001172379761466702
360810186001011,0.0029450743631276688
360810650001008,0.009493992521784194
360810630001004,0.010312024582540592
360810058002003,0.002211221046336185
360810840004004,0.004326762231980497
360810184011008,0.00010217843142630294
360810680001005,0.0029450743631276688
360811010042005,0.0010887172491086026
360811267002004,0.003274225804224122
360810219001018,0.002439297668484991
360810690001001,0.0029450743631276688
360811409011000,0.0029450743631276688
360810206001011,0.004066316062033221
360810187001010,0.0029450743631276688
360810320002006,0.0020526414548543313
360810803023010,0.0009577674543785373
360810566002007,0.0029450743631276688
360810803021004,0.00036670625896027185
360811551034000,0.0005200628137489341
360811507021003,0.001068201889058638
360810991005011,0.0003604657538630748
360811459002005,0.0016894896522742782
360810320004000,0.00165318402357938
360810086002007,0.001154697223239339
360810159003001,0.0029450743631276688
360810919003012,0.0029450743631276688
360810230002004,0.015469704739919148
360810623001005,0.0012080288897350312
360810220021002,0.0016545150842662804
360811257001000,0.0018679927494296938
360810044011001,0.002315292950053672
360810656003001,0.003133804887445304
360810608001001,0.0016656107293073765
360810889022004,0.0003531011402740941
360811129003002,0.015418706958748618
360811367003003,0.0029450743631276688
360811463001006,0.0031544721455252045
360811483004019,0.0030594593179930534
360810532001004,0.004619622403673294
360811139003002,0.0013513009138985724
360810871002008,0.0029450743631276688
360811267001004,0.002660205444728264
360811072021011,0.0029450743631276688
360810437023003,0.0023719764672069155
360811265002001,0.001631570739493647
360810749002009,0.0029450743631276688
360810383011028,0.0029450743631276688
360810247001011,0.0029450743631276688
360811385021008,0.004308550653757293
360810033022006,0.008992265322568303
360810219001017,0.002612417314199792
360810320002012,0.0024270693805234977
360811151001001,0.0011443332845412835
360810062011007,0.009325153202365015
360811483001000,0.00028298634074210526
360810327001000,0.013046317607682862
360810383021053,0.0029450743631276688
360810892013004,0.00696565615431086
360810142021005,0.0012998536978026903
360810031001000,0.0010611228508602614
360810216011007,0.0002254616603821456
360810580002006,0.01605235461102825
360811463002000,0.00021307505638740835
360811507022001,0.0030599159415184026
360810243001006,0.0029450743631276688
360810581002005,0.0005764224722059178
360810580002001,0.0029450743631276688
360811385011007,0.00033068604798770817
360811347023002,0.0019395325467321477
360811029001003,0.0013841344149803883
360810884002008,0.003547016640350011
360810001041022,0.002522701300898831
360810004003001,0.0013027849839239872
360810001041024,0.0029450743631276688
360810088001014,0.0034744472114036458
360811093002003,0.0005817904289878138
360811447002003,0.005580744283088012
360810054001005,0.0009600507048738653
360810010002003,0.02966750500544868
360810198002001,0.025403929780909416
360811072021002,0.0029450743631276688
360810773003004,0.0053725112398354605
360811010031003,0.0005952260915346222
360810054001007,0.001492472958704365
360811385021026,0.0029450743631276688
360810551003002,0.0025766528473564008
360810729002002,0.005937218582608631
360811551041003,0.0010866592244535862
360811171001012,0.002512082619258639
360810721004000,0.0011408972476860187
360810892014015,0.0029450743631276688
360810973002006,0.0001491865406461447
360810040011000,0.002370000410388233
360810632002003,0.002857470351887376
360811072021006,0.0029450743631276688
360810140002003,0.0007167417873661019
360811207012012,0.0029450743631276688
360810987002010,0.15936599109412383
360810660001005,0.00222798950542216
360810328003003,0.0025457243223586962
360810172002005,0.0002990138564200326
360811377003010,0.0029450743631276688
360810916041003,0.0029450743631276688
360810840003001,0.0007642813520480099
360810243001009,0.0029450743631276688
360810637003000,0.08176325922043437
360810711002000,0.0026047083947274177
360810664012010,0.0024382092322451612
360810551004000,0.004366987250742307
360810398001005,0.0010477677676359778
360810102002005,0.0009528740898782832
360811339001007,0.0006603642896544842
360810869002008,0.006917268112207666
360811113003004,0.000526824747964292
360810297001005,0.0005899727105875596
360811441003003,0.00419993161988134
