GEOID20,weight
360810656001009,0.002942258183155572
360810155001002,0.001006902595528658
360811187001002,0.0037615500957515723
360810991005000,0.002942258183155572
360810240001001,0.04862330180053116
360810499003004,0.0033574853551035016
360810062024001,0.0006328915534741734
360811163021000,0.002942258183155572
360810645002003,0.011024331272053926
360811291044006,0.002942258183155572
360811277001001,0.002942258183155572
360810656003000,0.002942258183155572
360810598002004,0.00035009585180829277
360811459001003,0.002942258183155572
360810612001006,0.002942258183155572
360810254011001,0.007266433497675426
360810402001004,0.006153955589574124
360811215002008,0.003748942045300669
360810085001002,0.002942258183155572
360810189003003,0.07590044950295989
360810485003002,0.0029384890029486486
360810137001012,0.003636567675038582
360810478012010,0.002942258183155572
360810476001005,0.002942258183155572
360810478012011,0.006902012684475675
360810680002008,0.002942258183155572
360810294002007,0.002942258183155572
360810294006005,0.00013602491350556852
360810384001000,0.004551364984910585
360810383021040,0.002942258183155572
360810251002005,0.0025783879283612634
360810713031001,0.002942258183155572
360810621002005,0.0024875464834721644
360810440002006,0.03236979497274154
360810837001014,0.0024875464834721644
360811017007001,0.002942258183155572
360810656003013,0.0010667356488221565
360810456001014,0.0020853851165276664
360811267002002,0.0037389091643981304
360810169002003,0.010949562338672834
360810184022000,0.0016362374067291842
360810334052005,0.002942258183155572
360810194002007,0.004271521030523269
360810731002003,0.0016210707367735845
360810122002004,0.0025464743247007532
360810126022006,0.0026185280173264837
360810884001006,0.002942258183155572
360811008012009,0.002540898355293099
360811072011032,0.002942258183155572
360811072021007,0.002942258183155572
360811265001003,0.002942258183155572
360810616013002,0.006153955589574124
360810614001006,0.002942258183155572
360810616011001,0.004589142276589411
360810085001001,0.001068944751138413
360810646001013,0.0019830186469455384
360810585002000,0.0025783879283612634
360811257001009,0.001245887317051086
360811483004015,0.002942258183155572
360810809007001,0.002942258183155572
360810620001002,0.0013929873094690533
360810592001008,0.0019340622524883933
360810306004016,0.003981002024106308
360810063002003,0.0024238115893691066
360811099003007,0.002942258183155572
360811571014000,0.002942258183155572
360810288022006,0.0015579296430349222
360810366001014,0.002942258183155572
360810568001011,0.04569780587667853
360810279001001,0.009696603501142324
360810100001002,0.002942258183155572
360810179011005,0.002764769767079965
360811147002006,0.002942258183155572
360811155002001,0.002947657346584448
360810645002001,0.002942258183155572
360810317002003,0.0073139246812414255
360810524001001,0.002942258183155572
360810650001010,0.002942258183155572
360810178001005,0.015180355514643735
360810818003007,0.0030552902343257728
360810998015005,0.000627717822297173
360811467003002,0.002942258183155572
360811085003008,0.0007537981791410472
360810991001003,0.002660208391860628
360810437012008,0.030981593583548246
360810565001008,0.0009909029450028176
360810945002027,0.0014489014622748914
360810779071003,0.002942258183155572
360810999001014,0.002942258183155572
360810166001001,0.06286443851172512
360811571015008,0.002942258183155572
360810889024002,0.09818650450422181
360810663011009,0.002942258183155572
360810558001003,0.005807542498433771
360810468001003,0.003151703148859922
360810972043001,0.025739400913352323
360810972062007,0.002942258183155572
360810660002013,0.002942258183155572
360810330003003,0.007007314060375932
360810838004005,0.002942258183155572
360811333003003,0.002942258183155572
360810149001001,0.14542979524924113
360810694002003,0.033806799378160224
360810062021009,0.0027288506700466884
360810020001003,0.009773032019400099
360810288021005,0.0004795620161592627
360811571021004,0.0013688631499748861
360810404003007,0.002942258183155572
360811085001006,0.0012321139311774656
360811017003010,0.002942258183155572
360810479001001,0.0029599060963856456
360811147002000,0.008458279431378833
360810103001003,0.002942258183155572
360810036001006,0.019142997186429103
360810206001014,0.002942258183155572
360810560002000,0.0018479641924402529
360810012002002,0.006409396458470244
360810376004010,0.002942258183155572
360810169003001,0.000863212204993418
360810253022007,0.0013421153164289398
360810928003005,0.002942258183155572
360810288022003,0.004442806848714221
360810398001000,0.0019340622524883933
360810566002002,0.002942258183155572
360810179021023,0.0031205395132312555
360811247002004,0.002942258183155572
360811417001001,0.002942258183155572
360810697011002,0.01785261726018258
360810475002000,0.0025252927321298612
360811471001017,0.002942258183155572
360810818002001,0.002942258183155572
360810329001000,0.0019185224960533481
360810126012002,0.0014205895592354944
360811409021001,0.002942258183155572
360810154001001,0.0016572535460710983
360811291022006,0.002942258183155572
360811385013003,0.0011498996022496627
360810592001018,0.01437123671195676
360810664012003,0.003392156855555323
360810797014000,0.001555881409649516
360810444003013,0.0810177244646741
360810294004007,0.0007298191367809697
360810818002003,0.026720697073898753
360811291043000,0.002942258183155572
360810790002008,0.0006851985033422606
360810294001006,0.0006839267098629662
360811429003009,0.002581409739992519
360810892011013,0.002942258183155572
360810869002004,0.002942258183155572
360810032001012,0.005113310383269226
360810485003001,0.002942258183155572
360810916035005,0.002942258183155572
360810998011012,0.006136184653268664
360810187003006,0.008844802711289618
360810219001000,0.0013256665991120942
360810513002002,0.005072362498211224
360810142012003,0.0035787908128165295
360811333001007,0.0021496800404839805
360810353002001,0.002942258183155572
360810892013009,0.002942258183155572
360810818003008,0.0051578034020029325
360810622001006,0.005113310383269226
360810779061002,0.0008404424741374031
360810929003002,0.002942258183155572
360810939003007,0.0054435070006132735
360810711002004,0.002521153495042705
360810054004010,0.0012384235673391912
360810253022004,0.0010075275939984236
360810284001008,0.00019508582691686824
360811097001000,0.002942258183155572
360810117002000,0.0244803620762442
360810513002004,0.0038301071668031973
360810440003007,0.015242897231619054
360810582002000,0.006210908506936373
360810694001008,0.0063283045284597455
360810394001002,0.007053164040607588
360811579023003,0.002942258183155572
360811059001001,0.00278769555487823
360811059002010,0.002942258183155572
360811157001008,0.002942258183155572
360810723003003,0.002942258183155572
360810246001007,0.002942258183155572
360810158021002,0.0030045958269498702
360810190001003,0.002942258183155572
360810716001021,0.002942258183155572
360810330005002,0.003404036706422901
360811529024005,0.002942258183155572
360810295002004,0.002942258183155572
360810928003007,0.002942258183155572
360810929005001,0.0021573785868530134
360811039002011,0.002942258183155572
360810577002004,0.004995089723373621
360811223002008,0.002942258183155572
360810206001006,0.002942258183155572
360810942021005,0.002942258183155572
360810464001010,0.002942258183155572
360811291021009,0.002942258183155572
360810626001009,0.010857459861287676
360810138002005,0.0007215954759231835
360810288022007,0.0007320246493811202
360811291045002,0.0020422322111546096
360810424002010,0.006475847977880197
360810205001024,0.002942258183155572
360810044011011,0.003979873145875692
360811159002007,0.002942258183155572
360810853001001,0.6105234570656645
360811123001007,0.002942258183155572
360810627002003,0.0019967496465002764
360810892018013,0.002942258183155572
360810600001008,0.002942258183155572
360810115002001,0.000882551624857915
360810432001005,0.002942258183155572
360810998021000,0.002942258183155572
360810582003002,0.002942258183155572
360811579033006,0.004682852901910501
360810260002003,0.006083434127448899
360810580001007,0.0018479641924402529
360810187001009,0.002942258183155572
360810557002008,0.006495913521507953
360810664033003,0.0006244565368912433
360811507021007,0.002942258183155572
360810251003000,0.002942258183155572
360810694002011,0.0012713353362105997
360811441003001,0.006902012684475675
360810972043000,0.0003532541838782724
360810484001000,0.006475847977880197
360810063003002,0.002942258183155572
360810134003001,0.002942258183155572
360810998023000,0.028488800376611174
360810623002004,0.0019340622524883933
360810747001006,0.0006780588677620249
360810713044001,0.006656273661122185
360810353001002,0.0013791102252065574
360810155002001,0.002105083382351948
360810513002006,0.002942258183155572
360811621002005,0.0002914711469740459
360810330002001,0.0007343558607765154
360810922003008,0.002942258183155572
360810889023003,0.014278995514036373
360810539012001,0.002942258183155572
360810799001008,0.03571675564346613
360810694002014,0.005224126719241784
360810654021000,0.0035767760516753
360810189002005,0.002942258183155572
360810991004012,0.004838477116803797
360811207011008,0.002942258183155572
360810517001003,0.0023932385322171144
360811385011004,0.002942258183155572
360810999001005,0.002942258183155572
360810102002003,0.002942258183155572
360810656003007,0.0031205395132312555
360810261004005,0.019724348573530462
360810598001002,0.002942258183155572
360810641021006,0.002942258183155572
360810185011001,0.0029810899235407093
360810235012003,0.03424709007737794
360810525001003,0.0007146317519194814
360810329001004,0.002942258183155572
360810007012006,0.0016659196877046364
360810845002000,0.000926041016802522
360810085001005,0.003748942045300669
360810627001003,0.008958535143345662
360810679003007,0.0029871470944200992
360810054001000,0.0027040062552254026
360810472002008,0.002942258183155572
360810717022001,0.002942258183155572
360810118001002,0.0038473337380764625
360810025001000,0.40614162837538287
360810683001003,0.005113310383269226
360810110001002,0.002942258183155572
360811072011005,0.002942258183155572
360810779061000,0.00103735239011211
360811267003003,0.002942258183155572
360810357001011,0.002942258183155572
360810552002005,0.007398746908518665
360810473001003,0.001447586920443262
360811047005001,0.002942258183155572
360810717013002,0.002942258183155572
360811483001005,0.002942258183155572
360810288021001,0.0014189530516441422
360810646002012,0.0048089794443781884
360810452001008,0.02794009695403094
360810916035009,0.002942258183155572
360810918001006,0.002942258183155572
360810329002006,0.002942258183155572
360810181022001,0.00488760629694538
360811195001008,0.002942258183155572
360810713044002,0.025313260281765924
360810122002007,0.002942258183155572
360811215002005,0.0028146975963090244
360810922003007,0.002942258183155572
360811291022013,0.0011110413836341885
360810568002005,0.004838477116803797
360810992002025,0.002942258183155572
360811099003000,0.002942258183155572
360810991004013,0.002942258183155572
360811017006003,0.002942258183155572
360810629003003,0.0029871470944200992
360810925001005,0.0024425451091510727
360810261002001,0.003680384478112052
360810483021003,0.002942258183155572
360810169002004,0.002942258183155572
360810535011009,0.002942258183155572
360810176002006,0.008958535143345662
360810019021000,0.002942258183155572
360810462002000,0.04040258337127593
360811409011010,0.002942258183155572
360810306001020,0.002942258183155572
360810036001011,0.002942258183155572
360810997011014,0.002942258183155572
360810462002003,0.0001251001386238099
360811377002000,0.008458279431378833
360811377004001,0.002942258183155572
360811429002000,0.027518362186969465
360810680004005,0.003636567675038582
360810656001001,0.002942258183155572
360811047002007,0.0029751486945530786
360811157001000,0.002942258183155572
360811529011005,0.002942258183155572
360810334012005,0.0019340622524883933
360810294001014,0.002942258183155572
360811267001000,0.03962714647405024
360811267003004,0.002942258183155572
360810713064002,0.002942258183155572
360810809004007,0.0019830186469455384
360810424003003,0.002942258183155572
360810637002003,0.005445840957559999
360811579021003,0.002942258183155572
360810687001000,0.014092308897466621
360810713064000,0.003020539403809373
360810542003004,0.00022639098580228792
360810539012007,0.006519224176428386
360810568004001,0.002942258183155572
360810383021035,0.002942258183155572
360810606002001,0.0043830813203034995
360811223003014,0.002942258183155572
360810884004012,0.002942258183155572
360811385011012,0.002942258183155572
360810062022001,0.005585224543387548
360810539011009,0.002942258183155572
360810243002001,0.0029871470944200992
360810623001006,0.003940204182408023
360810792001006,0.002942258183155572
360811551042019,0.002942258183155572
360810694002001,0.005625388987337942
360811291022011,0.005183909830904601
360811385013002,0.022685180916862918
360810368001002,0.004317435767107012
360810199021002,0.0021496800404839805
360811447002016,0.002942258183155572
360811579032006,0.002942258183155572
360810443021006,0.002942258183155572
360810664041002,0.002942258183155572
360810553001005,0.0005485772153143331
360811529011008,0.002942258183155572
360810610001012,0.002942258183155572
360811339001010,0.002942258183155572
360810470002005,0.0033884254711119078
360810135001004,0.002942258183155572
360810373001000,0.0012790618273322322
360810564001004,0.003636567675038582
360810132002005,0.005582553731004396
360811341001000,0.002942258183155572
360811347012002,0.002942258183155572
360810373001006,0.0028503877474443883
360810929005008,0.019679182905172076
360810582001003,0.005113310383269226
360810507001012,0.002942258183155572
360811017005000,0.002942258183155572
360811175001001,0.002942258183155572
360810149002000,0.003311889766744163
360810473002007,0.005113310383269226
360810142021002,0.0018978489209486172
360811551033002,0.002564749435410143
360810115001006,0.002942258183155572
360810117003002,0.004425999958288145
360810645001001,0.002942258183155572
360810981002015,0.002942258183155572
360810513002005,0.002942258183155572
360810317003004,0.004682852901910501
360810317003005,0.006409396458470244
360810426001000,0.004235090514829651
360810621003001,0.0038666181510680765
360811409022012,0.002942258183155572
360810306001019,0.002942258183155572
360811241002005,0.0014205895592354944
360810869001017,0.002942258183155572
360810846011013,0.002942258183155572
360810846021019,0.002942258183155572
360810116002003,0.002485046985392819
360810624001000,0.002942258183155572
360810646002002,0.002942258183155572
360810317005002,0.002942258183155572
360811059004012,0.002942258183155572
360810803012005,0.005565252973135543
360810467004002,0.002942258183155572
360810485002004,0.002942258183155572
360810803013005,0.0029751486945530786
360811567001010,0.002942258183155572
360810997012011,0.002942258183155572
360810189002000,0.003636567675038582
360810567002003,0.0035937415794366594
360810376003008,0.002942258183155572
360811301004005,0.002942258183155572
360810919003011,0.0051414146337740154
360810942021017,0.005247313851950511
360810954001001,0.002942258183155572
360810432001000,0.002942258183155572
360810171011008,0.0033574853551035016
360810580002008,0.0018428144427592556
360810309031002,0.012607957122557223
360811467003008,0.002942258183155572
360810205001011,0.002942258183155572
360810205001017,0.006153955589574124
360810096001002,0.0015560347806712657
360810216032000,0.002942258183155572
360810320001008,0.002942258183155572
360810196001000,0.0012321139311774656
360810568003001,0.04674771348065253
360810054003001,0.002942258183155572
360810054004008,0.004977692994753574
360810216021010,0.008958535143345662
360811215001006,0.005113310383269226
360810779033000,0.0018479117449004662
360810907001006,0.005193526999685609
360811429004007,0.002942258183155572
360811417004006,0.003927330336340247
360810439001003,0.002942258183155572
360810002002000,0.001566740393363079
360810134001001,0.0013384199685710022
360810019011005,0.007320119825951309
360811291041000,0.002942258183155572
360810619001000,0.004616108867161908
360810587001003,0.00018143358951324868
360810367001001,0.0018213634063872356
360811175002004,0.002942258183155572
360810243004005,0.002942258183155572
360810320003007,0.002942258183155572
360810884001001,0.0019365223375635478
360810600001003,0.002942258183155572
360810690002002,0.0011110413836341885
360810654013009,0.0022139480196312067
360810243002016,0.002521153495042705
360810183003002,0.002879871488105625
360810987002000,0.0030282040725048455
360810259001006,0.002327248540065025
360810500001011,0.0024463533750702948
360810158023002,0.011865490517378854
360810205002004,0.011003229834542255
360810997012009,0.002942258183155572
360810413001003,0.05582314210044798
360810171011015,0.002942258183155572
360810814001005,0.0039687897061234205
360810182002004,0.005006212358779423
360810838003005,0.008458279431378833
360810942012007,0.002942258183155572
360810650002000,0.002942258183155572
360810294001003,0.002942258183155572
360810552001018,0.002942258183155572
360811277001016,0.002942258183155572
360810036001008,0.006701100520273579
360810757022004,0.008552831682990791
360810330004006,0.0018479641924402529
360810144001001,0.023276155597006108
360810729002000,0.002942258183155572
360811385011009,0.002942258183155572
360810294002008,0.028980784281228085
360810103002003,0.0032147905893896316
360810019031019,0.002942258183155572
360810964002023,0.002942258183155572
360811155001004,0.002942258183155572
360810749002012,0.002942258183155572
360810448001003,0.0006394179524224578
360810366002006,0.009198022974531445
360811171003006,0.0010755633283923423
360810140001002,0.005301044241729215
360810320001002,0.002942258183155572
360810664011003,0.005113310383269226
360810522001006,0.0035356843908069444
360810528001008,0.004589142276589411
360810320001020,0.005676746837468412
360810282001008,0.008074497606510654
360810637002006,0.002942258183155572
360810132001003,0.002942258183155572
360811129002006,0.002942258183155572
360810461001006,0.004436059590656969
360811551042008,0.002942258183155572
360811579021004,0.002942258183155572
360811099001006,0.002942258183155572
360811099001003,0.0017634418786521646
360810991002001,0.003636567675038582
360810134002003,0.002942258183155572
360811201001002,0.003104647526176151
360810293001010,0.002942258183155572
360810376004006,0.002942258183155572
360810664011000,0.011270818490651908
360810552001005,0.002942258183155572
360810938002002,0.003338246218594939
360810566001001,0.002224451305416864
360810964001022,0.0022139480196312067
360810998021004,0.0002644224734367012
360810306002004,0.002942258183155572
360811435002006,0.002942258183155572
360811403002001,0.002942258183155572
360810632002004,0.008458279431378833
360810638002003,0.002942258183155572
360810330002004,0.0029386811042375264
360810840003002,0.00017432607469039074
360810531003008,0.0033574853551035016
360810656002003,0.002917085486641927
360810113003002,0.0029751486945530786
360811447002006,0.00041449909005999443
360810437023001,0.010935447637194616
360810521001000,0.006366456189987817
360810945001019,0.002942258183155572
360810788001006,0.0009973934761652356
360810266001008,0.002643093582682545
360811141002008,0.005113310383269226
360811139001007,0.002942258183155572
360811059002001,0.002942258183155572
360811157001001,0.002942258183155572
360810934011009,0.0025578539691368013
360810507002008,0.002942258183155572
360810884003006,0.001010664561421078
360811571018001,0.0005972935828889846
360810088002013,0.003399296959674488
360811579023004,0.002942258183155572
360810553001003,0.0006576409624260673
360810559001007,0.026647592295531795
360810166001002,0.002942258183155572
360810512002002,0.002942258183155572
360810540001010,0.00012301690351196638
360811447002009,0.0025493366192288467
360810383021045,0.002942258183155572
360810088002007,0.0031227569641828616
360810679001004,0.00026795551305659927
360810443012004,0.01874430640092183
360810594002002,0.005183909830904601
360810276001003,0.0024725217662207584
360810818001002,0.0010239912693086918
360810516001000,0.0028210847970774615
360810538001006,0.0014489014622748914
360811341003007,0.002942258183155572
360811417003008,0.002942258183155572
360810108002003,0.009549993685826047
360811617002005,0.005183909830904601
360811129001005,0.002942258183155572
360810367002008,0.0012482389305880084
360810245003001,0.0019830186469455384
360810489001013,0.008983659465058575
360810532001009,0.002942258183155572
360810601002004,0.005202891668014967
360810964001010,0.00030594695819092133
360811333001001,0.0012566759835141153
360811377001004,0.002982880178751739
360810769011004,0.002942258183155572
360810394003005,0.00023964333379845136
360811008011001,0.002942258183155572
360810790002007,0.009413081751154255
360810892013002,0.002942258183155572
360810892016007,0.002942258183155572
360810560001001,0.003399296959674488
360811085002000,0.002942258183155572
360810179021015,0.0031345973424804744
360811529023012,0.002942258183155572
360810892011006,0.006409396458470244
360811010021017,0.002942258183155572
360810535011002,0.001325220381744164
360810531003004,0.004676913293731341
360811385021009,0.002942258183155572
360810540002005,0.004241376127441404
360811347021006,0.004482707332303627
360810539012000,0.0033884254711119078
360810641021017,0.004682852901910501
360810809005002,0.002942258183155572
360810352002003,0.00021080115874757765
360810929002003,0.002942258183155572
360810939003006,0.005051075125652375
360811447001000,0.0027040062552254026
360811435002001,0.002942258183155572
360811483003002,0.002942258183155572
360810259001003,0.002942258183155572
360810711001003,0.0019365223375635478
360810635002002,0.004038400758946756
360811085001002,0.008458279431378833
360811193001004,0.0016572535460710983
360811247003002,0.0038301071668031973
360810020001006,0.0035193619745552945
360810247001010,0.0013343155714407875
360810552001012,0.0013671517577133294
360810656001002,0.001794699562729915
360810368002004,0.002942258183155572
360810368002001,0.004267735269593394
360810245001001,0.004814785062850083
360810243002010,0.002942258183155572
360810047001000,0.00041190863083333105
360811039004013,0.012078173104773713
360810489001028,0.0011110413836341885
360810516002000,0.0014205895592354944
360810998015004,0.0074713255107757125
360810170002008,0.002942258183155572
360810884005012,0.00699246701418301
360810306002003,0.0015822266061783715
360810309052005,0.0015822266061783715
360810942034000,0.018397060329652024
360810838003000,0.0020512535964692935
360810204001003,0.003193974796774945
360810450002004,0.002942258183155572
360810366002000,0.007439843887475613
360811033004004,0.002942258183155572
360810214003014,0.002942258183155572
360810124001002,0.002018715926349795
360810235021002,0.002942258183155572
360811017001003,0.002942258183155572
360810220022000,0.002942258183155572
360811163011000,0.00045056163824454894
360810922002004,0.002942258183155572
360810849012003,0.027834601406619554
360810889023002,0.006149583467115155
360810443021005,0.0008913920711348707
360810138002000,0.0024875464834721644
360810646001003,0.004682852901910501
360810919003007,0.008458279431378833
360810664021000,0.0013607433762452326
360810945002005,0.002942258183155572
360811039004005,0.002942258183155572
360811463002010,0.002942258183155572
360811159002002,0.005183909830904601
360810928002013,0.002942258183155572
360810998011009,0.0001629494468165075
360810309032006,0.007738732231829443
360810329001003,0.0018975842580096437
360810840004002,0.002942258183155572
360810432001002,0.002942258183155572
360810707003001,0.002942258183155572
360811579034003,0.002942258183155572
360810664012000,0.0007695145874084094
360810138002007,0.002942258183155572
360811409021005,0.0029599060963856456
360810998011000,0.007833348076063265
360811507011007,0.002942258183155572
360810997033005,0.002942258183155572
360810792002007,0.002942258183155572
360810534011000,0.004838477116803797
360810532001011,0.0031205395132312555
360811257001005,0.00034716289058527223
360811409021002,0.002942258183155572
360810493022004,0.003914258406516637
360810907001030,0.0038866381659909705
360810499002004,0.002942258183155572
360810521002007,0.0019365223375635478
360810097002003,0.0018238246736586243
360810593002001,0.000490052780281268
360811507022003,0.002942258183155572
360810367001000,0.015232345541004777
360811189002001,0.00253639592128443
360811529013001,0.0025783879283612634
360810320002014,0.002942258183155572
360811227031005,0.002942258183155572
360810991005010,0.002942258183155572
360810411002003,0.0059591347433686544
360810495001011,0.004273458823502784
360810892013011,0.0019830186469455384
360811033001002,0.0013256665991120942
360810991005008,0.002942258183155572
360811029001007,0.002942258183155572
360810245003000,0.002942258183155572
360810479002008,0.002942258183155572
360810591004000,0.0017655908946310145
360810591003001,0.002942258183155572
360810663011010,0.002942258183155572
360811093002013,0.002942258183155572
360810444001002,0.002942258183155572
360810510001004,0.003620100096821626
360810219001012,0.004977444876964665
360810499002005,0.0007023515136722476
360810220024000,0.0003722336124593891
360810446011001,0.0006660833532629834
360810716001001,0.0010195681606218077
360810208002012,0.002942258183155572
360810942031003,0.007453156703404124
360810187002002,0.002942258183155572
360810334012013,0.004006306341164918
360811093003009,0.002942258183155572
360810846021025,0.003636567675038582
360810838003006,0.0038391658320857057
360810840005001,0.0039153274235803745
360810679003003,0.002942258183155572
360810297002000,0.004440311682970352
360810383021050,0.002942258183155572
360810493011001,0.0013688631499748861
360810608001004,0.003256578287214156
360810270001010,0.0016591307786960395
360810249002002,0.0006950854165422568
360810042003002,0.002475527373174208
360810723001003,0.002942258183155572
360810669002003,0.002942258183155572
360810462002005,0.0057216579809296715
360810358003006,0.0026313791862839623
360810028002003,0.002942258183155572
360810212001007,0.0018479641924402529
360810614001011,0.00034874931951457005
360810444003010,0.008712325447423671
360810929005013,0.002942258183155572
360810646001001,0.0004077308381229909
360810585003002,0.0008733593311990818
360810716001022,0.002942258183155572
360810918001008,0.002942258183155572
360810309032005,0.0016620150404189967
360810329002001,0.004699619752378513
360811129002011,0.003636567675038582
360811199001009,0.002942258183155572
360810837003003,0.002942258183155572
360810884006007,0.002942258183155572
360810694002006,0.05955812135657361
360810869002009,0.002942258183155572
360810552001007,0.0025783879283612634
360810264001008,0.00253639592128443
360810972041002,0.002942258183155572
360810998021006,0.1826607943848492
360811207011001,0.0014073341788450652
360810991004000,0.002942258183155572
360810128002002,0.001701094014874244
360810212002001,0.0008244477182696936
360810484003001,0.002942258183155572
360810208001008,0.008458279431378833
360811301003000,0.002942258183155572
360810366001013,0.011116615636381381
360810964001014,0.00027996203903182164
360810480001012,0.005585224543387548
360810482001004,0.00026795551305659927
360810294004001,0.002942258183155572
360811403002005,0.002942258183155572
360810320002024,0.002942258183155572
360810500001012,0.002942258183155572
360810038002002,0.0016781751560530143
360811123002008,0.002942258183155572
360810531001011,0.002942258183155572
360810493021004,0.002942258183155572
360810779062008,0.002942258183155572
360810137001009,0.6877920128582063
360811141001012,0.002942258183155572
360810928003004,0.002942258183155572
360810669001004,0.002942258183155572
360810088002012,0.0009909590684695994
360810506002005,0.01081354518347322
360810613014000,0.0016992031566446836
360811451022011,0.009657297428462648
360810245003005,0.004218507907697113
360811207011002,0.001736488966025313
360810595022001,0.004535817819635767
360810007012019,0.002942258183155572
360810180001002,0.002942258183155572
360810158012005,0.004458708909036853
360810194001004,0.002942258183155572
360810717022008,0.001156991734786843
360810713064001,0.002942258183155572
360811403001000,0.002942258183155572
360810294005006,0.00954807638988727
360810536012001,0.002942258183155572
360810928002010,0.002942258183155572
360810383011017,0.002942258183155572
360810869001012,0.0005837125804407136
360810284001000,0.004827147514062905
360811571016013,0.0026313791862839623
360810123013007,0.002942258183155572
360810461002002,0.0029178263108202754
360810411001006,0.03613913935580403
360810094002001,0.004288859353196028
360810432001006,0.0009260579719100349
360811409021007,0.002942258183155572
360810489001015,0.0019871598066127823
360811033002001,0.0012321139311774656
360810654012005,0.0015228814152247084
360810306001027,0.0064528112856072715
360810446011003,0.012865794459464976
360810646001007,0.002942258183155572
360810258002001,0.00842052026095954
360811459001004,0.002942258183155572
360810183005002,0.002017418256619654
360810536011006,0.003850732795222711
360810123011004,0.002942258183155572
360811175001003,0.002942258183155572
360811139003005,0.002942258183155572
360810062011000,0.012896728873411971
360810846021007,0.005905773893134107
360810929005004,0.00015814444649089228
360811483003016,0.002942258183155572
360811483002007,0.002942258183155572
360810259001004,0.0019365223375635478
360810707003003,0.002942258183155572
360811039002008,0.002942258183155572
360810654011001,0.002064713584002482
360811483003014,0.002942258183155572
360811507022012,0.002942258183155572
360811113001006,0.002942258183155572
360810205001025,0.002942258183155572
360810723003004,0.002942258183155572
360810749001007,0.002942258183155572
360811463002004,0.002942258183155572
360810040021010,0.001492153282615135
360811417001008,0.002942258183155572
360810254022000,0.004233147145246828
360810126022003,0.002942258183155572
360811567001006,0.002521153495042705
360810757013003,0.0023339038534311834
360810560002003,0.0001369958656490217
360810580003006,0.006153955589574124
360810398002002,0.0025750927467683643
360811529021003,0.002942258183155572
360810592001002,0.002942258183155572
360810384001008,0.006435936866771321
360811529021001,0.002942258183155572
360810297001009,0.009719655761967401
360811163022001,0.0031100944978668834
360810871002006,0.012336692365527398
360810463002003,0.016035520305630244
360810554001005,0.002942258183155572
360810220013003,0.012869060385880106
360811417001009,0.002942258183155572
360810581002001,0.00860330331275445
360811417001002,0.002942258183155572
360810212002000,0.1191097731867381
360810373002001,0.0017882730108515733
360811441002001,0.0027683565896756968
360811085003007,0.002942258183155572
360810216031002,0.002942258183155572
360810779071006,0.0029599060963856456
360810779051011,0.002942258183155572
360810775001001,0.0037615500957515723
360810424002001,0.002942258183155572
360810424002005,0.002942258183155572
360810424002006,0.002942258183155572
360810007023005,0.0014892511074447842
360810997011002,0.002942258183155572
360811157001005,0.002942258183155572
360810560001011,0.002942258183155572
360811129001001,0.002942258183155572
360811123002000,0.002942258183155572
360811029001005,0.002942258183155572
360810703002004,0.0014897253411639937
360810137001025,0.002942258183155572
360811483003025,0.0007990604816621796
360810198003002,0.007862500778307526
360810553002001,0.011341076281782839
360810680004006,0.009466196378721125
360811579031007,0.0018479641924402529
360810032001002,0.0012758486098441836
360810138002003,0.002942258183155572
360811008031004,0.00038729741488703216
360810884007001,0.002942258183155572
360811133001005,0.002942258183155572
360811347012003,0.0007688045394294306
360810690002011,0.0007178234620460806
360810769012004,0.002942258183155572
360811529011009,0.002942258183155572
360810071002001,0.002942258183155572
360810063002000,0.00036619013427085476
360810589002001,0.00029945580219479254
360811507022007,0.002942258183155572
360810803011005,0.0025145469828878066
360811483004012,0.002942258183155572
360810263002004,0.002004834054747418
360810243002007,0.002942258183155572
360811157001007,0.003636567675038582
360810470002008,0.0011714702655544781
360810240001000,0.020893154762108047
360810934023000,0.002942258183155572
360810500001003,0.00015124815832551298
360810582002005,0.006337770815184561
360810838002006,0.002942258183155572
360810394003002,0.011495524580863236
360810650001004,0.004440311682970352
360810263003002,0.0019340622524883933
360810598002003,0.0008705964604417466
360811579011002,0.002942258183155572
360810568001013,0.005585224543387548
360810086001005,0.002942258183155572
360810235022001,0.025683494894377244
360811175005004,0.002942258183155572
360810945002029,0.002942258183155572
360810682001005,0.0019365223375635478
360810236001003,0.04538257450241378
360810007022002,0.007456016576430935
360810845003005,0.004589142276589411
360810659002003,0.002942258183155572
360810659001006,0.002942258183155572
360810186001002,0.0026769906328380287
360810190001006,0.0017972938389723132
360810258001000,0.00837657735379426
360810116002000,0.0006123128608618036
360810006002004,0.002942258183155572
360810739003001,0.002942258183155572
360810088001005,0.002942258183155572
360810294003003,0.009108472445955406
360810737001003,0.001010664561421078
360811291022000,0.002942258183155572
360810992002007,0.008458279431378833
360810212002002,0.03251604833577759
360810492021004,0.002942258183155572
360811385012004,0.005200298304062428
360811163022000,0.00023340344167633768
360810552002003,0.002942258183155572
360810929005003,0.004754303712780314
360810394002003,0.006790048450919217
360811029001009,0.002942258183155572
360810707002000,0.002942258183155572
360810707002002,0.002942258183155572
360810919002011,0.002942258183155572
360811385011002,0.002942258183155572
360811483002000,0.002942258183155572
360810690001009,0.003748942045300669
360810394001000,0.00013917828505182327
360810381001004,0.005267233593840471
360811175004007,0.002942258183155572
360811247001010,0.0031205395132312555
360810729001004,0.002942258183155572
360810711002001,0.001465884124275636
360810711002003,0.002942258183155572
360810637004000,0.002724859485832458
360810504001001,0.0014205895592354944
360810939001012,0.002942258183155572
360810690002004,0.0010329840604029685
360810532002008,0.002942258183155572
360810840001004,0.0009212256217300343
360811093001003,0.0025783879283612634
360811139002001,0.002942258183155572
360810263003001,0.002942258183155572
360810623002003,0.0009755850933781044
360810542003003,0.0018417086793384094
360810542001000,0.004682852901910501
360810869002005,0.002942258183155572
360810945001013,0.002942258183155572
360810664023002,0.005847155441703107
360810320001014,0.0011606634917669932
360811571022007,0.003261029368656833
360810174001003,0.001900364324728163
360810531002001,0.0049418659327103865
360810411002000,0.009700653012920104
360810440003004,0.00010880580525472016
360811301001003,0.002942258183155572
360810484001003,0.00031864412911664645
360810507001013,0.002942258183155572
360810884001013,0.01793853812231474
360811187002006,0.002942258183155572
360811072011036,0.0013256665991120942
360810743003000,0.0019365223375635478
360810532001005,0.005585224543387548
360810243001011,0.04707518390093605
360810266001004,0.001395689076988057
360810884001004,0.002942258183155572
360811463002001,0.0015822266061783715
360810922002008,0.002942258183155572
360810889033001,0.0019365223375635478
360810925002000,0.004297763188036384
360811571018011,0.0031205395132312555
360810137001001,0.0014748277544062766
360810026001005,0.005756720970472407
360810199011006,0.0027040062552254026
360810557001001,0.0010457846356647605
360810683003002,0.015378419870314748
360810079002003,0.002942258183155572
360810997033008,0.002942258183155572
360810365001003,0.0012753358536733716
360811199001006,0.002942258183155572
360810219001005,0.00026795551305659927
360810779052000,0.0029152886747060842
360810997041000,0.0025783879283612634
360811291023009,0.002942258183155572
360811291021007,0.002942258183155572
360811291023003,0.002942258183155572
360811291022005,0.002942258183155572
360810294001005,0.0018047202766787718
360810260002001,0.018849468702342675
360811451021013,0.002942258183155572
360811409022006,0.002942258183155572
360810489001010,0.0007990604816621796
360810892015002,0.004551364984910585
360810088001001,0.003777419759160405
360810293001001,0.0014105308325559264
360810493011004,0.0019117063881267393
360810371001003,0.015046905089888166
360810381001002,0.03598736466519665
360811459003007,0.002942258183155572
360810500002002,0.014181181047786985
360810680002010,0.005047736623759747
360810297002007,0.002609782175397888
360810235022002,0.0004341441727820467
360810148001000,0.0021799106077575
360810542001009,0.002942258183155572
360810548001001,0.006202380115108136
360810638003001,0.002942258183155572
360810638003000,0.003267371527671819
360810664023003,0.002942258183155572
360810334011004,0.042169489120995156
360810251001001,0.0012138952427951635
360810622002000,0.002942258183155572
360810916036031,0.002942258183155572
360810108001001,0.015183937739981711
360810717022012,0.005679190623342544
360811301003005,0.03375378843424836
360810472001008,0.002942258183155572
360811621005012,0.0004901271621247765
360810581001005,0.0019830186469455384
360810997033003,0.0012566759835141153
360810625002001,0.0002287193596541871
360810929005005,0.002942258183155572
360810306001012,0.002942258183155572
360811223002006,0.002942258183155572
360810085001003,0.013696137903776206
360810618001002,0.002942258183155572
360810118001000,0.002942258183155572
360810034002005,0.0014422629524927252
360810164002002,0.003748942045300669
360810358002005,0.002942258183155572
360810306004002,0.002942258183155572
360811529021006,0.002942258183155572
360810229001000,0.0029871470944200992
360810859002003,0.002942258183155572
360810803011003,0.04237934298633457
360810922002009,0.002942258183155572
360810478021001,0.002942258183155572
360810679003001,0.002942258183155572
360811017007002,0.09815518081734997
360810238001000,0.00047362958912214163
360811441002004,0.002942258183155572
360810618001003,0.002942258183155572
360810954001016,0.010736108495925642
360810654012009,0.0007096087584146477
360810358001004,0.0064939461101213795
360810645002005,0.002942258183155572
360810424003000,0.0029871470944200992
360811093002006,0.002942258183155572
360810057003003,0.0008596334041000845
360811157001002,0.002942258183155572
360810238004003,0.009737221307026287
360810922001006,0.002942258183155572
360810036001009,0.0005228942944037211
360811529022014,0.002942258183155572
360810112002001,0.003399296959674488
360811032013001,0.002942258183155572
360811507024001,0.002942258183155572
360810297002012,0.003931944333928208
360810463002004,0.03631326954473119
360810630002002,0.0462538450358505
360810294005007,0.0033574853551035016
360810987001006,0.002942258183155572
360810152001000,0.007220873019505072
360810942021018,0.009001800305743834
360810518001002,0.0028784970171982158
360810520001004,0.004197938506768244
360811377004004,0.0009288531190106815
360810717022015,0.0020603186876192027
360811529024002,0.002942258183155572
360811257002008,0.0023059554622698146
360811171003003,0.003399296959674488
360811551042007,0.002942258183155572
360810889031010,0.002064713584002482
360811385011005,0.002942258183155572
360811441001000,0.002942258183155572
360810142012001,0.0010909301880383173
360810837002004,0.002942258183155572
360810739001001,0.002942258183155572
360810504001005,0.0007533221947132442
360810153001000,0.008004008472011747
360810511001004,0.004551364984910585
360810206001007,0.038046684143804486
360811029001010,0.002942258183155572
360811032021008,0.0014205895592354944
360810171021006,0.002942258183155572
360810208002003,0.002942258183155572
360811479001008,0.002942258183155572
360811429001003,0.002354623635312376
360810622002001,0.002942258183155572
360810838003001,0.002942258183155572
360811551032001,0.0033574853551035016
360810205001000,0.002942258183155572
360811093003004,0.002942258183155572
360810116001002,0.002942258183155572
360810132001005,0.002942258183155572
360810001041031,0.002942258183155572
360810309061002,0.004328150323335652
360810028002006,0.002064713584002482
360810309041018,0.0049418659327103865
360810099001004,0.002942258183155572
360810294004004,0.006524573607756742
360810272001002,0.002976897792534521
360811617001009,0.0012321139311774656
360810942021009,0.004535817819635767
360810202001009,0.016610216759511083
360810309042006,0.002942258183155572
360810006002003,0.0014280679215400653
360810034001009,0.0053040254844642695
360810739002002,0.002942258183155572
360810633022002,0.002942258183155572
360811227031007,0.0031205395132312555
360811507012010,0.002942258183155572
360811579034001,0.002942258183155572
360810464001011,0.004456963437142091
360810954003003,0.002942258183155572
360811175001000,0.002942258183155572
360810954003013,0.002942258183155572
360810164001004,0.006847427809135048
360811072011033,0.008458279431378833
360810309041016,0.002942258183155572
360810646002000,0.002942258183155572
360810415002001,0.004173497007124715
360810427001002,0.0004331526179687901
360810196002004,0.004535817819635767
360810618001000,0.005746304546602282
360810694002009,0.0011110413836341885
360810680003010,0.002942258183155572
360810368001003,0.005447200524898947
360810185021000,0.002469895052590423
360811171003010,0.002942258183155572
360810938002000,0.0009139753496791434
360811617004000,0.002942258183155572
360811099003005,0.002942258183155572
360810042001000,0.008958535143345662
360810991004017,0.002942258183155572
360810565001007,0.002942258183155572
360810945001027,0.002942258183155572
360811479001010,0.002942258183155572
360810480001004,0.0004932791553519108
360810166001005,0.020673372604678053
360811157001003,0.002942258183155572
360810855004000,0.0002967867479572032
360811241001005,0.0029751486945530786
360810480001000,0.0033953748471643682
360810294002002,0.002942258183155572
360810306004015,0.0012761050869111
360810180001004,0.004589142276589411
360810180001000,0.002942258183155572
360810102001009,0.0049418659327103865
360810654012003,0.0012566759835141153
360810792002002,0.0027737895116188866
360810919002010,0.002942258183155572
360810792002001,0.005437710581374526
360810383021004,0.002942258183155572
360810144001000,0.0007927136391038891
360810504001008,0.002942258183155572
360810119001000,0.00011533413048676375
360810934011006,0.002942258183155572
360810667011006,0.002942258183155572
360810884001015,0.002942258183155572
360810199021019,0.002942258183155572
360811367001003,0.002942258183155572
360810053001001,0.005183909830904601
360810079001002,0.0014475592930401613
360810047001002,0.002520062463301456
360810749002017,0.002942258183155572
360810496002002,0.006514690661319419
360810309041014,0.001555422419860118
360810717014001,0.0029871470944200992
360810595021003,0.003636567675038582
360810745002006,0.001888566312746296
360810621002004,0.002942258183155572
360810171011000,0.0016362374067291842
360811139003007,0.002942258183155572
360810204001012,0.004353434811433561
360810846021004,0.006721797688527854
360810088002006,0.17166460844226838
360811399001005,0.00038580468020979155
360810814003003,0.00999695826266413
360811621004007,0.005183909830904601
360811341003011,0.002942258183155572
360811417002003,0.007481780650164777
360810697024001,0.002942258183155572
360810459001003,0.00257931287227335
360811385021017,0.002942258183155572
360810864002003,0.006337770815184561
360810096002004,0.006475847977880197
360810110002002,0.0012192378828941948
360810285001001,0.007301992256331034
360810934023007,0.002942258183155572
360811059001000,0.002942258183155572
360810719001000,0.002942258183155572
360810680001006,0.0003484668384124607
360810517001007,0.002942258183155572
360811291023000,0.002942258183155572
360811277004008,0.004838477116803797
360810476001010,0.002942258183155572
360810792001010,0.002942258183155572
360810294005008,0.0035126391133696636
360810270001004,0.00151918625101644
360811409022003,0.002942258183155572
360811409022017,0.002540898355293099
360810054002006,0.0017775411628816189
360810183002001,0.01015551043105199
360811467003007,0.002942258183155572
360811579022000,0.002942258183155572
360810606002000,0.002942258183155572
360810929005000,0.005312794256725185
360810939002007,0.002942258183155572
360810476001004,0.002942258183155572
360810010002002,0.0007144743396569088
360810187001007,0.00026246883215689387
360811129001000,0.002942258183155572
360810219001002,0.0022139480196312067
360810022001002,0.002942258183155572
360810749002001,0.002942258183155572
360810973003007,0.002942258183155572
360810556002000,0.002942258183155572
360810954002005,0.002942258183155572
360810972062006,0.0005741503921822424
360810542003006,0.006524573607756742
360810478011000,0.014412472220307582
360810208002000,0.002942258183155572
360810562001005,0.002942258183155572
360810626003006,0.002942258183155572
360810460003005,0.0007269153123722344
360810664032007,0.002521153495042705
360810528001012,0.0015775617194055361
360811579024009,0.002942258183155572
360810085002002,0.002942258183155572
360810400002003,0.0018047202766787718
360810532001002,0.002942258183155572
360810253022008,0.0015190502632524145
360811147001000,0.002942258183155572
360811163021002,0.004551364984910585
360810799002008,0.004113542246949464
360810918001012,0.002942258183155572
360810871002005,0.0003100394119992735
360810884004008,0.0009260579719100349
360811579031010,0.002942258183155572
360810185012002,0.002942258183155572
360810775001002,0.0436264879994616
360810535011007,0.005585224543387548
360810159004001,0.005627221322761083
360810079002001,0.0013256665991120942
360811277001015,0.002942258183155572
360810889032004,0.002942258183155572
360810383011001,0.002942258183155572
360810329003003,0.0019340622524883933
360811429001005,0.002942258183155572
360811451022004,0.002942258183155572
360810997013002,0.003399296959674488
360810934023014,0.002942258183155572
360810938001002,0.03808797765035185
360810942012004,0.001748083749078377
360811047002004,0.002942258183155572
360810309033002,0.002942258183155572
360810987002002,0.002942258183155572
360810694002008,0.00026795551305659927
360810261001001,0.04167525351685023
360810062022002,0.0037064273250928866
360810334011005,0.006475847977880197
360810580002012,0.008458279431378833
360810637003003,0.0004715968562980047
360810270001005,0.0024477662563091914
360811579033010,0.002942258183155572
360810568003002,0.0002495529837393821
360810042001009,0.008958535143345662
360810004001001,0.034171053501949565
360810779025002,0.002942258183155572
360810667012004,0.002942258183155572
360810383011020,0.002942258183155572
360810884003009,0.0009254129402494743
360810790002006,0.004337192856433635
360810411002004,0.004589142276589411
360810330003007,0.002942258183155572
360810489001018,0.002942258183155572
360810508002000,0.0004199530295586579
360810243001005,0.002942258183155572
360810613011003,0.00885813186961587
360810353001000,0.0025619084316391262
360810288021006,0.0018639700072161445
360810884002009,0.002942258183155572
360811479002003,0.002942258183155572
360811159003001,0.020562119454616452
360810999001006,0.002942258183155572
360810079001001,0.0014892511074447842
360811029001004,0.002942258183155572
360810599002001,0.006524573607756742
360810547002000,0.00044148818074347647
360810593002006,0.0005327199600904643
360810577002006,0.002942258183155572
360810991004025,0.002942258183155572
360810446011005,0.008406225983511978
360810507001009,0.002942258183155572
360810779042006,0.0027040062552254026
360810884006011,0.002942258183155572
360810102001005,0.002942258183155572
360810102002004,0.0019062709903731568
360810460002004,0.029231360172081933
360810219001011,0.0005367423350480546
360810246001008,0.002942258183155572
360810208002006,0.013861439545720524
360811621005003,0.006409396458470244
360811459002003,0.0012321139311774656
360810603001005,0.014436081708297435
360810026001000,0.002457321778853697
360810328001001,0.002942258183155572
360810721001000,0.006524573607756742
360810329003004,0.002942258183155572
360810157001000,0.0002038986187837414
360810837003002,0.006160585058697192
360810657031000,0.003519054047580877
360811507011015,0.002942258183155572
360810929002012,0.002942258183155572
360810294003000,0.0001222520179124693
360810472002004,0.002942258183155572
360810440001007,0.006149286861789568
360811283001019,0.002942258183155572
360810610001008,0.003032720858688368
360810238004001,0.002942258183155572
360810309041019,0.0017730110877382608
360810115001005,0.011463151012444996
360810006003009,0.003267371527671819
360810284002007,0.0033328220654457626
360810437022001,0.00964901373283493
360810855002000,0.0024928778612185
360811479001002,0.002942258183155572
360810590001004,0.002942258183155572
360811241001000,0.002942258183155572
360810330002000,0.004156170754297366
360811617001011,0.002064713584002482
360811579032009,0.002942258183155572
360810520001011,0.01734867286306589
360810077001005,0.0038904497524516785
360810713031003,0.004542813613787804
360810717013001,0.003267371527671819
360810693002001,0.008458279431378833
360810616013006,0.002942258183155572
360810443022004,0.0029397179876223217
360810096002000,0.0032923670739373923
360810306001007,0.002942258183155572
360810680004002,0.002942258183155572
360810522001010,0.0017407429545243148
360811093003008,0.002942258183155572
360811175004009,0.002942258183155572
360810731001004,0.002942258183155572
360810697022004,0.002942258183155572
360810531001002,0.0004539068548886688
360811441004003,0.002942258183155572
360810376004001,0.0031986723153835544
360810440003010,0.0009587285949586782
360810846011004,0.002942258183155572
360810838001001,0.0014431924373735055
360811010031000,0.003777419759160405
360810998021005,0.045245017119532105
360811099001004,0.004838477116803797
360810773002000,0.002942258183155572
360810577003002,0.0025434722189794988
360811507012020,0.002942258183155572
360810747001004,0.002942258183155572
360810179011001,0.002942258183155572
360810792002008,0.002942258183155572
360810484001007,0.003106033785611336
360810665013002,0.002942258183155572
360810088001011,0.0019340622524883933
360810294006010,0.002942258183155572
360810991004016,0.002942258183155572
360810007023002,0.003914158564756354
360810551002003,0.002942258183155572
360811010042004,0.002942258183155572
360810916036002,0.002942258183155572
360810100001001,0.005166295431306974
360810032001015,0.005051075125652375
360810592001006,0.002977659863290682
360811617001005,0.0003095786651477396
360811123002004,0.002942258183155572
360810026002000,0.09357724838576163
360811341003008,0.0009968909516634814
360811339001006,0.0016794068931230194
360810845003006,0.002942258183155572
360810638005009,0.006409396458470244
360810664012004,0.00026956273286858433
360810650001006,0.002942258183155572
360810444001005,0.022939765827415626
360810954003015,0.002942258183155572
360811291023001,0.0020988839643524266
360811291022007,0.003636567675038582
360810194002008,0.0028484434077368282
360811333002007,0.002942258183155572
360810512001005,0.0020289590582410317
360811032022010,0.002942258183155572
360810916034012,0.002942258183155572
360810922002006,0.002942258183155572
360811333002001,0.002942258183155572
360811241002003,0.003399296959674488
360810262001003,0.0006096907322513181
360810622001009,0.0005942125016156773
360810232003008,0.002942258183155572
360811483004003,0.0012566759835141153
360811167001005,0.003648644540850703
360810656001006,0.0049418659327103865
360811141002003,0.0024875464834721644
360810115002000,0.0029871470944200992
360811267002003,0.007640024057680379
360811257003004,0.004785850697527067
360810317005016,0.002942258183155572
360810150002004,0.003725373119796445
360810158023000,0.002287275798717293
360810654011006,0.002942258183155572
360810229001005,0.002540898355293099
360810123011007,0.0024875464834721644
360811029001000,0.002942258183155572
360811039002010,0.002942258183155572
360810309052006,0.002064713584002482
360810964001012,0.002942258183155572
360810964002005,0.005585224543387548
360810556002004,0.002942258183155572
360810659002006,0.002942258183155572
360810981001005,0.006524573607756742
360810603001000,0.0018479641924402529
360810595022008,0.0003129623165046837
360811008042003,0.002942258183155572
360810616021008,0.002942258183155572
360810552001001,0.002942258183155572
360810317005013,0.002942258183155572
360810230001002,0.00565360886092716
360810489001027,0.002942258183155572
360810455001000,0.024076930965421944
360810361002004,0.0013529413410928244
360810892018000,0.002942258183155572
360810942033000,0.001958787685971331
360810997051013,0.0021107339481415436
360810938003003,0.03821838874891464
360810922002003,0.002942258183155572
360810657033000,0.005640001961752029
360810007011004,0.0033395084303708277
360810916035010,0.002942258183155572
360810484004005,0.00026795551305659927
360810561001011,0.002942258183155572
360810040011002,0.0147682783486059
360810040011001,0.0021496800404839805
360810779022005,0.002942258183155572
360810779022007,0.002942258183155572
360810779032000,0.0049418659327103865
360811507022013,0.002942258183155572
360811139002007,0.0014892511074447842
360810809007005,0.002942258183155572
360811339001009,0.003399296959674488
360810925003009,0.002942258183155572
360810206001005,0.002942258183155572
360810717021000,0.003112669687463564
360810075001000,0.0009572872425343747
360810057001002,0.002942258183155572
360810629001000,0.0025783879283612634
360810255001009,0.002942258183155572
360810916036022,0.002942258183155572
360810939003009,0.003399296959674488
360810892014013,0.006562014361692927
360810483021009,0.003498305355378961
360810892012007,0.002942258183155572
360810749002005,0.002942258183155572
360810654012006,0.002942258183155572
360810123011010,0.0009349972853227444
360810031002007,0.004589142276589411
360810069002000,0.0018479641924402529
360810545001002,0.0023444827572402273
360810929002008,0.002942258183155572
360810012003001,0.0034952636428969273
360810220013008,0.001298667072940282
360810258001007,0.0038549421720794662
360810568002016,0.002942258183155572
360810596002003,0.0008124035713436599
360811181002005,0.0025783879283612634
360811483002011,0.002942258183155572
360810400001002,0.0049418659327103865
360810525002003,0.002942258183155572
360810287001001,0.0005122673129112225
360810329001002,0.002942258183155572
360810157001008,0.0007504528662851381
360810837002003,0.002942258183155572
360810845003002,0.00954807638988727
360810081001003,0.00036868345239254527
360810659001004,0.002942258183155572
360810884008007,0.002942258183155572
360811507022006,0.002942258183155572
360810357003005,0.004184296725462181
360810095002010,0.002942258183155572
360811301004003,0.002942258183155572
360810476001007,0.002942258183155572
360810042003000,0.0015712031818009998
360810044012001,0.0005289032730700569
360811189001002,0.002540898355293099
360810358002014,0.03713964595237029
360811047003004,0.002942258183155572
360810552002000,0.0016388345189314102
360811241002008,0.002942258183155572
360811567001005,0.031632506078890274
360810547001004,0.001397487433051403
360810991003010,0.002942258183155572
360810837003007,0.002942258183155572
360810542004007,0.016064844784863697
360810954003024,0.002942258183155572
360810168002006,0.015205261004661618
360810045001003,0.003748942045300669
360810803021007,0.002942258183155572
360811017003007,0.002942258183155572
360810116001005,0.002942258183155572
360810373001005,0.0016769042513917938
360810368001004,0.0002186406897824683
360810019031028,0.011345296423931275
360810496002001,0.003636567675038582
360810506002007,0.002942258183155572
360811333004002,0.002942258183155572
360810694002002,0.0015165590045286416
360810972041001,0.002355821317006419
360810998011001,0.002942258183155572
360810567003001,0.0024155425738161033
360810945001028,0.002942258183155572
360810809006000,0.010814869781081801
360810664011012,0.003777419759160405
360810172001007,0.0002511572892125171
360811157001012,0.002942258183155572
360810972071001,0.002942258183155572
360811267001009,0.002942258183155572
360810482001009,0.004933376369721844
360811403002002,0.002942258183155572
360811403001008,0.002942258183155572
360811399002009,0.002942258183155572
360811403002008,0.006524573607756742
360810320002013,0.003116091360157182
360810352002012,0.006902012684475675
360810180001003,0.0011274316536094167
360810664021006,0.0010715059336443944
360810295001001,0.006153955589574124
360810492021008,0.00711366410744019
360810117003003,0.004551364984910585
360811059002004,0.002942258183155572
360811059003002,0.0022139480196312067
360810987001007,0.002942258183155572
360810448001002,0.002942258183155572
360810031002009,0.00031952822456315536
360810645002002,0.002942258183155572
360810723003007,0.0018047202766787718
360810504002001,0.002457321778853697
360811347022005,0.0025176803778499844
360811417002011,0.002942258183155572
360810383021044,0.005641909691377517
360811257002001,0.002942258183155572
360810840004001,0.0032516710556704654
360810104001000,0.014019356242213232
360810220024003,0.014298940189571691
360810547003001,0.00010379597011735832
360810682002008,0.0012321139311774656
360810199012014,0.002942258183155572
360810687003012,0.0009260579719100349
360810916036003,0.002942258183155572
360810398001002,0.00026795551305659927
360810130002004,0.0035264309435982318
360810371001007,0.001338481336449312
360810803013002,0.003364888315401459
360810051001000,0.002942258183155572
360811571012001,0.002942258183155572
360810371001004,0.006475847977880197
360810892012020,0.002942258183155572
360811291021008,0.0038301071668031973
360810007012001,0.002942258183155572
360810306001015,0.0005969131290374128
360810919002006,0.004440311682970352
360810320002020,0.002942258183155572
360810062023005,0.0009322820925736656
360810446021001,0.049877407210578185
360810182001006,0.002942258183155572
360810262001007,0.002457321778853697
360810542003001,0.004682852901910501
360810142022005,0.0033841282339688913
360810123013008,0.002942258183155572
360810549002000,0.004094582392418243
360810132002000,0.002835940409892935
360810540002007,0.002942258183155572
360810502021006,0.0010074261198713868
360811333002003,0.002942258183155572
360810622001012,0.0006058566482820237
360810032001006,0.002942258183155572
360810489001009,0.0006643496445562913
360810254011003,0.0053785244585294
360810818001003,0.0016362374067291842
360810779062007,0.002942258183155572
360810945002022,0.002942258183155572
360810612002002,0.002942258183155572
360811483002008,0.002942258183155572
360811039004011,0.002942258183155572
360810934011010,0.002942258183155572
360810245004000,0.003399296959674488
360810404003001,0.0019340622524883933
360810007022001,0.00040927281617859587
360811175003006,0.006337770815184561
360810317004008,0.002942258183155572
360810142021001,0.2469109773865738
360810638003006,0.002942258183155572
360810366002001,0.0028046288489942243
360810749001000,0.0013688631499748861
360811507013002,0.002064713584002482
360810973002001,0.0022139480196312067
360810981002002,0.002942258183155572
360811039001006,0.002942258183155572
360811039002002,0.002942258183155572
360810916035019,0.002942258183155572
360810916036023,0.002942258183155572
360811097001002,0.002942258183155572
360810142011005,0.0022271734240827757
360810204001014,0.02769718793590671
360810677001003,0.002942258183155572
360810614001005,0.0008596334041000845
360810383021085,0.005807542498433771
360810180001007,0.002942258183155572
360810884003008,0.00041308318826332704
360811571015010,0.002942258183155572
360811529022011,0.002942258183155572
360811551011001,0.0029751486945530786
360810192001007,0.002942258183155572
360810626003000,0.002942258183155572
360810254011005,0.00038533320778770124
360810716001019,0.002942258183155572
360810320001027,0.002942258183155572
360810253022001,0.0049418659327103865
360810383021049,0.0031205395132312555
360810140001003,0.002356119918890531
360810437012005,0.003399296959674488
360811277002002,0.0011110413836341885
360810169003000,0.004440311682970352
360810625001000,0.0024155425738161033
360810625002002,0.0040492418744132825
360810679003004,0.002942258183155572
360810032001011,0.003399296959674488
360810565001002,0.00384619864698771
360810837005004,0.009695530637304668
360810134004001,0.0024155425738161033
360810964002017,0.002136024954591914
360810245004002,0.007676363113343607
360810871002000,0.0001521892448677663
360810997012008,0.002942258183155572
360811385012000,0.002942258183155572
360810020001008,0.0008934707364303249
360810320001022,0.003844540433685317
360810383011023,0.013307623205148875
360811008031009,0.0064031517545236945
360811032021010,0.004849642400039842
360810884001019,0.0019365223375635478
360810371001002,0.004742880221353987
360810220021007,0.0008008585850724274
360810693001004,0.0025750927467683643
360810511001010,0.002606219179383016
360810384001015,0.0028739521387776135
360810480001003,0.002942258183155572
360810916034011,0.002942258183155572
360811291042002,0.002942258183155572
360810671001005,0.005651259211419029
360810663011008,0.001595875254300912
360810619002002,0.002942258183155572
360810629001005,0.002942258183155572
360810695002003,0.0036475828819585105
360811529023007,0.001876194714376191
360810357002003,0.0012321139311774656
360810018001001,0.0004232189508310405
360810352002010,0.0017726369192017756
360810997033001,0.002942258183155572
360810713061001,0.005585224543387548
360810677001004,0.002942258183155572
360810680001014,0.000945643666989532
360810172001005,0.002942258183155572
360811167001010,0.0004388637231382075
360811367003006,0.0037615500957515723
360810155001001,0.00035231533292661224
360810147002000,0.013073912690359943
360810161002002,0.002942258183155572
360810485002002,0.0005166230306506425
360810499002000,0.004182814227340485
360810729001002,0.002942258183155572
360810179021030,0.005183909830904601
360810818003006,0.002942258183155572
360810907001027,0.002942258183155572
360810102002000,0.00021810920175810433
360810458001007,0.006886373788119209
360810383011014,0.0023533476639301205
360810443021002,0.0007711779049757007
360810443011004,0.014705169130760757
360810600001009,0.002654034835795362
360810657032002,0.002942258183155572
360811483002009,0.002942258183155572
360810182002002,0.035592904369633256
360810840005005,0.002942258183155572
360810001041003,0.003730333100710452
360810799001006,0.002942258183155572
360810671001003,0.002942258183155572
360810627001000,0.004038400758946756
360810621001003,0.00268257268284434
360810383021029,0.002942258183155572
360810478012000,0.006524573607756742
360810608001007,0.010281926665381141
360810190001000,0.0013442211514993348
360810186001000,0.00023085722334156443
360810916035003,0.002942258183155572
360810580001008,0.002023016438511574
360810884006003,0.0012321139311774656
360810440001009,0.001070906720003519
360810383021046,0.0011110413836341885
360810638004010,0.002942258183155572
360811507012005,0.002942258183155572
360810552002011,0.0001793876152420679
360811579032008,0.002942258183155572
360810091002003,0.0008109472390316866
360811429002010,0.002942258183155572
360811571014002,0.002942258183155572
360810703002005,0.005113310383269226
360811133002005,0.002942258183155572
360810144001009,0.0027456471330299325
360811171003002,0.002942258183155572
360811159001003,0.0018046001925229684
360810645002009,0.002942258183155572
360810190001004,0.004461566982983942
360810513001004,0.006524573607756742
360810690001011,0.0009923051844035967
360811385021005,0.002942258183155572
360810327002001,0.005221799177235558
360810357001003,0.0033574853551035016
360811193001000,0.0024875464834721644
360810703001005,0.002942258183155572
360810309032004,0.0014472150280293444
360810517001009,0.0019365223375635478
360810506001002,0.008707302943349354
360810939001000,0.0013913746444648724
360811367003011,0.002942258183155572
360810516002005,0.0039874682810394045
360810264002000,0.007453156703404124
360811579021007,0.002942258183155572
360811099001008,0.002942258183155572
360810019031027,0.0040216012025158215
360810567003003,0.002942258183155572
360810169004000,0.351785257752069
360810297001014,0.01722211311725507
360811301002003,0.0007990604816621796
360810889031003,0.002942258183155572
360810964002020,0.002942258183155572
360810468002003,0.0035320492200253397
360810511001011,0.002942258183155572
360810007012004,0.008958535143345662
360811451021010,0.002942258183155572
360810194001010,0.002942258183155572
360810176002003,0.0017840179580672427
360810178002005,0.0042558994200652045
360810531001008,0.002942258183155572
360810471001004,0.0003634723400024748
360810997012003,0.002942258183155572
360810992002016,0.0026313791862839623
360810376002001,0.0022222596172119732
360810580001001,0.002942258183155572
360810440003001,0.006695416026631946
360811301003002,0.003299787624957518
360811141001013,0.002942258183155572
360810981001008,0.002942258183155572
360810616022000,0.002942258183155572
360811017001007,0.002942258183155572
360810097001001,0.005051075125652375
360811247001008,0.002942258183155572
360811333004008,0.002942258183155572
360810019031031,0.002942258183155572
360810560002002,0.002942258183155572
360810542003000,0.0033884254711119078
360811617002008,0.002942258183155572
360810028001007,0.002725078374458333
360811189001005,0.003748942045300669
360810457001005,0.0029751486945530786
360810884005002,0.002942258183155572
360810846021008,0.002942258183155572
360810799002007,0.002942258183155572
360810073003003,0.006462313298256987
360810513001000,0.002942258183155572
360810892018005,0.002942258183155572
360810997043001,0.0012163425975542565
360810687002000,0.005466524473453557
360811291044004,0.002942258183155572
360811291022009,0.002942258183155572
360810095002011,0.00017613771834024244
360810260001002,0.01113808954467094
360811008041012,0.0026570737487482264
360811032013000,0.002521153495042705
360811447002005,0.03269033088087033
360810660002009,0.0031521343792033168
360811385014013,0.0021496800404839805
360810997051016,0.0009260579719100349
360810183005003,0.002942258183155572
360810367002003,0.0033925833434123743
360811579025008,0.00253639592128443
360810637003006,0.002942258183155572
360810803022006,0.005585224543387548
360811039004004,0.002942258183155572
360810939001006,0.002942258183155572
360811247003007,0.002942258183155572
360810351002002,0.006475847977880197
360810251002002,0.002942258183155572
360810156001003,0.0010797379049538496
360810973002007,0.002942258183155572
360810947002002,0.002942258183155572
360811459001001,0.002942258183155572
360810579001002,0.00014041418972261956
360810585003001,0.0009349258263163753
360811399001007,0.002942258183155572
360811403001010,0.002942258183155572
360810110002004,0.002942258183155572
360810682002005,0.002942258183155572
360810071001001,0.0060892288747531245
360810818001004,0.003377623836001382
360810331001000,0.0033884254711119078
360810202001001,0.0009742687850355825
360810253013000,0.002942258183155572
360810309041003,0.002942258183155572
360810297002005,0.0011558449701992914
360810997042000,0.005169018330634294
360811017003011,0.012878454626496356
360810135001001,0.002942258183155572
360810532002003,0.002942258183155572
360810779033006,0.002942258183155572
360810559001009,0.0037615500957515723
360810991005005,0.002942258183155572
360811277002007,0.002942258183155572
360810464001008,0.002942258183155572
360810680001015,0.00830044047007828
360810664021003,0.002942258183155572
360811291031003,0.014206357426434196
360810612002008,0.002942258183155572
360810626003008,0.002942258183155572
360810229001008,0.002942258183155572
360811010043003,0.0010451222195780327
360811463001005,0.002942258183155572
360810052002000,0.0068714720597726495
360810007023007,0.003461709293253944
360811017001000,0.002942258183155572
360810853002001,0.004678530686978166
360810918001005,0.002942258183155572
360811579033011,0.008886352402836162
360810697022003,0.002942258183155572
360810697021004,0.002942258183155572
360810627001006,0.0005367423350480546
360810600001001,0.002096535063740398
360810052001001,0.08062238496867942
360810591002002,0.0002859298933829548
360810259001008,0.0037284804292989676
360810098002000,0.04220674046151085
360810199022012,0.002942258183155572
360810204001006,0.014714286718084736
360810580003003,0.0018479641924402529
360810769011000,0.0031415798332918785
360810054003008,0.0010139061008536982
360811429004008,0.0043830813203034995
360811417002013,0.002942258183155572
360810121001001,0.002942258183155572
360810603001006,0.00285555194667067
360810061002001,0.00015556250911798273
360810997031005,0.002942258183155572
360811471001016,0.0007990604816621796
360810589002000,0.002942258183155572
360811301004002,0.0014205895592354944
360810337001005,0.0029751486945530786
360810291004004,0.006409396458470244
360810306004000,0.002942258183155572
360810510001008,0.006153955589574124
360811291024000,0.002942258183155572
360810002002003,0.0010290396724682476
360811072011017,0.0016362374067291842
360811529021002,0.002942258183155572
360811139001004,0.002942258183155572
360811257001006,0.003685603735128536
360810130001000,0.0021496800404839805
360810083001003,0.002942258183155572
360810415001006,0.003465629180778115
360810376004000,0.002942258183155572
360810803013010,0.0039147701136414085
360811203001001,0.002942258183155572
360810892018003,0.002942258183155572
360810717012001,0.003198837481432362
360810557001002,0.007086647774203255
360810123012010,0.002942258183155572
360810105002001,0.0015759758664060822
360810069002001,0.009595425553237514
360810507001008,0.002942258183155572
360810499002003,0.002488495734322022
360810929005002,0.0016362374067291842
360810216011004,0.002942258183155572
360811163012001,0.0013507243779951024
360811033001003,0.002942258183155572
360811409022005,0.0016362374067291842
360810460003000,0.03922210529813402
360810520001001,0.007670738353785934
360811367006003,0.008651494687816067
360810779051010,0.08862057099852169
360811579013006,0.003777419759160405
360810208001010,0.02188965450881859
360810562001000,0.002942258183155572
360810187001003,0.002942258183155572
360811429001000,0.0007990604816621796
360810814001011,0.003261029368656833
360810424001003,0.0033884254711119078
360810126012001,0.002289191073475268
360810081001001,0.008846772675956608
360810655011000,0.0033753285971179856
360810554002004,0.002942258183155572
360810470002001,0.07345423771759775
360810294002000,0.018713380448303587
360810492012002,0.006757006734270704
360810493021000,0.0004257473316183448
360810086001012,0.003996222944164019
360810034001010,0.001669393728460798
360810043002001,0.0005878283422241896
360810043002005,0.0073362134509565614
360810723001002,0.002942258183155572
360811163013000,0.024140690004389495
360810062011005,0.002942258183155572
360810062026001,0.004838477116803797
360810458001002,0.00253639592128443
360810502021007,0.0021574770461761715
360810476001009,0.002942258183155572
360811571021007,0.0032123823783830638
360811579031004,0.002942258183155572
360810254011007,0.0036430837868223222
360811167001009,0.002942258183155572
360811227043003,0.002942258183155572
360811341003005,0.002942258183155572
360810052002003,0.0026313791862839623
360810954001003,0.0014658864349623175
360810638002012,0.0037615500957515723
360810152001005,0.0001498629200872201
360810158013000,0.003636567675038582
360810085001008,0.005198621369666419
360810137001019,0.002942258183155572
360810579002003,0.003777419759160405
360811385021024,0.002942258183155572
360811047003007,0.002521153495042705
360810599001001,0.0024875464834721644
360810892018009,0.002942258183155572
360810892011009,0.002942258183155572
360810276001009,0.0043830813203034995
360810376005005,0.0012555762197746484
360810616013000,0.002942258183155572
360810347001002,0.014520617220557407
360811417002000,0.002942258183155572
360810697022002,0.002942258183155572
360810697024005,0.0012040230394595951
360810635002006,0.002942258183155572
360810637004003,0.0003810882690337888
360811463001008,0.002942258183155572
360810475002002,0.002693520755157308
360810479001004,0.002942258183155572
360810818002002,0.0029138957121814624
360810992002006,0.004494719236689184
360811133001000,0.002942258183155572
360810749002007,0.002942258183155572
360810136001000,0.002942258183155572
360810437011001,0.009224301545208608
360810565001000,0.002942258183155572
360810263002003,0.009105371171237681
360810916036006,0.002942258183155572
360810916035027,0.002942258183155572
360810179021001,0.002942258183155572
360811008031003,0.0002744639307537315
360811008031005,0.00253639592128443
360811571022003,0.0016362374067291842
360810294004005,0.002942258183155572
360810869002007,0.002942258183155572
360810664022000,0.004776795775260497
360810632002002,0.0029673308959819395
360810320002015,0.002942258183155572
360810178002004,0.0015350135641573677
360810484003005,0.002942258183155572
360810199011005,0.0015424136585659807
360811032022014,0.002942258183155572
360811447001007,0.002942258183155572
360810947001005,0.002521153495042705
360811033003004,0.002942258183155572
360811171001003,0.002942258183155572
360811151001006,0.0019365223375635478
360811059003008,0.002942258183155572
360810884001000,0.002942258183155572
360810458001000,0.0011475190751025122
360811367003016,0.002942258183155572
360810294006007,0.002942258183155572
360811257002000,0.002942258183155572
360810138001001,0.011299721508933271
360810443012001,0.006830134523768682
360810061004002,0.007266570424145526
360810220014002,0.055636896889565156
360810981001009,0.002942258183155572
360810991003011,0.002942258183155572
360810991001004,0.0043830813203034995
360810180001010,0.004537386334206992
360810100001004,0.0008596334041000845
360810288011002,0.0017819826081404448
360811467002002,0.002521153495042705
360811447002004,0.005748315699242782
360810538002003,0.002942258183155572
360811171003007,0.003850732795222711
360811207012011,0.002942258183155572
360811417004015,0.0029751486945530786
360810058004002,0.002942258183155572
360810840002001,0.002942258183155572
360810174002005,0.01221906360211201
360810245002004,0.002942258183155572
360810243004006,0.0002024417086496921
360810907001011,0.0030084068778789648
360810383021028,0.002942258183155572
360810660001009,0.001010664561421078
360811507024005,0.002942258183155572
360811479001013,0.002942258183155572
360810189003001,0.011566818652740814
360810383021086,0.002942258183155572
360810964002019,0.006409396458470244
360811291022004,0.004440311682970352
360810632002009,0.0006626311948289367
360810294006001,0.00074720026157861
360810156001004,0.002942258183155572
360811621005004,0.0017148793689908887
360810153001001,0.0032853074590207918
360810925002007,0.007919547392517736
360810934011002,0.002942258183155572
360811507023012,0.002942258183155572
360810916035023,0.002942258183155572
360810757022012,0.019515215812658297
360811333002000,0.002521153495042705
360810161001000,0.0025354576182769406
360810361002001,0.0014491586512141842
360810245001002,0.002942258183155572
360810086002010,0.001736488966025313
360810892012000,0.011242377994894928
360810376002008,0.0014715837591531878
360811571018003,0.002942258183155572
360810663021000,0.002942258183155572
360810019031008,0.006409396458470244
360810916034030,0.002942258183155572
360811471001007,0.002942258183155572
360810981002005,0.002942258183155572
360810249002001,0.007040484531392609
360810150002005,0.0018439567510031244
360810156002001,0.0010226676268781897
360810154001003,0.001955597970142524
360810556001001,0.003399296959674488
360810638002006,0.0028491614921786514
360810368002006,0.15150300246110657
360810757022001,0.002942258183155572
360810749001003,0.002942258183155572
360810483011004,0.08693961006312699
360810928003011,0.002942258183155572
360810622001003,0.001101262358383247
360810383021043,0.0021069052388618973
360810205002001,0.007882735949734572
360810383021084,0.009970541790662287
360811617001001,0.002942258183155572
360810769012001,0.0038406781095425583
360810803021015,0.004838477116803797
360810554002002,0.0029599060963856456
360810585001003,0.00034513844960512883
360810992002024,0.002942258183155572
360810330003002,0.002942258183155572
360810306005012,0.002942258183155572
360810198003001,0.004361847493326858
360811147001005,0.002942258183155572
360810973001012,0.002942258183155572
360810973003000,0.002942258183155572
360810981001011,0.002942258183155572
360810552001020,0.0049273785165518105
360811241001020,0.002942258183155572
360811571018013,0.011463151012444996
360810557002005,0.004407967891680985
360810549004001,0.35858589167016486
360810134003003,0.0038430270634877543
360810560001004,0.002942258183155572
360811185002002,0.002942258183155572
360811463001002,0.002942258183155572
360811159001001,0.002942258183155572
360810309041008,0.002942258183155572
360810991005016,0.002942258183155572
360811039003003,0.002942258183155572
360810590001005,0.0008596334041000845
360810019031038,0.002942258183155572
360810261001000,0.005749393484385974
360810007011001,0.002942258183155572
360810246001006,0.0014205895592354944
360810580004000,0.00032407621415932067
360810639002007,0.004838477116803797
360810014001004,0.002942258183155572
360810779023001,0.002942258183155572
360811507022014,0.002942258183155572
360810309061001,0.01139990397771149
360810495001013,0.002942258183155572
360810599002000,0.0059362933485241215
360810294001000,0.0031789849305540177
360810788001000,0.004820699322260556
360810384002007,0.0019365223375635478
360810997011004,0.002942258183155572
360811257002005,0.002942258183155572
360811339001002,0.002942258183155572
360810496003000,0.0008280812079261983
360810954003002,0.0006199207252985096
360811385014010,0.003777419759160405
360811291024003,0.002942258183155572
360810619001004,0.002942258183155572
360810663011006,0.002942258183155572
360810621001004,0.002942258183155572
360810383011026,0.002942258183155572
360810929002001,0.002942258183155572
360811171001001,0.002942258183155572
360810151001000,0.01907799398945574
360810309041004,0.002942258183155572
360810111002004,0.002942258183155572
360810123011002,0.003301772853102549
360810101002000,0.01083986149085256
360810238002001,0.0012781081880031508
360811227025006,0.002942258183155572
360810499001001,0.002942258183155572
360810062023001,0.00046834261030496424
360810589003001,0.0018185260873256725
360811301001010,0.002942258183155572
360810460001004,0.013729846668303094
360810656003004,0.004933516717169082
360810687003004,0.002942258183155572
360810512001009,0.003777419759160405
360810475002003,0.017796067620955435
360810185012000,0.001655197061028263
360810590001010,0.002457321778853697
360810721002001,0.00244531890282821
360810916021002,0.002942258183155572
360810306001029,0.002942258183155572
360811551032005,0.002064713584002482
360811207011010,0.002942258183155572
360810659002007,0.005183909830904601
360810679003006,0.002942258183155572
360810317004006,0.0031205395132312555
360810054003003,0.00387292264239423
360811093001001,0.002942258183155572
360810884001018,0.006337770815184561
360810554002003,0.0048106582936958565
360810383021066,0.002942258183155572
360810608001006,0.015568393577801725
360810610001006,0.002942258183155572
360810270001015,0.0014205895592354944
360810309041006,0.005585224543387548
360810033022012,0.002064713584002482
360811507013010,0.002942258183155572
360811507012006,0.002942258183155572
360810088002009,0.002942258183155572
360810184011003,0.0019365223375635478
360810320002011,0.013533422962199665
360810126011002,0.002942258183155572
360810126011004,0.0033884254711119078
360810929003001,0.002355821317006419
360810577001003,0.002942258183155572
360810703002002,0.0004676817675301735
360810667011013,0.002942258183155572
360810266001001,0.0040480800421140006
360810351003001,0.0008596334041000845
360811139003006,0.0021496800404839805
360810309042005,0.0008596334041000845
360810264002007,0.006816568998143952
360811579023000,0.002942258183155572
360811093001007,0.002942258183155572
360810991003007,0.002942258183155572
360810775001000,0.002540898355293099
360810925002001,0.003928044915230351
360810475001008,0.005882707453629399
360811409011009,0.002942258183155572
360811441004004,0.002942258183155572
360810330001008,0.001156991734786843
360810320001012,0.0025516094383687578
360810660002005,0.002457321778853697
360810383021059,0.002942258183155572
360811175003000,0.002942258183155572
360811291041003,0.002942258183155572
360811010021009,0.002942258183155572
360810998021003,0.0016362374067291842
360810497001002,0.008958535143345662
360810664022003,0.002942258183155572
360810143002002,0.002942258183155572
360810669002004,0.002942258183155572
360810088001008,0.0091625691853496
360810641021011,0.024907791092734506
360811399001006,0.0025783879283612634
360811072011014,0.002942258183155572
360810942023001,0.002942258183155572
360810294004009,0.002942258183155572
360811099003004,0.023524735790059172
360810358002008,0.002942258183155572
360810803011000,0.002942258183155572
360811483003013,0.002942258183155572
360810038001008,0.002942258183155572
360810677002004,0.0013688631499748861
360810284002003,0.0008201253420239466
360810814003005,0.005175936629229305
360811207012010,0.002942258183155572
360810555001001,0.002942258183155572
360810461001001,0.0008242304299637552
360810457001000,0.002630799571188094
360810716001030,0.002942258183155572
360810148001005,0.00778614071626725
360810014003002,0.01648131487289407
360810053002001,0.0030588442709953245
360810190001001,0.0006345748831861707
360810363002003,0.004059837467683575
360810614001016,0.002942258183155572
360810206001004,0.006409396458470244
360810452001005,0.002942258183155572
360810792002006,0.03434362018849821
360810192001001,0.00034075125410396316
360811429003001,0.002942258183155572
360810892012005,0.0184191499124571
360810892014008,0.006337770815184561
360810261004007,0.002706791515285411
360810179021031,0.0025783879283612634
360810317003002,0.001989534590723809
360810540001005,0.0029599060963856456
360810568004008,0.0008642205675737619
360810916035025,0.002942258183155572
360810594001006,0.0034087495334403266
360810161002000,0.00023302681259484238
360811479003003,0.002942258183155572
360810398001003,0.002942258183155572
360810058001011,0.002942258183155572
360810697022008,0.003211108691455863
360810052001002,0.0007748161284164536
360811447002002,0.002942258183155572
360810257001008,0.0024678537903734406
360810558001005,0.003267371527671819
360810660002010,0.00011825708395314163
360810656001005,0.00040841923738866833
360811551034002,0.002942258183155572
360811551033001,0.001595875254300912
360811551041005,0.002942258183155572
360811129002010,0.002942258183155572
360810235012000,0.002942258183155572
360810044012009,0.006902012684475675
360810062023004,0.0022139480196312067
360810028001000,0.0005567521321246857
360810973002005,0.002942258183155572
360810939001014,0.002942258183155572
360810564001008,0.0012566759835141153
360810130001004,0.002942258183155572
360810054004007,0.004752147891534019
360810992002002,0.006868241411425237
360810998015007,0.0018047202766787718
360810019021002,0.002942258183155572
360811032022013,0.002942258183155572
360810086001002,0.0034130819808917082
360810749001002,0.002942258183155572
360810045001005,0.014166579886643965
360810208001001,1.5515755308912345
360810568002009,0.0013566686594608253
360810592001010,0.003803599194979132
360810334052008,0.0265108615099518
360811529022009,0.002942258183155572
360811551031000,0.002942258183155572
360810174002003,0.002942258183155572
360810297002008,0.001736488966025313
360811141001001,0.002942258183155572
360810947002005,0.002942258183155572
360811032022005,0.0022139480196312067
360811047001003,0.009441375686006994
360811059001005,0.002942258183155572
360810954002002,0.00013508406569615362
360810954001006,0.017570708596397793
360811277002008,0.002942258183155572
360810317004003,0.0032894077202202574
360811059004008,0.002942258183155572
360810284002000,0.002942258183155572
360810997032003,0.002942258183155572
360810205001006,0.002942258183155572
360810044012000,0.00028811535452034426
360810991003015,0.002942258183155572
360810616012000,0.002942258183155572
360810596002000,0.0015822266061783715
360810510001001,0.002942258183155572
360810309062002,0.0033884254711119078
360810004003002,0.0029095820926377603
360810641011000,0.0040571856076038245
360811257001008,0.001020995620749817
360810779033003,0.0007639352011831105
360811008032010,0.002942258183155572
360811507021004,0.0014130347089963047
360810187003000,0.002638058571966941
360811017002006,0.002942258183155572
360810053002002,0.00119110106018693
360811227021002,0.002942258183155572
360811113003002,0.0038301071668031973
360811283001003,0.004589142276589411
360810150001002,0.002064713584002482
360810964001016,0.004629633346072794
360810508002002,0.05194581540086683
360810095001001,0.0033574853551035016
360810071004005,0.0012321139311774656
360810053003001,0.002942258183155572
360810775002002,0.002942258183155572
360811507022009,0.002942258183155572
360810599002005,0.0007129085867120546
360810493012003,0.002942258183155572
360810357002008,0.002942258183155572
360810769021007,0.0009258177871734738
360810664023004,0.0012799277150460117
360810163003000,0.0001917026461045672
360810103004001,0.006518487501188539
360810565001001,0.002942258183155572
360810577003001,0.005659102466547922
360810456001001,0.002942258183155572
360811579025004,0.0012566759835141153
360811579025003,0.002942258183155572
360810471001003,0.0006574958271643657
360810562001010,0.002942258183155572
360810205001008,0.002942258183155572
360810889031002,0.002942258183155572
360810475001006,0.002942258183155572
360810437022002,0.00035416746564057554
360810402001003,0.002942258183155572
360810001041021,0.002942258183155572
360810019011001,0.004425063509354012
360810799001002,0.0006490138315427774
360810659002000,0.002942258183155572
360810142022009,0.0015206455183076396
360810001012002,0.002942258183155572
360810476002000,0.0014892511074447842
360810144001003,0.000308235516435169
360810043002004,0.002942258183155572
360811157002005,0.002942258183155572
360810779043006,0.001960598862943542
360810591002001,0.002064713584002482
360810446011002,0.0020132635839268495
360811267001006,0.005410268793948844
360810062011009,0.002942258183155572
360811241001017,0.0015706046134602138
360810837001011,0.002942258183155572
360811099001009,0.006337770815184561
360810220013000,0.002942258183155572
360810102001008,0.0008488972550573121
360810208001004,0.002942258183155572
360811072011024,0.002942258183155572
360811072021008,0.002942258183155572
360811205001005,0.0029751486945530786
360811047002005,0.002942258183155572
360810638001005,0.002942258183155572
360810639001005,0.002942258183155572
360810001011008,0.004838477116803797
360810182001011,0.002942258183155572
360810682001004,0.002942258183155572
360810942011008,0.002942258183155572
360810616013007,0.002942258183155572
360810690001000,0.002942258183155572
360810347002007,0.002942258183155572
360810183003000,0.0014237514771307225
360810179021019,0.0028366302508627977
360810709001005,0.0016362374067291842
360810309041012,0.0038301071668031973
360810502021000,0.002942258183155572
360811479003000,0.002942258183155572
360810258001010,0.0009129529607022473
360810999001015,0.002942258183155572
360811010031004,0.0002672068637484377
360810992002014,0.0024155425738161033
360811097001009,0.002893469993719035
360810741001001,0.001010664561421078
360810579002002,0.007878337303662396
360810916034029,0.003399296959674488
360810916035024,0.002942258183155572
360810838004000,0.0037615500957515723
360811097002002,0.002942258183155572
360810158011003,0.05390998823113999
360810512003004,0.002942258183155572
360810328002000,0.0036284092133582815
360810535011000,0.002942258183155572
360810492011000,0.002942258183155572
360810125001005,0.002942258183155572
360810220022001,0.0031205395132312555
360810151002001,0.002942258183155572
360810508002001,0.015879500594838284
360811571022008,0.0037734581164125887
360811451021012,0.002942258183155572
360810683002001,0.005530688879974422
360810306004012,0.0018479641924402529
360810199012004,0.002942258183155572
360810137001027,0.0014892511074447842
360811175003003,0.002942258183155572
360811033003005,0.002942258183155572
360810697023001,0.003645418329578588
360810665011002,0.002231133590467732
360810665013001,0.002942258183155572
360810671001002,0.004589142276589411
360811171001007,0.0024875464834721644
360811189001004,0.002942258183155572
360811241001009,0.002942258183155572
360811157002008,0.002942258183155572
360810645002007,0.002942258183155572
360810721005000,0.003267371527671819
360811617003008,0.002942258183155572
360810687003001,0.0004652649365468647
360810294005002,0.002564749435410143
360810384002008,0.004851680112870233
360810884001011,0.002942258183155572
360810255001015,0.00025379759819942483
360811347022003,0.002942258183155572
360811429004001,0.002942258183155572
360811441004007,0.002942258183155572
360810328001007,0.0026849984727384812
360810526002003,0.0009394852937140851
360811617001004,0.002942258183155572
360810554002007,0.008448241647985704
360810561001003,0.0007719622731725162
360810693002003,0.0049418659327103865
360810697012001,0.0022724270374568575
360810398001001,0.00857578586961921
360810204002006,0.00253639592128443
360810098002004,0.002942258183155572
360811039003001,0.002942258183155572
360810235011003,0.002942258183155572
360811205002001,0.005893408401738161
360811201001004,0.02019338450970482
360810884008006,0.0012566759835141153
360810612002004,0.002942258183155572
360810309061006,0.0009260579719100349
360810928003003,0.002942258183155572
360810964001019,0.00253639592128443
360810814001010,0.006409396458470244
360810892018014,0.002942258183155572
360810892014004,0.002942258183155572
360811621003000,0.0007506676366867383
360810538002000,0.0018879234869131033
360810997032000,0.002942258183155572
360810511001009,0.002942258183155572
360810366002003,0.005558567706740833
360810723003000,0.002942258183155572
360810373002003,0.022065746268071684
360811223001002,0.002942258183155572
360810214003012,0.002942258183155572
360810646001008,0.002942258183155572
360810014001005,0.009457280152092372
360810063003000,0.0055060687791366695
360810205001022,0.006475847977880197
360810253022003,0.002942258183155572
360810028001003,0.003170987786508045
360810251003003,0.003131049296528791
360810954002000,0.0041882754956732195
360810334011006,0.002942258183155572
360810723003008,0.002942258183155572
360810045001006,0.0015014015852331
360810077001000,0.005740244145679095
360810033011003,0.008336339021042775
360810518001004,0.0110672599089589
360810358001000,0.0020532084413250754
360810596001003,0.004551364984910585
360810376002004,0.0001193244599815505
360810007022003,0.006797763370708017
360810703002006,0.002942258183155572
360811571016001,0.002942258183155572
360811205001003,0.00011326750738620422
360810347002003,0.09563032899057547
360810251001000,0.002942258183155572
360810257001001,0.010084722729387338
360810297002009,0.014666708778579356
360810799002004,0.01362400611947099
360810849021000,0.1866838736675876
360810884005004,0.002942258183155572
360810507002007,0.0013256665991120942
360810540001001,0.004838477116803797
360810869002006,0.002942258183155572
360810907001005,0.002942258183155572
360810212001009,0.0013172954139749006
360810792002003,0.004838477116803797
360810424002008,0.002942258183155572
360811451022007,0.002942258183155572
360810997051015,0.002942258183155572
360810625001001,0.002942258183155572
360810612001001,0.002942258183155572
360810062011002,0.004537726352423854
360810182002007,0.002942258183155572
360810656001007,0.010876942305917766
360810198002002,0.001620447669917216
360810012002005,0.00014988513911564527
360810220011005,0.002201625233896453
360810779022003,0.003267371527671819
360810779022001,0.002942258183155572
360810869001004,0.0068750128999030225
360810012003000,0.002942258183155572
360810371001009,0.002521153495042705
360810383021072,0.002942258183155572
360810599001002,0.003748942045300669
360810534012001,0.0022195253694607298
360811227024002,0.007512708561254467
360811277003010,0.009683079508605748
360810499003009,0.005585224543387548
360810719001002,0.001233809121080624
360810357003009,0.002942258183155572
360810621001005,0.009568759664988626
360810922001010,0.003636567675038582
360810593002005,0.0008846969605844386
360810837005007,0.0019365223375635478
360810749001004,0.002942258183155572
360810595012002,0.005536740477297966
360810595011001,0.002942258183155572
360810261004000,0.0014155574392667406
360811367003018,0.002942258183155572
360811579014006,0.002942258183155572
360810593001001,0.002942258183155572
360810907001028,0.004440311682970352
360810058001005,0.002942258183155572
360810749002014,0.002942258183155572
360811093003003,0.002942258183155572
360810086001004,0.013809506782116
360810118002002,0.010222811417149084
360810205001007,0.002942258183155572
360810716001023,0.002942258183155572
360811579033000,0.002942258183155572
360810513001005,0.002942258183155572
360810462003001,0.00039910753000985106
360811529011007,0.005585224543387548
360810650002013,0.005585224543387548
360811215001008,0.0016362374067291842
360810258001006,0.14752355292444386
360811621004008,0.004589142276589411
360810309031005,0.002942258183155572
360810741004002,0.005807542498433771
360810358003008,0.00253639592128443
360811507012016,0.002942258183155572
360810654012002,0.0019830186469455384
360811483002006,0.002942258183155572
360811483001002,0.002942258183155572
360811579034004,0.002942258183155572
360810254023002,0.0028436176313961473
360811385021022,0.014922244790844523
360811247003000,0.002942258183155572
360810942023008,0.002942258183155572
360810739004000,0.002942258183155572
360810857001000,0.015212341888889903
360810803011001,0.0011678259585988177
360811617003006,0.002942258183155572
360811029002000,0.002010720162055006
360810521002003,0.0007990604816621796
360810633011001,0.0058351871664829216
360811483004018,0.002942258183155572
360810284001011,0.002942258183155572
360810690002010,0.013392922262231358
360810680003012,0.005807542498433771
360810179021005,0.006166342389861767
360810189002004,0.002942258183155572
360810723002010,0.005113310383269226
360811463002002,0.003862211469658749
360810317005003,0.002942258183155572
360810518002004,0.002942258183155572
360811167001011,0.002942258183155572
360810998011007,0.002942258183155572
360810577002000,0.20408427758266212
360810779021001,0.002942258183155572
360810916034028,0.002942258183155572
360811207012013,0.002942258183155572
360810472002006,0.006409396458470244
360810838003002,0.0036272060153564856
360811159001004,0.0018479641924402529
360811047003000,0.005807542498433771
360810150002002,0.0027000083489961873
360811617004002,0.002942258183155572
360810500002004,0.005335578266001296
360810525002007,0.0003057708246194409
360810411002002,0.0006045359856017887
360810495001012,0.008958535143345662
360810306001008,0.007507130023834774
360811301001002,0.0025783879283612634
360811621003001,0.0024875464834721644
360810552002009,0.001991003584887596
360810404001002,0.013865910725053204
360811617003007,0.002942258183155572
360810125002004,0.0011463320490597937
360810964001001,0.003462969504317797
360810510001003,0.0019340622524883933
360810140002000,0.002942258183155572
360811039003012,0.002606219179383016
360810383021001,0.002942258183155572
360810524002005,0.0018479641924402529
360810512001002,0.002942258183155572
360811385021015,0.002942258183155572
360810124002000,0.0061286645845662095
360810240002001,0.02094999232228347
360810086002005,0.002942258183155572
360810606002002,0.014661583683847582
360810180001011,0.0020088920948242456
360810814003000,0.003148105565636562
360810528001013,0.004682852901910501
360811447001006,0.0023533476639301205
360811123002009,0.002942258183155572
360810551004002,0.0001844091048312476
360810461002003,0.1120538618171825
360810884004002,0.002942258183155572
360810086001007,0.019275230363249123
360810999001008,0.002942258183155572
360810243004010,0.0010967727045970222
360811141001002,0.002942258183155572
360811151001009,0.0026313791862839623
360810187003002,0.0019340622524883933
360811507022010,0.006475847977880197
360810361001001,0.019379323015380544
360811483004009,0.002942258183155572
360810452001006,0.0008267117451558246
360810294006006,0.00014181987090857427
360810196001007,0.00582439172024599
360810182002005,0.0032053905094094628
360810352002001,0.0006015601953705912
360810515001000,0.002146262920793761
360810206001003,0.005017262096991494
360811010021000,0.0014892511074447842
360810992002013,0.002942258183155572
360810038002003,0.0019591061463126126
360810884005009,0.00441970838289697
360810580004006,0.002942258183155572
360811529011013,0.002942258183155572
360811571022000,0.002942258183155572
360810032001013,0.005545971366365725
360810916032011,0.002942258183155572
360810809005003,0.002942258183155572
360811417005009,0.012669391046389547
360810379001001,0.012305300944127743
360810939003008,0.003748942045300669
360811471001014,0.00235868894130335
360811471001015,0.0013396499178674887
360811447001005,0.006942566959709861
360811017005012,0.002942258183155572
360810153001004,0.008458279431378833
360810517001001,0.002942258183155572
360811385021002,0.002942258183155572
360811113003011,0.0008596334041000845
360810219001022,0.002942258183155572
360810014001000,0.004838477116803797
360810641021001,0.006337770815184561
360810769011005,0.002942258183155572
360810549004004,0.0002753394935511514
360811039001002,0.002942258183155572
360810513002001,0.002942258183155572
360810187001004,0.002942258183155572
360810719001005,0.002335146890214697
360810592001013,0.00026795551305659927
360810184011010,0.011357258460110453
360811409021011,0.002942258183155572
360810164002005,0.003134425914378903
360810152001002,0.002942258183155572
360810665011006,0.002942258183155572
360810260002007,0.01777227096903437
360810626001008,0.0019113599767868646
360810799002001,0.00454851815365356
360810869001019,0.049813940130958946
360810379003003,0.6651364486860117
360810717013000,0.012655965367606246
360810055001006,0.002942258183155572
360810507002002,0.0019830186469455384
360811047003008,0.002942258183155572
360810152001001,0.002942258183155572
360810837001009,0.002942258183155572
360811151001012,0.002942258183155572
360810007012017,0.002942258183155572
360810220011000,0.002942258183155572
360810317001001,0.006902012684475675
360810306001028,0.002942258183155572
360810424003007,0.0029871470944200992
360811133002008,0.002942258183155572
360810007012003,0.002942258183155572
360810061004001,0.0043830813203034995
360810633021003,0.0019941650311772093
360810439002003,0.03130659733150632
360810294004006,0.002942258183155572
360810306002002,0.004440311682970352
360811141001016,0.002942258183155572
360810058001002,0.003296339134305477
360810334012014,0.01638951961749848
360810194002004,0.01839106758521837
360810713061000,0.0007124789420096708
360810506001005,0.005585224543387548
360810568003004,0.009151915020993292
360810103001001,0.002942258183155572
360810038002000,0.0038987334979143484
360810220024005,0.002942258183155572
360811008031002,0.0015061442599491335
360810111002005,0.004440311682970352
360810022001003,0.010949562338672834
360810414001009,0.002355821317006419
360811199001004,0.0017019577799846067
360811141001015,0.002942258183155572
360811333002006,0.004535817819635767
360810517001014,0.002509296649693456
360810493022006,0.003636596649554911
360811215003003,0.002942258183155572
360810216011002,0.002942258183155572
360811377003003,0.005807542498433771
360810075001002,0.00015579151431707104
360810671002008,0.002942258183155572
360810663012001,0.0049418659327103865
360810593001000,0.002942258183155572
360810328001005,0.0020577082867461395
360810639001004,0.0033574853551035016
360811417001006,0.001665171405607308
360810599001003,0.002942258183155572
360810679001000,0.002320435574027522
360811032023000,0.002942258183155572
360810723002009,0.002942258183155572
360810087002002,0.003994871445808203
360810183005004,0.0009260579719100349
360810297001010,0.001368657697406132
360810163001002,0.00031053621193960105
360810485003000,0.000656364675818669
360810916041001,0.002942258183155572
360810001041010,0.002942258183155572
360810954001012,0.0005961710131417911
360810551003001,0.0021107339481415436
360810179021029,0.0021496800404839805
360810358002012,0.001624365306096261
360810525002004,0.002942258183155572
360810329003005,0.015285809176992304
360810187002001,0.001745115527020766
360810088002000,0.004589142276589411
360811579031009,0.0043830813203034995
360811617004013,0.0013365118590361962
360810294001002,0.0027250582104409384
360810188001000,0.0012049212853719794
360810938003009,0.002942258183155572
360810108002000,0.004260465974650346
360810095001004,0.002942258183155572
360810713031000,0.0029599060963856456
360810656001012,0.0014136477139873372
360811385014002,0.002942258183155572
360811507012001,0.002942258183155572
360810846021018,0.002942258183155572
360810135001002,0.002942258183155572
360810294006012,0.0012395199937612954
360810184022004,0.002942258183155572
360810208001013,0.0025254980317089035
360810837001007,0.002521153495042705
360810471002000,0.020633698470625086
360811399002008,0.002942258183155572
360810320004012,0.002942258183155572
360810690001005,0.003423975704921863
360811621001007,0.002942258183155572
360810019031002,0.002942258183155572
360810033011014,0.003748942045300669
360810219001015,0.002942258183155572
360810703001006,0.002942258183155572
360810128002000,0.002942258183155572
360810411001005,0.02613624573072041
360810837005005,0.001163273454828084
360810502021004,0.008886352402836162
360810646002010,0.003267371527671819
360810682001002,0.0013909593395903428
360810840001005,0.002942258183155572
360810140001001,0.0043830813203034995
360810916034009,0.002942258183155572
360811451011009,0.002942258183155572
360810972021009,0.0014136440691335543
360810182001001,0.02479263564526525
360810249001000,0.005585224543387548
360811008042008,0.006153955589574124
360810840003004,0.09744825267862824
360810199022006,0.002942258183155572
360810511002003,0.002942258183155572
360810554002001,0.0008136010646465684
360811141001010,0.002942258183155572
360810665011003,0.002942258183155572
360810377001000,0.0004977634540080246
360811247001004,0.0007990604816621796
360810496003002,0.019132397941065728
360810208002019,0.0051709933388682135
360810220012005,0.4854838544374971
360810140002002,0.002942258183155572
360810214003006,0.002942258183155572
360810214003003,0.0020161231151786616
360810693001001,0.46258172994730995
360810555002001,0.00017797679318661236
360810142022006,0.003753308924307653
360810439002007,0.047526999754426924
360810919003004,0.0084289468320616
360810526002002,0.00337192464100582
360811571016004,0.002540898355293099
360811571017006,0.003748942045300669
360811435001006,0.0013688631499748861
360811467001004,0.001538745434749292
360810028002002,0.0022108717792560634
360810861002005,0.0007039598735302
360811247002002,0.0018479641924402529
360810461002004,0.002521153495042705
360810400002004,0.007876061537200725
360810243001002,0.002942258183155572
360811617003011,0.002942258183155572
360811403002009,0.002942258183155572
360811529013006,0.00253639592128443
360810253012002,0.0025783879283612634
360811483003007,0.002942258183155572
360810568004002,0.00038137769097777187
360810444002003,0.001010664561421078
360810797012000,0.002942258183155572
360810446012001,0.002942258183155572
360811291023004,0.002942258183155572
360810650002006,0.002052160351224034
360810254023003,0.3900180458901228
360811451022013,0.002942258183155572
360810916034016,0.002942258183155572
360810568004009,0.002942258183155572
360810235011004,0.002942258183155572
360810737002005,0.002942258183155572
360810594001005,0.002942258183155572
360810243002002,0.002942258183155572
360810892012001,0.002942258183155572
360810450001009,0.0020643009172929736
360811441001001,0.002942258183155572
360811039003002,0.002942258183155572
360810663021001,0.0005959786636347122
360810001011000,0.004589142276589411
360810664033000,0.002942258183155572
360810404003002,0.0007267812402346555
360810515002004,0.0025783879283612634
360810148001012,0.009731714543200234
360810556001000,0.013885781349739064
360810368002005,0.002942258183155572
360810368001006,0.0049418659327103865
360810024002004,0.0007990604816621796
360810757022015,0.002942258183155572
360810889031009,0.002942258183155572
360810493012002,0.005475037152449801
360811417005000,0.004342248232727215
360811129001010,0.002942258183155572
360811377003001,0.00476309967118312
360811227041001,0.0017284817919712616
360811347022007,0.0033884254711119078
360810922002012,0.002942258183155572
360810922002007,0.002942258183155572
360810663012002,0.0019303683257487628
360810614001012,0.0014892511074447842
360810283001000,0.0006021536772067726
360810006001001,0.0009036703742696967
360810814003002,0.007117621294371284
360811151001007,0.002942258183155572
360810568004004,0.0016506000821020972
360811032013004,0.0016131492212888064
360811529023010,0.003267371527671819
360810809007002,0.0008038533139590483
360810384001014,0.00010503216139514038
360810376004011,0.002942258183155572
360810251004002,0.05181650205248432
360810997041001,0.004240100702596799
360810922002011,0.002942258183155572
360810892016009,0.010949562338672834
360810677002003,0.002942258183155572
360810639001006,0.016803139741354448
360810184011000,0.005960494146501985
360811291043001,0.002942258183155572
360810837003004,0.010422320935795329
360810942031008,0.00010345928658499842
360810942023012,0.0012566759835141153
360810654012007,0.0008796086889916396
360810664012006,0.0017577814252725274
360810383021021,0.002942258183155572
360810775002001,0.002942258183155572
360810044011007,0.0032861043593936197
360810997011012,0.00790075921077786
360810934022002,0.00481123625158594
360811417003001,0.002942258183155572
360811403002010,0.002942258183155572
360810606002005,0.002355821317006419
360810398002005,0.002942258183155572
360811551041001,0.0033884254711119078
360810660002008,0.004497909202133612
360811072011011,0.002942258183155572
360810099001000,0.002942258183155572
360810309062003,0.002942258183155572
360810779043002,0.003070489217752048
360811032013005,0.02837616318189863
360811507011002,0.002942258183155572
360810693002002,0.00175102651124275
360810255001006,0.0029751486945530786
360810331001002,0.002942258183155572
360811429003000,0.002942258183155572
360810907001020,0.0020012093354032866
360810152001004,0.002942258183155572
360810164001001,0.002942258183155572
360810468001001,0.032650991472893263
360810073001002,0.0006226102451095392
360810671002003,0.002942258183155572
360811085001000,0.002942258183155572
360810306003011,0.002942258183155572
360810619001005,0.004886187281053518
360811047001002,0.00235868894130335
360810567001005,0.002942258183155572
360810613012002,0.00403098802770671
360810892016006,0.003777419759160405
360810478012009,0.002942258183155572
360810145002000,0.0032437694187828323
360810171021000,0.005017262096991494
360810103001004,0.0012944571358879246
360811029001017,0.0033884254711119078
360810779062001,0.002942258183155572
360810999001017,0.002942258183155572
360810954001005,0.003465352569967708
360810637001002,0.002942258183155572
360810664031007,0.004795755518331608
360810219001009,0.0038301071668031973
360810589003002,0.0008688594217654735
360810198001004,0.0007690957987158965
360810502021010,0.004838477116803797
360810383021007,0.002942258183155572
360811479002000,0.013513394431598085
360810680004007,0.002942258183155572
360810916021001,0.002942258183155572
360810838002005,0.011096688404092963
360810619001010,0.002942258183155572
360810309061000,0.005585224543387548
360810690002003,0.002942258183155572
360810258001004,0.002942258183155572
360811621004006,0.008958535143345662
360810122001007,0.0002548314877634192
360810747002005,0.002942258183155572
360810799001000,0.006537880367759171
360811033002006,0.002942258183155572
360810270001007,0.014696256020364982
360810192001000,0.002942258183155572
360810991004018,0.002942258183155572
360811247002010,0.002942258183155572
360810383021034,0.004447495997911255
360810462003006,0.0714940592492274
360811291042005,0.0028943456455352307
360810352001003,0.0018047202766787718
360811579016010,0.002942258183155572
360810124002002,0.03178336654057827
360810152001006,0.0028210847970774615
360811072011022,0.002034671643739341
360811072011029,0.002942258183155572
360811072011027,0.002942258183155572
360810863004001,0.010457096106821297
360811047003005,0.0011110413836341885
360810532001012,0.002942258183155572
360810616021004,0.0003440148303064276
360810520001008,0.0036835205742026963
360810518002002,0.002942258183155572
360810376001000,0.00279836248787693
360810366001007,0.0039007137340235053
360810560001003,0.002942258183155572
360811097002005,0.0024155425738161033
360810183001001,0.0052731832752870396
360811195001005,0.002942258183155572
360810641021002,0.002942258183155572
360810285001000,0.0019178300863768214
360811451022010,0.0029204197312524766
360810457001002,0.0017610158235402966
360811347021001,0.002942258183155572
360811333001003,0.002942258183155572
360811277004007,0.002942258183155572
360811032021005,0.002942258183155572
360810992002021,0.002942258183155572
360811097001012,0.002942258183155572
360810555002002,0.00012890728401624736
360810947001003,0.0006459984884317778
360810945002026,0.004981986419464776
360811175004004,0.002942258183155572
360810552001010,0.0008789399008299426
360810152002001,0.00032346223362364327
360811435001009,0.005113310383269226
360811403002007,0.002942258183155572
360810330001004,0.0016031109743669095
360810192001006,0.0001579394229163066
360810153001005,0.004088508370516118
360810568004013,0.0042533259577250526
360810538001004,0.006529475207301232
360810869001006,0.003267371527671819
360810376003007,0.002942258183155572
360810809007008,0.002942258183155572
360810809007007,0.002942258183155572
360811033004008,0.002942258183155572
360810981002012,0.003636567675038582
360810635001003,0.002942258183155572
360810192001002,0.0023907096886391674
360811377003000,0.002064713584002482
360810660001007,0.009770373498944041
360810500001004,0.006118242353631646
360810582002002,0.002942258183155572
360810845003004,0.00028465809389395747
360810044011006,0.0026313791862839623
360810745001004,0.0006031121809444109
360810202001004,0.002942258183155572
360810294002004,0.0014205895592354944
360810779051008,0.002942258183155572
360810264001007,0.0032809964889271527
360810432001010,0.00014143490442304545
360810040021007,0.0010910962382687855
360811181001005,0.001010664561421078
360811399001010,0.006153955589574124
360811367003007,0.002942258183155572
360810434001006,0.0013688631499748861
360810266001002,0.0007750923192778451
360810309032003,0.001466629258526657
360810459002001,0.006993103265568771
360811579023007,0.0018879234869131033
360810846012011,0.002942258183155572
360810434001000,0.002942258183155572
360811409021004,0.002942258183155572
360810243004007,0.0024875464834721644
360810623001000,0.0022139480196312067
360810515003002,0.002942258183155572
360810884001005,0.030382411056911092
360810383011010,0.002942258183155572
360810749002013,0.002942258183155572
360810717022004,0.002942258183155572
360810460002006,0.0009685626752521458
360810194002001,0.002064713584002482
360811579024001,0.006902012684475675
360811429003010,0.002942258183155572
360811347011003,0.0005736435430995807
360811339001011,0.002942258183155572
360810158013001,0.003748942045300669
360810560002004,0.002942258183155572
360810199012010,0.002942258183155572
360811175001002,0.002942258183155572
360810919001006,0.0031205395132312555
360810124002006,0.004702876049025775
360811227031000,0.002942258183155572
360810142012005,0.010088103168562136
360810026002002,0.0004979387484097506
360810137001014,0.002942258183155572
360811139002004,0.002942258183155572
360811529011018,0.002942258183155572
360810622001015,0.002942258183155572
360810622002004,0.011416377108496412
360810616012008,0.002942258183155572
360810929005010,0.002942258183155572
360811085001004,0.002942258183155572
360811175001005,0.002942258183155572
360810083002005,0.0019830186469455384
360810297002013,0.000419546103470724
360811185001000,0.002942258183155572
360810022001000,0.006031483685119452
360810265021008,0.002942258183155572
360811571015005,0.002942258183155572
360811129001006,0.002942258183155572
360810757022007,0.005051075125652375
360810757022014,0.002942258183155572
360810033022002,0.020870289251084286
360810033021003,0.004299970024530221
360810513002003,0.0002742803916864278
360810621003000,0.00038866854047701915
360810713051002,0.003636567675038582
360810055001004,0.004535817819635767
360810383021080,0.002942258183155572
360810861002001,0.006409396458470244
360810467004003,0.004418306504336734
360810922001012,0.002942258183155572
360810809003002,0.002942258183155572
360810918001013,0.002942258183155572
360810849012005,0.0011803743720734683
360810593001004,0.002942258183155572
360810729002004,0.0019073626946042607
360810889031011,0.002942258183155572
360811579012003,0.002942258183155572
360810626001005,0.00017882498435047126
360811617004007,0.002942258183155572
360810309041015,0.005051075125652375
360810309042004,0.0033076339311219377
360811010041002,0.002942258183155572
360810987001008,0.002942258183155572
360810981002008,0.005051075125652375
360810633021000,0.002942258183155572
360810871002014,0.002942258183155572
360810594001001,0.002942258183155572
360810007023008,0.002942258183155572
360810368002007,0.0026679885371382606
360810424003008,0.002942258183155572
360810616022005,0.002942258183155572
360810864002006,0.0025783879283612634
360810561001006,0.005585224543387548
360810664032002,0.018299490278554285
360810040021008,0.002942258183155572
360810010001002,0.9105358762713892
360810214002007,0.0023560532206508135
360810779081001,0.002942258183155572
360811215001005,0.002942258183155572
360811227031003,0.0019575230971015656
360810383021077,0.0019340622524883933
360810383011025,0.002942258183155572
360811008031010,0.0018479641924402529
360811032021003,0.008458279431378833
360810459001004,0.005264895584685542
360810630001003,0.001407849763182022
360810063004002,0.010908095665249421
360810071004003,0.006337770815184561
360811417002010,0.002942258183155572
360810837005002,0.0019365223375635478
360810052001007,0.0019340622524883933
360810472002007,0.002942258183155572
360810297001013,0.002942258183155572
360810455005000,0.024853126346693337
360811277004004,0.0007796672128610162
360810095002006,0.002942258183155572
360810004002003,0.0021930162655046095
360810505001010,0.0020244083994688175
360810677002002,0.002942258183155572
360810607011001,0.00253639592128443
360810357002007,0.003981313991065204
360811141002001,0.002942258183155572
360810101002002,0.002942258183155572
360811059001007,0.002942258183155572
360810799002005,0.003203668541646053
360811417001007,0.002942258183155572
360810945002017,0.002942258183155572
360811417004007,0.002942258183155572
360811429002001,0.002942258183155572
360810991004007,0.002942258183155572
360811227021000,0.0018352298628594762
360810521002005,0.002942258183155572
360810589001000,0.002003704993350206
360810216021007,0.002942258183155572
360810567003002,0.044972110691996844
360810947002007,0.002942258183155572
360810709001007,0.002942258183155572
360810999001019,0.002942258183155572
360811367005002,0.002457321778853697
360810198001000,0.010049652193466707
360810171021002,0.012991014867657354
360810172002002,0.002942258183155572
360810562001011,0.010602309946369933
360810838003003,0.002521153495042705
360811529022004,0.002942258183155572
360810309041017,0.002942258183155572
360811617004004,0.037219148632542144
360810006002000,0.002942258183155572
360810623002005,0.002942258183155572
360811207012003,0.002942258183155572
360810512001008,0.007359261923058655
360810593002000,0.008958535143345662
360810846012000,0.0010990042043271457
360810115001002,0.025067501327147298
360810190002003,0.006902012684475675
360811187001003,0.002942258183155572
360810757012001,0.0027346211345261715
360810667011015,0.0006290765798349138
360811529012004,0.0013688631499748861
360810144001010,0.002942258183155572
360810208001006,0.0019830186469455384
360811072011020,0.0008596334041000845
360810137001003,0.002942258183155572
360810018002000,0.00044197750457873505
360811193001002,0.0013256665991120942
360810892018011,0.002942258183155572
360810448002000,0.0026166517803140645
360811191002003,0.002942258183155572
360810443012000,0.00010725857688156487
360810517001015,0.0036348626356736977
360810601002000,0.008458680905819832
360811483004000,0.0022139480196312067
360810869001010,0.02824075024505339
360811529021007,0.002942258183155572
360810334012003,0.04086261485843578
360810283001001,0.002581968924759094
360810055001008,0.004838477116803797
360810697022001,0.00024625758119231167
360810525002006,0.002942258183155572
360811199001008,0.0025783879283612634
360810383011003,0.002942258183155572
360810568001008,0.002942258183155572
360810997043003,0.002942258183155572
360810134002006,0.002942258183155572
360810629003000,0.001530641812929549
360810987002006,0.002942258183155572
360810919002005,0.0017222161709714522
360810334012009,0.0018221572002548724
360810520001006,0.00011162384352451036
360810528001001,0.001714054120456928
360810199012013,0.002942258183155572
360810212002006,0.002942258183155572
360811227043005,0.002942258183155572
360810639002001,0.002942258183155572
360810916036016,0.002942258183155572
360810404002003,0.0005249000153594846
360810007012018,0.002942258183155572
360811403002000,0.001736488966025313
360810330003004,0.00017527757974813003
360810330002003,0.002942258183155572
360810502021002,0.0018066089064742528
360810088001015,0.002942258183155572
360810568001014,0.002942258183155572
360811347022001,0.001499480810782835
360810444003005,0.008016021755886815
360811171003000,0.002942258183155572
360811059002006,0.002942258183155572
360810928003001,0.003399296959674488
360810892014001,0.002942258183155572
360811579012009,0.002942258183155572
360811267002005,0.002942258183155572
360810731002000,0.002942258183155572
360811072011023,0.002942258183155572
360810443023001,0.03178186234306708
360810055001003,0.0064528112856072715
360810992001006,0.029955431681729417
360810992002012,0.002942258183155572
360810745002004,0.0033884254711119078
360810100001000,0.05386564062773017
360810687003002,0.002942258183155572
360810922001004,0.002942258183155572
360810697024000,0.0010534697755329545
360810280001009,0.001255591033614633
360810814002003,0.20308502335352183
360810818002000,0.05126379695304918
360811447002015,0.008314020927534006
360810123013003,0.0022412986799517053
360810475001002,0.006083564281693852
360810717014002,0.0016152944435356752
360810687002003,0.00291000866652025
360810098001005,0.03680684514671704
360810096001003,0.0006013700892073781
360810437021000,0.004630517981243987
360811047002002,0.005051075125652375
360810757022011,0.002942258183155572
360810470001008,0.014901271933598727
360810773003006,0.002942258183155572
360811283001005,0.004535817819635767
360811451021007,0.006435936866771321
360810929002010,0.0027040062552254026
360810147003002,0.002412888284985789
360810259001009,0.004676697680637646
360810058003008,0.005898116139558387
360811529011012,0.0011110413836341885
360810916035022,0.002942258183155572
360810297001000,0.002942258183155572
360810400002000,0.005585224543387548
360810163001003,0.0016987815535418481
360810199012001,0.002942258183155572
360810062021008,0.01076602112421462
360811579013003,0.002942258183155572
360810214003001,0.011467384284902895
360811471001001,0.002942258183155572
360811471001013,0.0084289468320616
360810404001000,0.00235868894130335
360810654012001,0.0021152120726079704
360810475002005,0.003560926697622093
360811483002004,0.003399296959674488
360810062021006,0.006337770815184561
360810251003001,0.017538271580862994
360810156002005,0.00268771644263184
360810150002000,0.0014183447799907662
360810492021006,0.002942258183155572
360810638001009,0.002942258183155572
360811571014003,0.002942258183155572
360810113001001,0.004648990946754909
360810111002002,0.01106568019423839
360810981002011,0.005240393862169087
360810884004003,0.002942258183155572
360811377004000,0.002942258183155572
360810199031004,0.002942258183155572
360811571012005,0.002942258183155572
360810495001006,0.010949562338672834
360811409011007,0.002942258183155572
360810282001004,0.0008979152805436083
360811047002009,0.002942258183155572
360810376002005,0.002942258183155572
360810398001008,0.002942258183155572
360811151001000,0.002942258183155572
360810112002000,0.004682852901910501
360810352001015,0.005807542498433771
360810907001019,0.002942258183155572
360810137001005,0.0033884254711119078
360810859003000,0.012665296408800576
360810475001005,0.002942258183155572
360810439002008,0.002942258183155572
360810973001015,0.002942258183155572
360810663012000,0.001156991734786843
360810928002007,0.002942258183155572
360810687003009,0.002942258183155572
360810998021008,0.12021255140770655
360810042001003,0.0007926088403125588
360810997011001,0.008458279431378833
360811093002000,0.00026795551305659927
360811159003000,0.026146667947046856
360810551001000,0.002942258183155572
360810934011014,0.004838477116803797
360810062021004,0.002942258183155572
360811483004001,0.002942258183155572
360810638004011,0.002942258183155572
360810456001000,0.002942258183155572
360811579031002,0.002942258183155572
360811377003002,0.0021006842792522513
360810580003000,0.002942258183155572
360810471001001,0.14053883538034379
360811257001004,0.0021509617032083703
360810743004002,0.004380137366676518
360811507022015,0.002942258183155572
360810919002002,0.007867566609122927
360810499004000,0.0024875464834721644
360810276001010,0.005590757347207804
360810130001002,0.011868270040269817
360810916034020,0.002942258183155572
360811447002008,0.002942258183155572
360810671002009,0.004039709740085161
360810613013004,0.0024155425738161033
360810159002000,0.0011373801927628058
360810052002004,0.00039407633366964594
360810220012007,0.0013385780883506098
360810703001001,0.002942258183155572
360810353001008,0.006337770815184561
360810559001005,0.0035011355071071356
360810627001001,0.002942258183155572
360810613021000,0.00410101208914917
360810884008005,0.002942258183155572
360811529013007,0.002942258183155572
360811008042000,0.002942258183155572
360810245004001,0.02101512489545636
360810019031032,0.000601089836006292
360811155002003,0.0011707136774928167
360810232003003,0.0016362374067291842
360810934011007,0.002942258183155572
360811017004001,0.006888257061878274
360811529023001,0.002942258183155572
360810284001012,0.0022597344218650314
360810508001007,0.0008405706043366966
360810656003012,0.00090993811029475
360810243002000,0.002942258183155572
360810534012000,0.00253639592128443
360810384001010,0.002942258183155572
360810383021047,0.002942258183155572
360811459003003,0.0029871470944200992
360810199021014,0.002942258183155572
360810019021016,0.0780938038124757
360810033011017,0.002942258183155572
360810085001006,0.002942258183155572
360811085003005,0.002942258183155572
360811267001008,0.0025783879283612634
360810095002007,0.002942258183155572
360811529012007,0.005051075125652375
360810650001001,0.0029751486945530786
360810383021037,0.002942258183155572
360810294001009,0.006475847977880197
360810846021002,0.002942258183155572
360810118002004,0.005988706686077977
360810309041013,0.004752378298179644
360810085001007,0.008458279431378833
360811367002001,0.002942258183155572
360810864002001,0.0008605834383336616
360810204001008,0.002942258183155572
360811241001007,0.002942258183155572
360810739005002,0.005139674411624994
360810330003010,0.00825024179039254
360810194002009,0.003078400912256774
360811047003001,0.0019530495385116611
360810711004001,0.002942258183155572
360810033011019,0.001544803900156859
360810030001000,0.0015822266061783715
360811479002001,0.002942258183155572
360810646001011,0.002942258183155572
360810679003002,0.003399296959674488
360810997031000,0.002942258183155572
360810320001024,0.002942258183155572
360810376001002,0.0013842143969149902
360810381001005,0.0004506061956082915
360810564001009,0.0076172972698760055
360810339003000,0.005585224543387548
360810181013001,0.0016612008569725594
360810185023002,0.0049418659327103865
360811417002009,0.0019140743548432422
360810723003001,0.002942258183155572
360810697022007,0.002942258183155572
360810638001001,0.002942258183155572
360810124001003,0.002942258183155572
360811093002009,0.0022139480196312067
360810521002004,0.0026313791862839623
360810928001012,0.002942258183155572
360810199031003,0.002942258183155572
360810916036017,0.002942258183155572
360810214002005,0.002942258183155572
360810534011003,0.0033884254711119078
360810142021009,0.0041784499465728955
360810992002017,0.00016000539106175582
360810972021002,0.002942258183155572
360810036001000,0.0029751486945530786
360810769021004,0.002606219179383016
360810916036025,0.002942258183155572
360810368002009,0.0016723571203483994
360810561001010,0.002942258183155572
360810536011003,0.0010115440152703022
360810945001015,0.002942258183155572
360810383021018,0.002942258183155572
360810531003011,0.0021600866129445314
360810485003007,0.002942258183155572
360810664021008,0.006919919491278096
360810593002008,0.010715799088918366
360810044012006,0.002126955363042625
360810942011007,0.003636567675038582
360810456001015,0.008958535143345662
360810243002009,0.002942258183155572
360810919002001,0.002942258183155572
360810534011004,0.002942258183155572
360810470002003,0.003199110669650474
360811567001000,0.0015450810427107375
360811571021009,0.002942258183155572
360810492011007,0.0004686467597787512
360810997012005,0.002942258183155572
360811059004013,0.002942258183155572
360810934011011,0.002942258183155572
360810884003012,0.002942258183155572
360810033011005,0.0044205426762222244
360810454002002,0.002942258183155572
360810001041013,0.002942258183155572
360810568004003,0.002942258183155572
360810630001006,0.002942258183155572
360810086001014,0.002942258183155572
360810594001003,0.002942258183155572
360810434001004,0.005604824104606533
360811571016007,0.0026739186741811007
360810123011001,0.002942258183155572
360811247002006,0.002942258183155572
360811417003004,0.002942258183155572
360810861002007,0.0009322865024936187
360810096002006,0.001067954177719418
360811579031008,0.0022139480196312067
360810579002000,0.008458279431378833
360811291022015,0.002942258183155572
360810317004015,0.002942258183155572
360810687003018,0.0025783879283612634
360810656003014,0.0033574853551035016
360810632002008,0.018119408718466967
360810632002010,0.09249321751071139
360810814001006,0.002225323791489555
360811579024002,0.002942258183155572
360810489001020,0.002942258183155572
360810803013007,0.00616005003620257
360810540002003,0.002942258183155572
360810964002009,0.002942258183155572
360810309031000,0.003777419759160405
360811447001010,0.002942258183155572
360810741001000,0.002942258183155572
360811039001012,0.0010883491214924259
360810638005000,0.002566955860875594
360810006001000,0.002942258183155572
360810044011012,0.0023412858762354954
360810654011000,0.002894296038557395
360810616022011,0.002942258183155572
360810205001014,0.002942258183155572
360810044012008,0.002942258183155572
360810723003012,0.005113310383269226
360810045001010,0.01220577671268597
360810945001029,0.002942258183155572
360810633022004,0.005183909830904601
360811377004007,0.0026313791862839623
360810769021005,0.00040379758147863354
360810749001005,0.002942258183155572
360811241002000,0.002942258183155572
360810330001003,0.0011954480704970778
360811529023006,0.002942258183155572
360810178001002,0.0019830186469455384
360811265001005,0.002942258183155572
360810475002006,0.002942258183155572
360810892014010,0.0012566759835141153
360810803021008,0.013764526122243947
360810621003003,0.004589142276589411
360811207011012,0.0014489014622748914
360810657031005,0.006286603027947594
360810779033004,0.002942258183155572
360810073003002,0.003777419759160405
360810317005007,0.002942258183155572
360810424003001,0.014057601528327333
360810857002001,0.006660917764001487
360810922003009,0.002942258183155572
360810622002011,0.0031205395132312555
360810117004000,0.003399296959674488
360810849012000,0.00021817777734806383
360811113001008,0.002942258183155572
360810964001002,0.002942258183155572
360811579015005,0.002942258183155572
360810042001007,0.012967463880032773
360810040012007,0.002942258183155572
360810004001004,0.004710206155192668
360810667011001,0.005799220358405352
360810004001000,0.009206060447678762
360811017003005,0.003636567675038582
360810601001004,0.002942258183155572
360810142022003,0.002540898355293099
360810837001012,0.004771404829905496
360811377002001,0.002457321778853697
360810661001001,0.002942258183155572
360811047003003,0.0024155425738161033
360811507022002,0.002942258183155572
360810357003011,0.002942258183155572
360810507001005,0.002942258183155572
360811039002003,0.002942258183155572
360810373002006,0.0020538627463824047
360810561001004,0.002942258183155572
360810916036020,0.002942258183155572
360810151002004,0.04266613989340694
360810153001002,0.0029422637886808677
360810145002001,0.002620623943654644
360810147001000,0.00106123352624375
360810107011000,0.011719552289142893
360810595011005,0.002992023823692675
360810663011007,0.0024875464834721644
360810991004022,0.002942258183155572
360810496003003,0.0029871470944200992
360810656001000,0.0018701534779804573
360810208001012,0.002942258183155572
360810568001002,0.001476698754687694
360810413001004,0.004867213859042939
360810001041002,0.0019365223375635478
360810845003001,0.00047329359234755166
360810039001002,0.008366402995839373
360810054003005,0.002942258183155572
360811507011009,0.0016362374067291842
360810001021003,0.002942258183155572
360810667011009,0.006903217110108157
360810440001006,0.0032488772186306824
360811301002002,0.0002016273013963283
360810942031000,0.002942258183155572
360810383021048,0.002942258183155572
360810294005004,0.014296884228207556
360811529024000,0.002942258183155572
360810306001024,0.002942258183155572
360810317003000,0.013405737602230674
360810125001001,0.0005551434629627451
360810741004003,0.005113310383269226
360810747002003,0.002942258183155572
360810579001001,0.005051075125652375
360811157002006,0.002552096311855474
360811621002001,0.002942258183155572
360810376001006,0.0005942019223707138
360810062011006,0.002942258183155572
360810208001000,0.00027867327123573196
360810212001008,0.0043830813203034995
360811385014014,0.002942258183155572
360810947002004,0.003399296959674488
360810475001003,0.004425060901140217
360810456001006,0.002942258183155572
360810639001003,0.0016585814749396823
360810641021004,0.002942258183155572
360810511002005,0.002942258183155572
360811167001007,0.002942258183155572
360810073003004,0.0011151164754432642
360810288022005,0.00022350230642544737
360810199021001,0.002942258183155572
360810376001001,0.002942258183155572
360810564001006,0.002942258183155572
360810347002002,0.0008660152619950503
360810179021003,0.002942258183155572
360811139003004,0.00253639592128443
360810033021004,0.008239168810649334
360810697024007,0.002942258183155572
360810709002003,0.002942258183155572
360810707003000,0.010949562338672834
360810249003004,0.0025442094727876545
360810484001009,0.002942258183155572
360810502011001,0.0019365223375635478
360810502011002,0.005717676961272631
360810357002002,0.0008930507459885242
360811579022002,0.002942258183155572
360810992001003,0.002942258183155572
360810991004001,0.002942258183155572
360811017006002,0.002942258183155572
360810567004004,0.0004957268108648732
360810557002000,0.002942258183155572
360810567003000,0.035903937763576484
360810567002002,0.002942258183155572
360811479001009,0.002942258183155572
360810259001011,0.0006651946828393944
360810253022000,0.0010856117543938276
360810916034023,0.002942258183155572
360811010042000,0.0014716564388024956
360810939001001,0.002942258183155572
360810558001000,0.002942258183155572
360811385021013,0.002942258183155572
360810398002000,0.0018479641924402529
360810660001010,0.0026840291284196717
360810972052001,0.002942258183155572
360810329003000,0.002942258183155572
360810480002002,0.002942258183155572
360810328002004,0.0008783419843991292
360810196002008,0.00027425536507964706
360810531001004,0.002942258183155572
360810562001009,0.002942258183155572
360810212002004,0.002942258183155572
360810997051010,0.002942258183155572
360810614001014,0.002942258183155572
360810440003008,0.0004303797864562732
360811171003001,0.00033507872157993593
360811033003009,0.0049418659327103865
360811059004001,0.002942258183155572
360810635002001,0.003748942045300669
360810803013008,0.002942258183155572
360810485001004,0.0010167586747372294
360810373001003,0.005035560753720205
360810069002005,0.0018479641924402529
360810062026004,0.002942258183155572
360810059003000,0.01686131443896038
360810002002006,0.002942258183155572
360810036002005,0.00488053174408468
360810991003003,0.001736488966025313
360810992002001,0.0008887095842651056
360810779072003,0.0027915481907471434
360811227032000,0.0004639190129754377
360810558002002,0.002942258183155572
360810916035007,0.002942258183155572
360810062023003,0.0033884254711119078
360810516002007,0.005590757347207804
360810062011004,0.002942258183155572
360810719002001,0.002942258183155572
360811123002007,0.003399296959674488
360810123012000,0.0014892511074447842
360810018002002,0.03014854993278417
360810199012003,0.002942258183155572
360811171002003,0.0020669889297387336
360810505001000,0.0032488772186306824
360810457001001,0.010417670418920503
360810683002005,0.0034342842682856347
360810040021013,0.005756373196181722
360811010042002,0.0016869669368376142
360810859001000,0.002942258183155572
360810329001010,0.000560732629169328
360811579034008,0.0029751486945530786
360811032023004,0.003267371527671819
360810446011000,0.012514711743984538
360810454001004,0.01187277301423177
360811291021005,0.002942258183155572
360810646001005,0.005104163568174707
360810536011002,0.0007250962573711089
360810919003009,0.004655671057566288
360810517001011,0.0012566759835141153
360811123001002,0.0037615500957515723
360810309041011,0.002457321778853697
360810540001011,0.0013256665991120942
360810062022005,0.0013403058994394704
360810892015005,0.002942258183155572
360810779062013,0.0005383558985795891
360810741002002,0.002942258183155572
360810238001001,0.0020144485004766847
360811471002007,0.0027040062552254026
360810703002001,0.002942258183155572
360810638001012,0.00033454408030030296
360810317005001,0.002942258183155572
360810249001005,0.0011448397918456207
360810243004000,0.00020173073353626144
360810142022012,0.21728553798201053
360810638002010,0.003777419759160405
360810660002001,0.0006982003199799632
360810660001001,0.00023683673877822795
360810400001004,0.014912671548612269
360811113001003,0.002942258183155572
360810062026003,0.002942258183155572
360810111002001,0.002942258183155572
360810749001008,0.002942258183155572
360810779033002,0.0011992462636329782
360811227035003,0.002942258183155572
360810126022005,0.006902012684475675
360810170001003,0.0004906459908446673
360810614001010,0.002942258183155572
360810616022009,0.0038301071668031973
360811529023009,0.010949562338672834
360810123012005,0.003777419759160405
360810641021018,0.0023570426014041385
360810376005008,0.002942258183155572
360810620001009,0.002942258183155572
360810532001010,0.003399296959674488
360810253011000,0.011367952506431986
360810489001026,0.002942258183155572
360811059004015,0.002942258183155572
360811257003005,0.0014444047819444136
360810861001000,0.002772282132250903
360810945001006,0.0014892511074447842
360810320002001,0.011117309427786323
360810592001017,0.0031373311126196364
360810532002004,0.0013589439563741655
360811277003012,0.002942258183155572
360810007012010,0.002942258183155572
360810220012001,0.002942258183155572
360810424001006,0.002942258183155572
360810432001013,0.0029751486945530786
360811010021018,0.0010624199302187688
360811507023010,0.002942258183155572
360811463001007,0.002942258183155572
360810063002002,0.002942258183155572
360810560001009,0.002942258183155572
360810626002009,0.002942258183155572
360810610001015,0.0028210847970774615
360810155002000,0.010471805653820667
360810297001001,0.003609524048975896
360811483003000,0.002942258183155572
360811441001004,0.002942258183155572
360811579023006,0.002942258183155572
360810176002001,0.002258611048481538
360810198002004,0.0005913742547009684
360810454002005,0.002028463257984642
360810254011004,0.01945542426647053
360811227033000,0.0020500826430845526
360811215001007,0.002942258183155572
360811227035000,0.002942258183155572
360811257001001,0.0013156403479796877
360810779072002,0.0021496800404839805
360811429004006,0.002942258183155572
360811129002001,0.003399296959674488
360810189001001,0.0011110413836341885
360810587002000,0.07207446993654905
360810012001003,0.002942258183155572
360810495001014,0.002942258183155572
360811283001017,0.002942258183155572
360810110002005,0.002942258183155572
360811227024001,0.002942258183155572
360811385021018,0.002942258183155572
360811157003005,0.0043830813203034995
360810461002000,0.019281755539811693
360810741002003,0.00235868894130335
360810583001001,0.006524573607756742
360810809004006,0.0007990604816621796
360810929005006,0.002942258183155572
360810892013005,0.004776795775260497
360811507012017,0.002942258183155572
360810511001006,0.002942258183155572
360811241001006,0.002942258183155572
360811205001004,0.028092578571264088
360810680001009,0.0008896765451502378
360810033011013,0.004302072618924998
360810232003007,0.0010405282870661902
360810656002010,0.00409028110728584
360810973001001,0.002942258183155572
360810106002004,0.014766331312768636
360810158022001,0.05504454420005359
360810522001000,0.003267371527671819
360811367002000,0.006830432683561514
360810208002014,0.005103117324891963
360810599002003,0.005241248084671652
360810657032001,0.002942258183155572
360810328003006,0.010640219238687238
360810184021007,0.0011610410033907306
360810019031039,0.000851296081574021
360810155001000,0.002942258183155572
360810085002004,0.002457321778853697
360811175004000,0.002064713584002482
360810184021004,0.0039830408772317935
360810306004013,0.002942258183155572
360810476002001,0.002942258183155572
360810476002002,0.0033574853551035016
360810492011005,0.003126687548101713
360810484001008,0.002942258183155572
360810258001008,0.0236538719362598
360811621004005,0.002942258183155572
360810317004005,0.006539558899587298
360810004002002,0.0001421864740798048
360810006003004,0.002942258183155572
360810942021001,0.0012321139311774656
360810444003019,0.002942258183155572
360811479001006,0.002942258183155572
360810352001004,0.00120275795060716
360810334052003,0.0033574853551035016
360810198001005,0.002262872817937462
360810103002004,0.0005434009342012672
360810106001001,0.0010211565577688752
360810663011002,0.002942258183155572
360811385013001,0.028081000818026475
360810622002002,0.00017976288387601137
360810622002012,0.0020850584033374996
360811085001011,0.002942258183155572
360810707003005,0.002942258183155572
360810639001007,0.005449207998082382
360810916035004,0.002942258183155572
360810479003004,0.0016014545571821951
360810328003002,0.0023508316660401612
360810368001007,0.002942258183155572
360810432001016,0.002942258183155572
360810031001001,0.04329777067160491
360810112002002,0.0026313791862839623
360810928001001,0.0015822266061783715
360810383021026,0.002942258183155572
360811333004004,0.004838477116803797
360810779041000,0.002942258183155572
360811008032011,0.13402331102867643
360810775003000,0.002942258183155572
360810140002006,0.005138152944419313
360810437012007,0.0008934707364303249
360810567004002,0.000807992909152693
360811201001000,0.0029485994708281934
360811032021004,0.002942258183155572
360810840005007,0.002942258183155572
360810150002001,0.01294154010380823
360810660001008,0.00235868894130335
360810470002009,0.0023903695726793955
360810404004001,0.00235868894130335
360810254021000,0.002942258183155572
360811195001004,0.002942258183155572
360811341001009,0.002942258183155572
360810716001020,0.002942258183155572
360810320001021,0.0006781683499946815
360810954003021,0.002942258183155572
360810444002002,0.002942258183155572
360810137001011,0.002942258183155572
360810137001017,0.004551364984910585
360810797014001,0.015564259739310696
360810987001009,0.002942258183155572
360810981002004,0.002942258183155572
360810507002005,0.002942258183155572
360811529011004,0.002942258183155572
360810383021075,0.002942258183155572
360810606002004,0.002942258183155572
360810306002000,0.048821057836702944
360810220022002,0.00013453364387623723
360811072021010,0.002942258183155572
360810496001004,0.001736488966025313
360810530002004,0.001106978067289239
360810206001001,0.0025164687490015036
360811029001006,0.0049418659327103865
360811529022006,0.004440311682970352
360811451011013,0.002942258183155572
360810939001005,0.0021603185546242598
360810716001009,0.002942258183155572
360810849011001,0.000712166211516245
360810601002001,0.002942258183155572
360810278001000,0.00026795551305659927
360810288012003,0.0026313791862839623
360810135001005,0.002942258183155572
360810697012000,0.0015822266061783715
360810505001001,0.002942258183155572
360810695002000,0.002942258183155572
360811579021002,0.002457321778853697
360810998015001,0.0037238271995060344
360810483021008,0.004535817819635767
360810964001023,0.0007307793516433845
360810515003005,0.002604536914617883
360811291022001,0.004440311682970352
360811551042012,0.002942258183155572
360811409022004,0.002942258183155572
360810295002005,0.002942258183155572
360810054001002,0.0005906788716829488
360811097001013,0.002942258183155572
360810247001006,0.002942258183155572
360811195001007,0.0009260579719100349
360810837005000,0.0006241244111673543
360811277004005,0.002942258183155572
360811479001011,0.002942258183155572
360810779082001,0.002942258183155572
360811447001004,0.0029751486945530786
360810212001000,0.17338981262019748
360810492012003,0.022258766206824324
360810073001001,0.0008033559009357605
360811471002001,0.002942258183155572
360810317004014,0.002942258183155572
360810148001009,0.0008063170849700686
360810400001006,0.004589142276589411
360810526001001,0.0033395270569769944
360810524001005,0.004388945021420677
360810062021002,0.005113310383269226
360810022002005,0.002942258183155572
360810769012000,0.002942258183155572
360810033022005,0.0072706089065545
360810925002004,0.003256359478762208
360810997033006,0.002942258183155572
360810251002004,0.002942258183155572
360811451011010,0.002942258183155572
360810253022005,0.0027040062552254026
360810054001006,0.002942258183155572
360810552002006,0.0025091896058112985
360810179021027,0.002942258183155572
360810582003007,0.013810577050529349
360811171001013,0.002942258183155572
360810383011008,0.002942258183155572
360811483003021,0.002942258183155572
360810247001003,0.002942258183155572
360810838002007,0.002942258183155572
360810094001006,0.002942258183155572
360810352001014,0.05187549064997124
360810253012004,0.0028963513585658083
360810309051006,0.002942258183155572
360810981001006,0.0025783879283612634
360810892017005,0.002942258183155572
360811341002012,0.002942258183155572
360810220021000,0.002942258183155572
360810137001018,0.002942258183155572
360811032022004,0.002942258183155572
360811215003009,0.002942258183155572
360810837001013,0.0019140743548432422
360810694001003,0.0049418659327103865
360810654013008,0.005170470354614614
360810769012003,0.002942258183155572
360810284002009,0.0004359696964138029
360810347001009,0.03741923674910119
360810424001005,0.002942258183155572
360810998011005,0.0009225842813717744
360810998013003,0.011976394147765553
360810934012000,0.006108039739053296
360811157001011,0.002942258183155572
360810606001000,0.002942258183155572
360810680004000,0.002942258183155572
360810198002000,0.0034467360845686526
360810254012003,0.007016434696455783
360810580001000,0.002942258183155572
360810114001008,0.0036207050067985974
360811227043002,0.002942258183155572
360810665013000,0.028259251046335657
360811429004004,0.002942258183155572
360811032012004,0.00367399976582539
360810012003002,0.0054813502158648246
360811451022012,0.0005974728009307042
360810558002005,0.002942258183155572
360810376005001,0.007991572840553423
360810613011001,0.0008093796078368412
360810101001005,0.0012973165540501284
360810065012002,0.009679094418087186
360810071004002,0.0021865192885991316
360810657033004,0.002942258183155572
360810747002000,0.002942258183155572
360811529012000,0.0027040062552254026
360811529023008,0.0007274537118662872
360810353001006,0.002942258183155572
360810638004005,0.0024875464834721644
360811047002003,0.002942258183155572
360810637003001,0.0024875464834721644
360810457002000,0.002457321778853697
360810916036007,0.002942258183155572
360810243001001,0.002942258183155572
360810654011011,0.002942258183155572
360810101001001,0.00687716640252772
360810238004000,0.0026698499065701295
360810479003006,0.002942258183155572
360810517002003,0.019332842437995032
360810547001002,0.0025770177505291536
360811257003007,0.004534173263451921
360810553001001,0.004654465980614843
360810598002000,0.002942258183155572
360810220024002,0.002942258183155572
360810220021006,0.0030570435208506623
360810236002003,0.26631947087411806
360810179021024,0.002942258183155572
360810942031002,0.002942258183155572
360810568001006,0.002942258183155572
360810383021025,0.0016362374067291842
360810132002001,0.0029751486945530786
360810621001002,0.006902012684475675
360810012002004,0.002942258183155572
360810846021015,0.0015999771502801937
360810182002000,0.007993530799883793
360810168002010,0.002942258183155572
360810402001006,0.007453156703404124
360810400002007,0.0019340622524883933
360810087002003,0.003168148394772935
360810039001005,0.017259482181627383
360810357001010,0.002942258183155572
360810942011000,0.008130336790167792
360810294002006,0.006524573607756742
360810608001012,0.002942258183155572
360810158011004,0.003767605647208066
360810114001009,0.005626839719479214
360810101002004,0.002942258183155572
360810016002001,0.0033076339311219377
360810384002009,0.002942258183155572
360810184011002,0.009337459172450378
360810663012006,0.002942258183155572
360810638004001,0.0029599060963856456
360811621002004,0.0027040062552254026
360810132002006,0.002942258183155572
360810581001000,0.002942258183155572
360810353002005,0.00046079822146569496
360810033011010,0.004054225878904697
360810515001001,0.002942258183155572
360811099002007,0.002942258183155572
360811551042005,0.0024701087137075496
360810330004001,0.002942258183155572
360811579013001,0.002942258183155572
360810164002001,0.002942258183155572
360810152001003,0.003426303536067337
360810492021011,0.017262650337255884
360810614001002,0.002592644989991145
360810132002007,0.002942258183155572
360810646001000,0.0012989804057743823
360811241003003,0.005585224543387548
360810330002005,0.002942258183155572
360810530001002,0.0013256665991120942
360810528001010,0.0030832234266328566
360810376002007,0.001988072415598956
360810328003004,0.0013256665991120942
360810181023000,0.005113310383269226
360811185001002,0.002942258183155572
360810031002000,0.008888338603893866
360810739005001,0.006409396458470244
360810697013000,0.006409396458470244
360810635002000,0.002942258183155572
360810384002006,0.002942258183155572
360810999001016,0.002942258183155572
360811010021006,0.0013871090268317463
360811099002004,0.0009260579719100349
360811133001006,0.006524573607756742
360810991004014,0.002942258183155572
360811203002001,0.0014740338986148507
360810637004007,0.0016362374067291842
360810664023008,0.002942258183155572
360810282001009,0.0016362374067291842
360810138002001,0.002942258183155572
360810747002002,0.002942258183155572
360810540003004,0.0007954186693947056
360810365002001,0.0032689389929631413
360810178002000,0.0021514567092331305
360811241002007,0.0014892511074447842
360810524001000,0.004785850697527067
360810028001005,0.002942258183155572
360810034001000,0.00027691995422320103
360810022002001,0.0023030824340591685
360811123001004,0.002942258183155572
360810945002014,0.002942258183155572
360810694002004,0.003285308872303722
360811093003000,0.002942258183155572
360810142011004,0.0035871643921251114
360810504001006,0.002355821317006419
360811147002011,0.005807542498433771
360811157001006,0.002942258183155572
360810884001017,0.0025458030456565993
360810103001002,0.0030881942768521947
360810656003003,0.002942258183155572
360810006003007,0.00253639592128443
360810997051007,0.0024836028556994064
360810010002001,0.0022510645276160143
360810884002004,0.0003534966405752671
360810194001006,0.002942258183155572
360811571016003,0.003777419759160405
360811467003005,0.002942258183155572
360810199022000,0.002942258183155572
360811417005001,0.0011676572064810414
360811417003006,0.004440311682970352
360810559001008,0.00014776909027175601
360811441003004,0.002942258183155572
360810094002004,1.0544630973889206
360810245003002,0.002942258183155572
360810757023001,0.002942258183155572
360811059004010,0.002942258183155572
360811203001002,0.001010664561421078
360810669001005,0.002942258183155572
360811291021001,0.002942258183155572
360810188001006,0.002942258183155572
360811579024000,0.005585224543387548
360810892011005,0.002942258183155572
360810892012011,0.002942258183155572
360810568001012,0.0009260579719100349
360810038001001,0.005248159895819471
360810919003013,0.002942258183155572
360810929003000,0.004636177923035084
360810562001006,0.002942258183155572
360810351002000,0.0007979702069382383
360810337001000,0.0008579799438714182
360810717022006,0.002942258183155572
360810516001004,0.0007990604816621796
360811409011001,0.002942258183155572
360810697022000,0.0009260579719100349
360810339003002,0.0025088609066559564
360810142021007,0.006902012684475675
360810638004007,0.0025783879283612634
360811097002001,0.002942258183155572
360810539011007,0.002942258183155572
360810018001002,0.00119999893123752
360810125001021,0.0032488772186306824
360810117001000,0.001498183761442466
360810945002001,0.002942258183155572
360810916036024,0.002942258183155572
360810235012002,0.002942258183155572
360810464001007,0.0018479641924402529
360810148001006,0.005183909830904601
360810542001005,0.002942258183155572
360810625001003,0.00800663139396043
360810618002006,0.0033632754121871887
360811347021002,0.002942258183155572
360811399001000,0.002942258183155572
360810925002002,0.002942258183155572
360810444003015,0.0017192616326714074
360811579022004,0.002942258183155572
360810528001007,0.002942258183155572
360810043002002,0.09084374444737403
360810864001004,0.002838005902097588
360811032024000,0.0034298998685078925
360810196002007,0.0015512010491819956
360810309052007,0.002942258183155572
360810945001002,0.0025182475476288346
360810627001004,0.002942258183155572
360810607011000,0.002942258183155572
360810942023013,0.003399296959674488
360810470001002,0.002942258183155572
360810625002005,0.002942258183155572
360811227034000,0.002942258183155572
360810437012002,0.002942258183155572
360810033022000,0.007876061537200725
360810470001004,0.0014892511074447842
360811215002004,0.0014205895592354944
360810954001015,0.004838477116803797
360810432001008,0.0013020473828376914
360810998021011,0.002942258183155572
360811133002002,0.002942258183155572
360811017001002,0.006409396458470244
360810991004011,0.002942258183155572
360810595011003,0.0027040062552254026
360810548002003,0.0008687424622712738
360810680004001,0.002942258183155572
360810030001006,0.003777419759160405
360810641021013,0.002942258183155572
360810196002000,0.0010561590107504917
360810309052003,0.0008799018297485448
360810030001008,0.002942258183155572
360810779044003,0.019485282814109477
360810779044000,0.002942258183155572
360810495001010,0.002942258183155572
360810889023001,0.03059348731485268
360811479001004,0.002942258183155572
360810115001003,0.0007990604816621796
360810214003017,0.007921454719382968
360811429003005,0.002942258183155572
360810468002000,0.008958535143345662
360810330003001,0.0014205895592354944
360811215002003,0.004589142276589411
360810472001002,0.0025783879283612634
360811377003009,0.003777419759160405
360810633011008,0.002942258183155572
360810613011004,0.0029599060963856456
360810907001018,0.00012571980820794902
360810367002005,0.0036093164388048393
360810367002004,0.0014790686376086406
360811241001019,0.002942258183155572
360811341002000,0.002942258183155572
360811459002004,0.002942258183155572
360810892015007,0.002942258183155572
360810779031002,0.002540898355293099
360810973001010,0.002942258183155572
360810098001003,0.018614294350995892
360810236001000,0.010969705677352747
360810517001008,0.002942258183155572
360810591001001,0.0002685877766694355
360810259001007,0.001874453306534994
360811417004003,0.002942258183155572
360810639001000,0.002222718815916614
360810229001007,0.002942258183155572
360810656003006,0.0018904628001759466
360810499004003,0.006797763370708017
360810669001001,0.006409396458470244
360810383021009,0.002942258183155572
360810603001010,0.0004934179182650102
360811467001001,0.0004745399406132103
360810938003006,0.005132956104471078
360810606001003,0.0029751486945530786
360811483002012,0.002942258183155572
360810427001000,0.002942258183155572
360810402002005,0.0013620842764206606
360810954003027,0.002942258183155572
360810309034003,0.006701100520273579
360810126012000,0.004996236482905866
360810171011006,0.002942258183155572
360810621003002,0.004485849363949661
360811529021000,0.002942258183155572
360811617001010,0.002942258183155572
360810459001002,0.0007533221947132442
360810306003001,0.002942258183155572
360810916034000,0.002942258183155572
360810687003011,0.002942258183155572
360811403002012,0.002942258183155572
360810596001005,0.00292578607789158
360811579012000,0.002942258183155572
360810711004005,0.00015048124370890925
360810892017009,0.005183909830904601
360810384001006,0.004571531057593651
360810682001003,0.002942258183155572
360811227035005,0.008865631235761185
360810638002013,0.002942258183155572
360810105001000,0.001691885338699711
360810507001014,0.002942258183155572
360810991004024,0.002942258183155572
360810320002027,0.0011606634917669932
360810790001006,0.002942258183155572
360810964002013,0.005183909830904601
360811072011039,0.002942258183155572
360810616013004,0.002942258183155572
360810616012004,0.002942258183155572
360810939003003,0.002942258183155572
360810169002002,0.020625872364014853
360810517001012,0.002942258183155572
360810919002009,0.004682852901910501
360810330004002,0.0005897644120164822
360810889033003,0.002942258183155572
360810680004016,0.002942258183155572
360810351001001,0.002942258183155572
360810353002000,0.010958782686790973
360811193001001,0.0019365223375635478
360810053004000,0.0032360472886613324
360810697022005,0.002942258183155572
360810502021008,0.0007990604816621796
360810500001000,1.0402417089588347
360810928001007,0.002942258183155572
360811133001004,0.002942258183155572
360811133001002,0.002942258183155572
360810183004000,0.009464760382010284
360810773002004,0.002942258183155572
360810019031013,0.002942258183155572
360810567003005,0.002028028340090864
360810947001008,0.003399296959674488
360810261002000,0.0033343604836331177
360810097002005,0.002942258183155572
360810166001006,0.0008488793855270005
360810475001004,0.002942258183155572
360810659001001,0.002942258183155572
360810972051001,0.0003975730727488733
360810458001003,0.002942258183155572
360810496001001,0.005807542498433771
360811409011008,0.002942258183155572
360810320002010,0.002942258183155572
360810838004003,0.0033574853551035016
360811333004007,0.003267371527671819
360811129002004,0.002942258183155572
360811291042006,0.002942258183155572
360810245002000,0.002942258183155572
360811417004009,0.002942258183155572
360810590001006,0.002942258183155572
360810592001003,0.002942258183155572
360810404003005,0.005132956104471078
360811175002002,0.008970795061655963
360811151001014,0.002942258183155572
360811579024004,0.002942258183155572
360810294005009,0.002191110693323418
360810779042007,0.002942258183155572
360810997045000,0.002942258183155572
360810033021001,0.0008214377024929665
360811141001018,0.0022587996322301013
360810061003000,0.005758341870439712
360810053003000,0.014452949122946313
360810001041017,0.002942258183155572
360810208002015,0.003132030850455166
360811039002007,0.0008596334041000845
360810192001005,0.0059153872529500995
360810168002009,0.004589142276589411
360811241001012,0.0029599060963856456
360810773001001,0.002942258183155572
360810687003006,0.002942258183155572
360810058003012,0.0026313791862839623
360811333003005,0.002942258183155572
360811367001004,0.002942258183155572
360811123002010,0.0016948759945896264
360810199022005,0.002942258183155572
360811247002007,0.002942258183155572
360810840001003,0.002942258183155572
360810916034032,0.002942258183155572
360810007021000,0.00231349186078644
360810260002005,0.006153955589574124
360810489001012,0.002942258183155572
360810019031004,0.003388000481100617
360810478011004,0.07646765709769497
360811291022012,0.002942258183155572
360810188001002,0.004535817819635767
360811409022015,0.0027497300476125195
360810489001023,0.002942258183155572
360810086002002,0.002942258183155572
360810934022001,0.0011061832750720699
360810208002022,0.000215997896354502
360811139002010,0.002286115232844279
360810253013002,0.002200919130498065
360811227025000,0.002942258183155572
360810540003006,0.013271410537226185
360810151002002,0.0007983152791528318
360810058004003,0.0022139480196312067
360810230001000,0.004682852901910501
360810381001003,0.0005612568294162935
360810939001009,0.005572189142961835
360810538001007,0.0014205895592354944
360810480001002,0.0027875963315016614
360810291003003,0.0002828729785599621
360810638001011,0.002942258183155572
360810524002000,0.003971148354713878
360810058003013,0.002942258183155572
360810549003002,0.0048649134611048125
360810945001022,0.002942258183155572
360811039004007,0.002942258183155572
360810513001010,0.002942258183155572
360810130002000,0.0014892511074447842
360810657032003,0.00028712470460887714
360810594002003,0.00215453047136931
360810743001001,0.0040117598719810335
360810682002000,0.0029751486945530786
360810592001016,0.002942258183155572
360810352001009,0.0016072250544428867
360810376004015,0.0026313791862839623
360810204001011,0.0036218512419322808
360810158011007,0.006516385831860035
360810251003005,0.003777419759160405
360811059004003,0.002355821317006419
360810973001009,0.002942258183155572
360810437012009,0.001983118259071422
360810713043000,0.005585224543387548
360810925001009,0.006304480929488843
360811277001010,0.0033574853551035016
360811039001008,0.029518528764188125
360810329001006,0.002942258183155572
360810997013003,0.002942258183155572
360810194001005,0.002942258183155572
360811567001011,0.0011110413836341885
360810443022005,0.02007367727677912
360811227035001,0.002540898355293099
360811579032001,0.003790850203386684
360810942031010,0.009777955078626761
360810630001001,0.0026036734043832265
360810383021005,0.002942258183155572
360810404004008,0.002942258183155572
360811463002006,0.0021350633973520826
360810059001002,0.0026042103076414926
360810934023012,0.0009260579719100349
360810568001004,0.02075385890885673
360810682001001,0.001337701175507954
360810594002001,0.0025272954046427288
360810065021001,0.0009290284537609309
360810016001003,0.004682852901910501
360810916034026,0.002942258183155572
360810402001005,0.002942258183155572
360810170002002,0.004589142276589411
360810254022001,0.004016019911819565
360810540003008,0.002942258183155572
360810568002002,0.002942258183155572
360810889022003,0.0024875464834721644
360811032012003,0.0029241276689717967
360810365001001,0.0035893881170129304
360810947001004,0.0007598643204383285
360810680003006,0.007524585421308
360811571022002,0.004428731621376138
360811347011002,0.0032558936531111977
360810512003005,0.002942258183155572
360810142022004,0.03631817639286679
360810556001004,0.002942258183155572
360810243002004,0.004838477116803797
360810942021007,0.007774636549634913
360810667011004,0.002942258183155572
360810667011014,0.0013328222126580101
360810069003002,0.011201003756646162
360810507002001,0.002942258183155572
360811507022008,0.002942258183155572
360810365001004,0.002942258183155572
360810657033005,0.002064713584002482
360810695002002,0.002942258183155572
360811341001002,0.0013227549059389697
360811507024004,0.0005367423350480546
360811479003011,0.005113310383269226
360810261004003,0.014704720480019215
360810566002001,0.0012566759835141153
360811187001000,0.00988524125918291
360811155001007,0.002942258183155572
360811059003000,0.002942258183155572
360810081001004,0.0015633921328442055
360810934011001,0.002942258183155572
360810577002003,0.01386115189132037
360810031002001,0.002942258183155572
360810916032006,0.002942258183155572
360810595011002,0.0015266179398973126
360810869002015,0.00235868894130335
360811277003000,0.0037615500957515723
360811032023005,0.002942258183155572
360810999001025,0.002942258183155572
360810535021002,0.0010478569555427495
360811367001000,0.00026795551305659927
360811579011006,0.002942258183155572
360811579014003,0.002942258183155572
360811567001007,0.002942258183155572
360810208002020,0.002942258183155572
360810208002016,0.0031434970898173323
360810564001001,0.002335029119821339
360810991001001,0.002942258183155572
360810142022008,0.0007268808548636824
360810007021005,0.006475847977880197
360810001041030,0.002942258183155572
360810837001002,0.002942258183155572
360810657032000,0.0049418659327103865
360810309051002,0.01182573889860519
360811459001005,0.002942258183155572
360810918001015,0.002942258183155572
360810495001003,0.002942258183155572
360810444003007,0.00039518571807426725
360810294004003,0.002942258183155572
360810608001008,0.005113310383269226
360810608001010,0.002942258183155572
360810288011004,0.008987802596307555
360810205002000,0.0043057244934877675
360811085001007,0.002942258183155572
360810144001008,0.0021370993194552326
360810120001002,0.009588345755582631
360810309034001,0.009583947314696206
360810317003003,0.002942258183155572
360810125002001,0.0017547202780033705
360810034001005,0.002942258183155572
360810713054001,0.002942258183155572
360810306003009,0.0020333256423758854
360810246001001,0.000354105779383273
360811017006009,0.002942258183155572
360810964002021,0.003399296959674488
360811072011026,0.00235868894130335
360810492021007,0.0025216181384835343
360810925003007,0.002942258183155572
360810683003000,0.0037271339916341516
360811385011000,0.0012321139311774656
360810530002006,0.0001090579883478351
360810394001010,0.0010050717093972295
360810366001001,0.0049351090774207955
360810282001000,0.040081569079027525
360810566001002,0.003267371527671819
360810703001003,0.002942258183155572
360810499001000,0.02637635845268323
360810542004002,0.0024875464834721644
360810502021003,0.0038301071668031973
360810945002008,0.0019364424198820274
360810928001004,0.002942258183155572
360810384002005,0.002912072798332613
360810384001012,0.0015013105329144106
360810779041003,0.002942258183155572
360811032024004,0.0019340622524883933
360811097003003,0.002942258183155572
360810773001006,0.002942258183155572
360810743001002,0.018737454019300534
360810945001025,0.002942258183155572
360810945001017,0.0027040062552254026
360810916036013,0.002942258183155572
360810916036000,0.001890865170730856
360810916034002,0.002942258183155572
360811367006001,0.006811346641117524
360811215003002,0.002942258183155572
360810552001013,0.003762839363089172
360810367002001,0.005807542498433771
360810500001013,0.002942258183155572
360810954001002,0.007584095119076003
360810972043002,0.0002308196082057401
360810500002001,0.01949335363178805
360810007012014,0.002942258183155572
360811579022006,0.0018047202766787718
360811141002006,0.002942258183155572
360810942021021,0.010615032885615803
360811277003005,0.002942258183155572
360810964001009,0.0038301071668031973
360810446023002,0.00043482217889756177
360810869001013,0.002942258183155572
360811429002004,0.002942258183155572
360810690002009,0.002942258183155572
360811621002003,0.0020945537568734505
360810063004001,0.0003688160911731505
360811033003008,0.002942258183155572
360811017005002,0.002942258183155572
360811151001010,0.002942258183155572
360810934011013,0.002942258183155572
360810088001013,0.002942258183155572
360810892012015,0.0031205395132312555
360810779042002,0.001991740584275646
360810103003001,0.04137029054842365
360810729001000,0.002942258183155572
360810723003010,0.002942258183155572
360811010033003,0.002709210936361078
360810214003007,0.007721185744684823
360810357003000,0.002942258183155572
360810683002003,0.002942258183155572
360811367003008,0.002942258183155572
360810414001005,0.004466858615783408
360810434001012,0.003198837481432362
360810276001000,0.002942258183155572
360811129003000,0.002942258183155572
360810559001004,0.002942258183155572
360810884005003,0.002942258183155572
360810058003002,0.0043830813203034995
360810058003003,0.002942258183155572
360810818002004,0.005190465661382664
360810309034002,0.010085992015549706
360810375021004,0.009986317220019858
360810884007005,0.002942258183155572
360810383011004,0.002942258183155572
360810434001011,0.00757444141650407
360810632002007,0.002942258183155572
360810792001003,0.004345854445186024
360810788001005,0.0037615500957515723
360810892015000,0.006337770815184561
360810997051004,0.002942258183155572
360811113001002,0.0016822591194144006
360810437021005,0.0018761578775251925
360811277001004,0.0064468692717092714
360810637003005,0.0009260579719100349
360810381001000,0.00039196255330203764
360810929005007,0.002420285463134123
360810208001003,0.00113569467287277
360810484004004,0.015491664064255234
360810018002001,0.0013365118590361962
360810034002003,0.0005301265845966725
360811463002009,0.002942258183155572
360810150002003,0.004073493257177233
360810638005006,0.002942258183155572
360811097002004,0.0018879234869131033
360810731001000,0.002942258183155572
360810257001010,0.002942258183155572
360810454001005,0.005576907308049831
360811277004012,0.00235868894130335
360810954002004,0.0034745929074498764
360810170002003,0.00024505081233694404
360810179011006,0.002942258183155572
360811059004005,0.002942258183155572
360811113002001,0.002942258183155572
360811551041004,0.0033884254711119078
360810180001005,0.009069618302390808
360810472002012,0.002942258183155572
360810954003010,0.002942258183155572
360810334052002,0.002457321778853697
360811529021008,0.002942258183155572
360810178001001,0.0002005599246435722
360811059004000,0.002942258183155572
360811163022002,0.0018310252690691853
360810849012001,0.002942258183155572
360810088001010,0.002942258183155572
360811008042006,0.0012566759835141153
360810220013005,0.002942258183155572
360810991005015,0.002942258183155572
360810450002005,0.0021515488597439883
360810450001006,0.002059675625519385
360810945002011,0.002942258183155572
360810152002004,0.03341603521394482
360810254012005,0.009908405990852
360810837003005,0.0006095086959905166
360811571015000,0.002942258183155572
360810472001001,0.002942258183155572
360810654011010,0.003399296959674488
360810500002005,0.0014518618192201382
360810052002001,0.0022481671370593844
360811047002006,0.0031205395132312555
360811123001000,0.0019365223375635478
360810679003010,0.002942258183155572
360810892017001,0.0015156277949370995
360810916036026,0.002942258183155572
360810198001006,0.0040218672686003765
360810769011001,0.002942258183155572
360810309051000,0.002459090774779328
360810032001001,0.005096232851626143
360810038001000,0.002942258183155572
360810038001004,0.002942258183155572
360811215002000,0.000347668773891157
360810779071007,0.002942258183155572
360811507011008,0.002942258183155572
360811463002007,0.004266165044881581
360810183004001,0.4371972144822443
360810439001001,0.001440618822796089
360810925003000,0.002190030646331453
360810485002000,0.004155730065046398
360810865002001,0.07277869441439455
360810743002001,0.003777419759160405
360811417002012,0.002942258183155572
360810045001009,0.022756324457599356
360810105003000,0.002942258183155572
360810105004001,0.002942258183155572
360811033001007,0.0029751486945530786
360810240002003,0.0009522769099929855
360811207012004,0.000660918443530662
360811207011009,0.001517064494807205
360811215003006,0.008651494687816067
360810479002009,0.00023671699162098228
360810058002005,0.0012566759835141153
360810595022002,0.0019365223375635478
360811417004019,0.002942258183155572
360810469011001,0.0011432501912853733
360810171011011,0.002942258183155572
360810889031014,0.003193895479294604
360810236001001,0.016956567852003036
360811277002006,0.002843594681534263
360811072011028,0.002942258183155572
360810779062002,0.002942258183155572
360810945001000,0.005585224543387548
360810102002001,0.016678525678530922
360810690002000,0.002942258183155572
360810185011000,0.009931034743874946
360811175004001,0.002942258183155572
360810413001000,0.009287247821182064
360811479003008,0.0016362374067291842
360811507012000,0.003399296959674488
360810595021005,0.0024155425738161033
360810600001004,0.003921084478195525
360810424001001,0.001595875254300912
360811571014007,0.0019365223375635478
360810019031029,0.00235868894130335
360810059001004,0.0015092420762539418
360810097004002,0.00656472630004406
360810799001007,0.003069440963597656
360810845003000,0.0007224203392161987
360810547003002,0.09456442837818486
360810655011001,0.009498135894734834
360810040021011,0.002942258183155572
360811529012003,0.002942258183155572
360810276001006,0.001010664561421078
360810440002004,0.0008525659709835133
360810626001002,0.002942258183155572
360811301001009,0.002942258183155572
360810482001002,0.002942258183155572
360810650002004,0.005081371901117706
360810622001002,0.002942258183155572
360810598001004,0.002942258183155572
360810440001008,0.008223174847496345
360811621005000,0.002942258183155572
360810580001004,0.002942258183155572
360810125001018,0.002942258183155572
360810739003000,0.002942258183155572
360810757022008,0.002942258183155572
360810864002000,0.0047542687793546085
360810892011001,0.002942258183155572
360810680003000,0.0010987541011392935
360810330004005,0.0001540282104935698
360811189002002,0.003303896371441825
360810942023011,0.002942258183155572
360810440002000,0.012950691959289641
360810164002004,0.0007598833069285271
360810212002007,0.005381950467495259
360810614001004,0.002942258183155572
360810737002006,0.002942258183155572
360810317005005,0.002942258183155572
360811191001001,0.0018879234869131033
360811029001018,0.004551364984910585
360810639001002,0.0029751486945530786
360810528001002,0.002942258183155572
360810277022000,0.0013385387741542416
360810179021017,0.0049031341270368975
360811187002001,0.0015536259110699006
360810169001001,0.0043641892394897805
360810251004000,0.00253639592128443
360810493022002,0.006409396458470244
360810384001004,0.004099133353937555
360810264002001,0.001010664561421078
360810838002003,0.0026313791862839623
360810846011005,0.006654734093283003
360810972041014,0.0017758700543707268
360811085003000,0.002942258183155572
360810042001001,0.0013829966634867957
360810132001001,0.002942258183155572
360810140001008,0.0012879034151040902
360810719002005,0.006337770815184561
360810581002006,0.005733824077373051
360810567003004,0.002942258183155572
360810907001010,0.002942258183155572
360811008042007,0.02048582180444128
360810208001007,0.002942258183155572
360810840003003,0.019841614260243053
360810156001001,0.002564095240317474
360810589003000,0.0005487946434449434
360810964001004,0.005098416046623178
360810660002014,0.006925708349529867
360810320004007,0.00016642808013712275
360811571022004,0.002942258183155572
360810026001003,0.0017205854981426163
360810444001000,0.30146328742532447
360811301003010,0.0024875464834721644
360810444001007,0.9021628497085337
360811032024005,0.011052535425568935
360810582001010,0.010869399179922972
360810560002007,0.002942258183155572
360810987002011,0.002942258183155572
360810306001010,0.040748604624457986
360811621003002,0.002942258183155572
360810404003000,0.008286549722230757
360810137001023,0.002942258183155572
360811017003003,0.002942258183155572
360810659001005,0.0020140307676329962
360810884001012,0.002942258183155572
360810892017006,0.002942258183155572
360811072011031,0.002942258183155572
360811283001006,0.0013256665991120942
360810007012002,0.027764230317184058
360810522001009,0.014830261028995933
360810557003000,0.002942258183155572
360810637003004,0.002942258183155572
360810838002004,0.002064713584002482
360810174002000,0.0008337854011704234
360810713063000,0.00045356942065290326
360810288022001,0.002942258183155572
360810320004002,0.002942258183155572
360810846021003,0.005154997764172293
360810032001005,0.001736488966025313
360810846011011,0.003919964952112709
360810577001000,0.006409396458470244
360811399002003,0.002942258183155572
360811471001006,0.002942258183155572
360811223001005,0.002942258183155572
360810711001000,0.002457321778853697
360810094002002,0.2723155480672254
360810096001005,0.04895913072816801
360810424003004,0.002942258183155572
360810120002005,0.00024625758119231167
360810515003001,0.0005064743411744675
360811277002001,0.002942258183155572
360810745001000,0.002942258183155572
360810632002006,0.00233889500522403
360810646001006,0.004589142276589411
360810534011002,0.001201044348441082
360810186001006,0.002942258183155572
360811551042020,0.002942258183155572
360810964002002,0.0029599060963856456
360810929003007,0.00039867940067191886
360811479001001,0.002942258183155572
360810130001007,0.006409396458470244
360811367003000,0.0029751486945530786
360811479001016,0.010949562338672834
360811333002005,0.002942258183155572
360810677002001,0.002064713584002482
360810622001005,0.016695277641705003
360810682002003,0.002942258183155572
360810929002013,0.00046883681859025486
360810637004002,0.002942258183155572
360810219001014,0.01835072109401845
360811141001000,0.004838477116803797
360811241003006,0.002942258183155572
360810352001007,0.002942258183155572
360811097001006,0.002942258183155572
360811139003009,0.002942258183155572
360810479002001,0.004734989939949722
360810158023001,0.011094450434217423
360810660002000,0.005183909830904601
360810115001007,0.001010664561421078
360810749001006,0.005555376063900547
360810051002000,0.08852614657764198
360810947002009,0.018425461960679585
360810291003005,0.002942258183155572
360810531003016,0.002942258183155572
360810964001003,0.002606219179383016
360811010043006,0.0013256665991120942
360810945001023,0.002942258183155572
360810622002007,0.002942258183155572
360811039004000,0.002942258183155572
360810518002001,0.006882551873251484
360810352001006,0.00117294740976573
360811617002004,0.002942258183155572
360810837001005,0.0019830186469455384
360810443022001,0.002942258183155572
360811529023003,0.002942258183155572
360811529022013,0.002942258183155572
360810253014001,0.0019830186469455384
360810317005006,0.002942258183155572
360811017005011,0.002942258183155572
360810869001003,0.0072853848592023445
360810661001004,0.006524573607756742
360811291031002,0.002942258183155572
360811367003005,0.002942258183155572
360810889031005,0.0037615500957515723
360811085002002,0.002942258183155572
360810376003006,0.0033574853551035016
360810626002008,0.005647659883886764
360810306005005,0.002942258183155572
360810434001002,0.002942258183155572
360811010043007,0.002942258183155572
360811129002009,0.002942258183155572
360811451022002,0.0005382815687767549
360810922002001,0.002942258183155572
360810507001006,0.002942258183155572
360810549003000,0.05603423306390831
360810004002004,0.0027009952331762442
360810034002004,0.002942258183155572
360811483002005,0.002942258183155572
360811579021010,0.002942258183155572
360810504001010,0.0008006524213750761
360811551042000,0.006088346331685922
360810054004011,0.0004074340658941949
360810779032003,0.002942258183155572
360810779071000,0.017624499397838812
360810779031001,0.002942258183155572
360810779032004,0.0010846486763238907
360810613014002,0.0021244302750892574
360810869002013,0.0001915974795254401
360810580004001,0.002942258183155572
360810517002001,0.003883292924473722
360810687001002,0.002942258183155572
360810534011005,0.002942258183155572
360811191002002,0.008458279431378833
360810889021002,0.11914820867466464
360810554002006,0.0005364361966958735
360810113002001,0.00032916279998410997
360810069002004,0.002942258183155572
360810055001000,0.0012724883666545177
360810619002006,0.03508823187633328
360811047001005,0.0018531479385341964
360810695001000,0.006566072829910711
360810137001016,0.00018018894983638995
360810361001000,0.008671353204503993
360810773002002,0.00253639592128443
360810083002004,0.002379302306256703
360810991004004,0.002942258183155572
360810238002003,0.07427181847190753
360810665011005,0.002942258183155572
360810415002002,1.6915731889686612
360810779061001,0.01501903387396207
360811479001014,0.002942258183155572
360810542004004,0.00031742402269076904
360810646002001,0.004525731782576791
360810473003000,0.0060043209022986885
360810153001003,0.006589867734953925
360810123011012,0.0011798910820975384
360810892021001,0.0010043255362900715
360810232003004,0.008284876904860126
360810837005001,0.002942258183155572
360810497001004,0.002942258183155572
360810525001004,0.002942258183155572
360810058002008,0.02538992508967502
360810916034022,0.002942258183155572
360810954001013,0.002942258183155572
360810779062012,0.002942258183155572
360810981001007,0.0035643691297882448
360810539011010,0.006409396458470244
360810551004001,0.17378907353322895
360810220021003,0.002942258183155572
360810199021012,0.006235590488513242
360810680004004,0.004119555920734877
360810799001009,0.0021064411498821056
360810485003005,0.002711564172123977
360810884002000,0.002942258183155572
360810137001013,0.002942258183155572
360811617002000,0.002942258183155572
360810444002008,0.001531653472971782
360810552001006,0.002942258183155572
360810062022006,0.0016362374067291842
360810115002004,0.002942258183155572
360810115002002,0.006236636714150703
360810006002001,0.002942258183155572
360810085002003,0.09033993451835706
360810039001006,0.003296339134305477
360810507001002,0.002942258183155572
360810595012000,0.0016210707367735845
360810547002001,0.01855083092645385
360810376003002,0.06191495685109829
360810136002000,0.002942258183155572
360811417004018,0.002942258183155572
360810954003017,0.002942258183155572
360810297002015,0.002942258183155572
360810919001004,0.002942258183155572
360810245001005,0.002942258183155572
360811385021027,0.03215270408124094
360810585002002,0.0009260579719100349
360811191001006,0.0010013723586646856
360810511002001,0.002942258183155572
360811483001006,0.002942258183155572
360811483003008,0.002942258183155572
360810788002004,0.002942258183155572
360810916021009,0.002942258183155572
360810306005001,0.002942258183155572
360810284002008,0.013748176898174699
360810320004005,0.0005060931642038099
360810522001005,0.0028216806110804766
360811579025007,0.002942258183155572
360811571016010,0.002942258183155572
360810476001001,0.002942258183155572
360810945002007,0.002942258183155572
360811417002007,0.002942258183155572
360810723003005,0.002942258183155572
360810709002001,0.0018965137333126205
360811203001000,0.002942258183155572
360810484003000,0.002942258183155572
360810716001018,0.002942258183155572
360810019031030,0.002942258183155572
360810846021017,0.0033574853551035016
360810992001004,0.0015044759320365674
360810032001008,0.002942258183155572
360811017006000,0.002942258183155572
360810743004000,0.0016560849118635412
360810528001011,0.0015706046134602138
360810999001018,0.002942258183155572
360810402002007,0.002942258183155572
360810468002007,0.0038845986573294773
360811010021015,0.0011110413836341885
360810065011002,0.00401655329198856
360810942011006,0.0025013710065509404
360811429002002,0.01395162221456241
360810511002004,0.0022185370229072764
360810532001008,0.0012566759835141153
360810942023018,0.002942258183155572
360810973001004,0.002942258183155572
360810007021003,0.002942258183155572
360810657021002,0.002942258183155572
360810671001000,0.002942258183155572
360810846021029,0.002912779530917946
360810884001016,0.005305063962952708
360810358004006,0.0043830813203034995
360810592001014,0.002942258183155572
360810443011005,0.016038356044102527
360810757011003,0.027581701753265745
360810757022006,0.002942258183155572
360810779043001,0.01505428065521099
360810150001003,0.003636567675038582
360810626003003,0.0031205395132312555
360810884001002,0.002942258183155572
360810038001007,0.002942258183155572
360810205001005,0.002942258183155572
360811399001001,0.002942258183155572
360811367001005,0.004682852901910501
360810526002005,0.011284945948610276
360810199011010,0.007353870237838052
360811247002003,0.002942258183155572
360810461001003,0.008994209332487646
360810884005000,0.0020051861432523648
360811385011011,0.002942258183155572
360810071004006,0.051088849114548605
360810629001001,0.003799695199681275
360811241001018,0.002942258183155572
360810163003001,0.054311412515115336
360810358002001,0.0011374444246678732
360811507012009,0.002942258183155572
360811291023005,0.002942258183155572
360811347013000,0.0008787237158910306
360810792001008,0.0008896394772884773
360810190002000,0.04643139485328108
360810188001007,0.005474712914038185
360811347011000,0.008975944090472008
360810892014017,0.002942258183155572
360811008012006,0.00014211682252079062
360810054002002,0.00876445818139774
360811529024003,0.002942258183155572
360810400002006,0.0018879234869131033
360810907001023,0.002942258183155572
360811277004002,0.002942258183155572
360810183003001,0.0011737465810439955
360810295001002,0.002942258183155572
360810199012000,0.002942258183155572
360811193001006,0.0034624748467084548
360811571014011,0.0014892511074447842
360810379003000,0.0011303204201539754
360810637003002,0.002942258183155572
360810001041018,0.002601802242987294
360810057001005,0.002942258183155572
360810999001000,0.002942258183155572
360810111002003,0.001156991734786843
360810309041000,0.002942258183155572
360810595022000,0.002942258183155572
360810548001002,0.003377623836001382
360810524002003,0.0016362374067291842
360810531003006,0.0049418659327103865
360810062021007,0.006337770815184561
360810018001000,0.004193449781537003
360811277001006,0.0013688631499748861
360810616012003,0.002942258183155572
360811471001000,0.002942258183155572
360810846011009,0.0018075059218347627
360810999001009,0.002942258183155572
360811017005008,0.002942258183155572
360811291043002,0.0008596334041000845
360810616011007,0.003636567675038582
360810630002000,0.002942258183155572
360810669001002,0.002942258183155572
360810170001004,0.01367495416896585
360810176001004,0.0049418659327103865
360810973002002,0.00026795551305659927
360810892014014,0.0024875464834721644
360810987001005,0.00040003358073415374
360810745002001,0.002942258183155572
360811047001000,0.013651874310610533
360810619001007,0.004281236120736563
360810158011002,0.00015056775867416827
360810464001003,0.002942258183155572
360811579014000,0.002942258183155572
360810125002003,0.002942258183155572
360810581002003,0.002942258183155572
360811463001004,0.004814785062850083
360811159002006,0.00023099307677802768
360810865001002,0.0071684874341017245
360810928002011,0.002942258183155572
360810448002003,0.0006306382969851567
360810918001001,0.002942258183155572
360811399002010,0.002942258183155572
360810144001002,0.0013502228613487778
360810054003009,0.002942258183155572
360810524001003,0.0076172972698760055
360810208002007,0.002942258183155572
360810998015003,0.001736488966025313
360810446022002,0.0030680723344172164
360810040021014,0.0049278923585676865
360810220011007,0.0033574853551035016
360810889022002,0.0028210847970774615
360810251003006,0.002942258183155572
360810095002000,0.004143475591853906
360810002002005,0.0008930476902365489
360811257001011,0.002335146890214697
360811467003000,0.002942258183155572
360810540002002,0.009498257840175689
360810468002005,0.019565612745402593
360810190001008,0.002457321778853697
360810945002028,0.002942258183155572
360810595022011,0.002942258183155572
360810484001001,0.002942258183155572
360810863002000,0.00235868894130335
360811385014008,0.002942258183155572
360811385014011,0.002942258183155572
360811377004003,0.005051075125652375
360810073002001,0.006127705801636138
360810719002004,0.00392504748693059
360810613011002,0.006902012684475675
360811529011000,0.02800261296407254
360810357002006,0.002942258183155572
360810101002007,0.002942258183155572
360810892014000,0.002942258183155572
360811507011005,0.002942258183155572
360810320002007,0.0024155425738161033
360810216021000,0.002630799571188094
360810062021001,0.011319363090555023
360810437022000,0.02355615785156151
360810379003001,0.0001569201201989509
360811059002000,0.002942258183155572
360810161001003,0.002942258183155572
360810033011007,0.0076646705778549784
360810033011004,0.0006732640849615649
360811167001000,0.004838477116803797
360810987002001,0.0015488577089686586
360811029001012,0.0056783204322756594
360810521002001,0.0004993065463280569
360810803023004,0.0025016098461028637
360811093001004,0.004682852901910501
360811529013003,0.002942258183155572
360810464001006,0.002942258183155572
360811377003007,0.002942258183155572
360810270001006,0.03138214349241021
360811072011016,0.008587324175657031
360810484004002,0.002942258183155572
360810458001008,0.004880214074291761
360810510001000,0.0007935178176611071
360811579012007,0.002942258183155572
360811567001004,0.002942258183155572
360810383021000,0.05808153510706937
360810464001001,0.002942258183155572
360810208002010,1.1334879407145717
360811621005011,0.002942258183155572
360811175005002,0.0014235056475336795
360811333003004,0.002942258183155572
360810413003003,0.03727064292637606
360810255001012,0.0007990604816621796
360811133002000,0.002942258183155572
360810328001002,0.005585224543387548
360810297001008,0.033111569432319334
360810427002002,0.00015434728624856163
360810840004000,0.002942258183155572
360811201001006,0.0017748322497395412
360810837002001,0.0024875464834721644
360810837005006,0.002942258183155572
360810621002002,0.014192489580198716
360810633011004,0.008973914978307582
360810497001001,0.002046779315116474
360810440002001,0.0033574853551035016
360810172002001,0.016936562191181236
360810006003001,0.002942258183155572
360810036002001,0.0014816019197614507
360810085001009,0.0005483359680895768
360810757022002,0.002942258183155572
360810328001000,0.00014345604591135006
360811579012001,0.0012566759835141153
360811409022010,0.002942258183155572
360811479001018,0.002942258183155572
360811155001009,0.007381324432597118
360810556002005,0.0017523022714097632
360811579011001,0.002942258183155572
360811008012003,0.0019830186469455384
360811247003004,0.0019365223375635478
360811367004000,0.017055551135584223
360810614001007,0.0021087587582879893
360810731001003,0.002942258183155572
360810803022008,0.002157069412467972
360810621002000,0.09578904728374091
360810539012004,0.004591392138198683
360810542004001,0.0013834820736990598
360811207012002,0.002942258183155572
360810585003000,0.002942258183155572
360810394003001,0.0009260579719100349
360811617002003,0.002942258183155572
360810220012006,0.0036511246962599503
360810427001003,0.0002412807261162601
360810916034021,0.002942258183155572
360810507002000,0.004155730065046398
360810616013005,0.0031205395132312555
360810809004005,0.005188133550962834
360810502021011,0.003289442910812177
360810942021020,0.002942258183155572
360810564001010,0.006076757300374895
360810637002004,0.002942258183155572
360811451022006,0.002942258183155572
360811201001007,0.0025783879283612634
360810033011011,0.008958535143345662
360810376001007,0.005792012204761647
360811097003002,0.002942258183155572
360811097003006,0.002942258183155572
360810991004020,0.002942258183155572
360810629002002,0.0031906239331597258
360810916035020,0.002942258183155572
360811032012002,0.0018920349252591249
360810186001009,0.002942258183155572
360810104002002,0.0007990604816621796
360810468001004,0.00030077654230793217
360810945002015,0.0048089794443781884
360810664023000,0.002942258183155572
360810999001013,0.002942258183155572
360811451021011,0.001736488966025313
360811435002009,0.002942258183155572
360810320002022,0.002942258183155572
360811277004006,0.0049418659327103865
360811579031003,0.002942258183155572
360811017004002,0.002942258183155572
360810334012015,0.01942930868495785
360811467001005,0.002942258183155572
360810790001000,0.0014204184550897939
360810444003017,0.002942258183155572
360810141002008,0.00846386701708002
360810141002007,0.0013117051041590846
360810797021002,0.0007882111847256979
360810884003005,0.0049418659327103865
360810814001002,0.00035360823029692426
360810612001005,0.002942258183155572
360810138002004,0.002942258183155572
360811579033009,0.002942258183155572
360810723002007,0.002942258183155572
360810757022010,0.0016362374067291842
360811417005006,0.002942258183155572
360810424002007,0.002942258183155572
360810230001003,0.00026257665480824494
360810334012012,0.002942258183155572
360811571011003,0.002942258183155572
360810424002004,0.004551364984910585
360810558002003,0.003399296959674488
360810596002001,0.0005632430041439199
360811399002000,0.0016362374067291842
360811399002001,0.002942258183155572
360811571017007,0.002942258183155572
360811467003003,0.0011110413836341885
360810199011004,0.00030511039612058234
360810683002002,0.0297270185319772
360810100002002,0.00025036073350278345
360810062024002,0.0018531479385341964
360810176002005,0.03138781445431124
360810485003008,0.002942258183155572
360810264001002,0.002942258183155572
360811385014004,0.0005859023462344776
360810383021064,0.002942258183155572
360810614001009,0.0055847980791524305
360810650001009,0.0021496800404839805
360811367006004,0.0026877567511775636
360811435002011,0.002942258183155572
360810454002007,0.00022684377734820708
360811291024006,0.005807542498433771
360810650001007,0.004240100702596799
360810646002005,0.0015775617194055361
360810646002004,0.002942258183155572
360810288012008,0.004231714590729513
360810258002000,0.0036769485962610165
360810964001011,0.0016550517194858867
360810329001012,0.002942258183155572
360810044012007,0.0012795209289647998
360810803021010,0.0010248570116622633
360810202001007,0.017443565910165874
360810363002001,0.0014672721974814118
360810243003006,0.004440311682970352
360810846021014,0.004691096758237069
360810622001011,0.002942258183155572
360810622002009,0.002942258183155572
360810650001005,0.014318434287544882
360810008001003,0.005755403397558092
360811199001003,0.003636567675038582
360811175005005,0.004838477116803797
360810317005015,0.002942258183155572
360810120002000,0.00019417934744298692
360810542002006,0.00013952807237066535
360810638001010,0.0037997230096753687
360810219001006,0.002942258183155572
360810230002002,0.00880356666991869
360810513001001,0.002942258183155572
360810679003009,0.006979167955268742
360810945001003,0.002942258183155572
360810679002002,0.015389185235133397
360811571015001,0.002942258183155572
360810199012005,0.0007663356860222118
360811551042015,0.002942258183155572
360810779024000,0.0030236254008973425
360810081001000,0.002942258183155572
360810559001000,0.00043325238254926334
360810251002000,0.008404940933597399
360811032012000,0.002942258183155572
360810650002012,0.0024155425738161033
360810330004003,0.0018280034439839084
360810255001013,0.006524573607756742
360810997031007,0.0020178171024577683
360811157002003,0.0049418659327103865
360810857003000,0.0004102811875784326
360810138002002,0.002942258183155572
360810687002002,0.002942258183155572
360810493012005,0.002942258183155572
360811039004002,0.002942258183155572
360810484004000,0.000939161127148257
360810997012013,0.002942258183155572
360810337002002,0.006113725144043294
360810654012008,0.004554647860081513
360811291021011,0.002942258183155572
360810612001007,0.0022139480196312067
360810424001000,0.002942258183155572
360811139003000,0.002942258183155572
360811129002005,0.002942258183155572
360811157001004,0.002942258183155572
360810922002000,0.002942258183155572
360810567002005,0.002942258183155572
360811435001008,0.002942258183155572
360811175003004,0.002942258183155572
360811072011006,0.002942258183155572
360810561001005,0.002942258183155572
360810568003003,0.0016885582770583827
360810580004003,0.004903854915972509
360810998011004,0.00328616640572661
360810309061004,0.005051075125652375
360810054002003,0.005066402069394823
360810220013007,0.002942258183155572
360810581001003,0.0003005149240484057
360811008032004,0.0007990604816621796
360811507021005,0.002942258183155572
360811507023003,0.002942258183155572
360811463001011,0.0011110413836341885
360811283001009,0.0030758033382754504
360811409022007,0.003399296959674488
360810102001006,0.005066952157026141
360810532001003,0.004589142276589411
360811033002005,0.002942258183155572
360811033004001,0.002942258183155572
360810549002001,0.00010249808455507664
360810132001008,0.0037615500957515723
360810892013008,0.0008596334041000845
360810088001004,0.0012913933317227036
360810633011002,0.002942258183155572
360810635002005,0.0014338832674836662
360810719002000,0.002942258183155572
360810809001001,0.002194288893100108
360810664022002,0.0012426498483569125
360810476002004,0.0007983706136288657
360811133002006,0.0022139480196312067
360810295002002,0.005038290020656524
360810123011008,0.002942258183155572
360810103002002,0.005634542353845257
360810071001003,0.0012321139311774656
360810238003001,0.002942258183155572
360811227035004,0.0025783879283612634
360810721003000,0.002992023823692675
360810230002000,0.002942258183155572
360810568002000,0.002942258183155572
360810508001000,0.0011163586397062184
360810506002001,0.0044012315286862625
360810889032003,0.002942258183155572
360810716001026,0.002942258183155572
360810383021079,0.002942258183155572
360810189003004,0.0035128500136744983
360810328003005,0.002942258183155572
360811571013001,0.00562664835343073
360810327001002,0.028020220815652055
360810025003000,0.03583509430802824
360810619001006,0.002942258183155572
360811507024000,0.002942258183155572
360810306004005,0.002496524629849726
360810505001005,0.002942258183155572
360810942012006,0.00015922036754459392
360810942031013,0.002942258183155572
360810184021001,0.003267371527671819
360810184022002,0.021393842367766785
360810440002003,0.0028325420312911675
360811283001016,0.010029917069239159
360811241001004,0.002942258183155572
360810272001004,0.002942258183155572
360810033021009,0.005530303157490302
360810803023001,0.002942258183155572
360810086002004,0.002942258183155572
360811385012003,0.005585224543387548
360810334011010,0.0005563272952256402
360810058003000,0.00710004046029894
360811099002008,0.002942258183155572
360811247002001,0.002942258183155572
360810582001002,0.0008264548342810957
360810757013002,0.002942258183155572
360811199001007,0.002942258183155572
360810869001015,0.005585224543387548
360810288021000,0.01845423412558225
360810278001004,0.002942258183155572
360810981002014,0.002942258183155572
360810620001000,0.002942258183155572
360810916041000,0.002942258183155572
360810530001003,0.002526706196183018
360810622001013,0.0028210847970774615
360810337002000,0.01038587532480634
360810351001000,0.011578131777866416
360810179011004,0.0013881770116053048
360810044012004,0.002942258183155572
360810051002001,0.0073139246812414255
360811147001006,0.002942258183155572
360810531001001,0.002942258183155572
360810504002000,0.002942258183155572
360811010033002,0.001430047523319581
360811097003007,0.002153423804535166
360811097003008,0.002942258183155572
360810427002006,0.002960154034022982
360810565001003,0.002942258183155572
360811483001007,0.002942258183155572
360810158021004,0.0017870736684563735
360810104002005,0.0014788845484878697
360810334011009,0.0025578539691368013
360810033011015,0.002942258183155572
360810869001007,0.002942258183155572
360810663012004,0.002942258183155572
360810480001011,0.001037554130797593
360810404004005,0.001977430151699237
360810846012005,0.002942258183155572
360810504002004,0.0033574853551035016
360810590001007,0.002942258183155572
360810062027003,0.0034224552347527897
360810330001006,0.007707999932458358
360810358003005,0.0030118158737025206
360810814003006,0.018737454019300534
360810472003001,0.006794695184977425
360810492012000,0.002942258183155572
360810141002012,0.003748942045300669
360811141002004,0.002942258183155572
360811139001000,0.002942258183155572
360811157002000,0.0007990604816621796
360810981002010,0.005807542498433771
360810489002000,0.002942258183155572
360810379002003,0.030959955977837402
360811579022001,0.002942258183155572
360810294005012,0.0043641892394897805
360810838003004,0.002942258183155572
360810656001008,0.002942258183155572
360810065013000,0.133714503994151
360810101001000,0.004241059861635864
360810190001005,0.013238314109185259
360811283001007,0.001010664561421078
360810376004014,0.0011284323904520637
360810320002000,0.006757006734270704
360810717022009,0.002942258183155572
360810542002001,0.002942258183155572
360811435002007,0.002942258183155572
360810278001005,0.0002531704548206361
360810297001015,0.002942258183155572
360811571021006,0.0010323377000927786
360811571016000,0.002942258183155572
360810179021025,0.002780240724218891
360810179021012,0.002942258183155572
360810199022008,0.002713060669397712
360811241002001,0.002942258183155572
360811417004017,0.002942258183155572
360810505001004,0.00045137117684983577
360810687003015,0.013651874310610533
360810098002005,0.004356724096515044
360810058002006,0.002521153495042705
360810058003005,0.002942258183155572
360810580002004,0.008023696421616386
360810204002004,0.002774930372756454
360810142012004,0.0021435049192221316
360810892013001,0.0029751486945530786
360810086001001,0.025383765315558197
360810577002005,0.00143251460782012
360810073003005,0.002942258183155572
360810717022005,0.002942258183155572
360811347021007,0.002942258183155572
360810446022000,0.0012447985270136403
360810489001017,0.002942258183155572
360810085002001,0.03462824620126148
360810558002001,0.002942258183155572
360811085003003,0.00253639592128443
360810153002000,0.022762722285496927
360811471002008,0.0009639626505441018
360811385021016,0.002942258183155572
360811283001000,0.002942258183155572
360810540001000,0.0015179081750719698
360810540002006,0.012252501332669988
360810123012001,0.0018879234869131033
360810030001004,0.0028491614921786514
360810179011000,0.006449068050400376
360810916032008,0.002942258183155572
360810939003002,0.002212585059055221
360811447002001,0.002942258183155572
360810255001000,0.0018479641924402529
360810707001002,0.003399296959674488
360811241002002,0.002942258183155572
360810680002002,0.010281926665381141
360810664021007,0.002942258183155572
360810330005003,0.0013285222621117504
360811265001009,0.002942258183155572
360811571015004,0.002942258183155572
360811099001011,0.002942258183155572
360810024002000,0.002942258183155572
360811039002001,0.0012321139311774656
360810513001006,0.002942258183155572
360810580002011,0.0167957260691582
360810568003006,0.0037615500957515723
360810613011005,0.003777419759160405
360811367005001,0.002942258183155572
360810991003013,0.002942258183155572
360811147002010,0.002942258183155572
360810713032001,0.00410425350795079
360810404003009,0.002942258183155572
360810790002004,0.002942258183155572
360810552001017,0.003777419759160405
360810330003009,0.010629517969528083
360810158012006,0.0019340622524883933
360810137001020,0.002942258183155572
360810997031004,0.0018879234869131033
360811429002006,0.002942258183155572
360810945001030,0.002942258183155572
360810657021006,0.004682852901910501
360810592001011,0.002942258183155572
360811059001008,0.0013688631499748861
360810919003008,0.002942258183155572
360810188001009,0.002942258183155572
360810797013000,0.01656145322797721
360810154001000,0.002690084690350968
360810942021011,0.000962976226578702
360810297002001,0.002942258183155572
360811129002008,0.002942258183155572
360810853001000,0.0040312858506180325
360810108002004,0.12415238824889442
360810100002005,0.018986882591754208
360810254021010,0.0008899938161174435
360810861002003,0.002942258183155572
360810114001006,0.001890865170730856
360810114001004,0.0001875452009681042
360811211001000,0.007716757136905358
360810667012001,0.002942258183155572
360810803021013,0.001169236078962466
360810365001000,0.0035838039827748615
360810179011002,0.00898224446540197
360810532002000,0.005183909830904601
360810713042002,0.0017719481449663052
360810518001003,0.002942258183155572
360810069002003,0.0018904040691748124
360810061001001,0.005114249681609268
360810623001004,0.0033574853551035016
360810743002000,0.0047226007390440165
360810306004007,0.008198585472670794
360810505001011,0.002942258183155572
360810553001004,0.0022139480196312067
360810922002002,0.002942258183155572
360811409022016,0.0012745716148745943
360810243003008,0.004847718290357204
360810031001004,0.0049418659327103865
360810479003000,0.017948320684975382
360810517002000,0.008794349081316242
360810062013000,0.037462480250760856
360811277001014,0.002942258183155572
360810929004002,0.0003135785466497864
360810496003004,0.13648922841318198
360810656003017,0.007818101040729959
360811579013004,0.002942258183155572
360811621004003,0.002942258183155572
360811621004001,0.002942258183155572
360811459002001,0.006409396458470244
360810606001004,0.00235868894130335
360810621001001,0.002789094168620996
360811571014004,0.002521153495042705
360810309032002,0.002942258183155572
360810329001005,0.0014892511074447842
360810001041008,0.002942258183155572
360810552001009,0.002942258183155572
360810095002014,0.0049418659327103865
360810627001002,0.002942258183155572
360810657021004,0.004551364984910585
360810621002003,0.0007146317519194814
360811085003001,0.002942258183155572
360811507012018,0.002942258183155572
360810001041025,0.0028210847970774615
360810918001014,0.002942258183155572
360810942012008,0.002942258183155572
360810638002000,0.002942258183155572
360810196002006,0.005417394006322776
360810317004000,0.002942258183155572
360810077001003,0.0011704018382390903
360810859002002,0.016048573385681088
360810997043004,0.002942258183155572
360811507013007,0.002942258183155572
360810592001001,0.002942258183155572
360810096002001,0.002942258183155572
360810721004001,0.001995813376269718
360810254021005,0.001843453693419335
360810998011011,0.002540898355293099
360811551042016,0.002942258183155572
360810306001022,0.002942258183155572
360810306001005,0.002942258183155572
360810206001008,0.0036032339440966225
360810934023015,0.002942258183155572
360811039003005,0.007301773242056385
360810278001003,0.002942258183155572
360810632002014,0.0015967495810378333
360810892011008,0.002942258183155572
360810916032003,0.002942258183155572
360811483002001,0.002942258183155572
360810646001002,0.002942258183155572
360810383021003,0.00026795551305659927
360810654013001,0.020785349984562194
360810394001003,0.002942258183155572
360810376002003,0.0023533476639301205
360810366001011,0.008493413759020466
360810577002002,0.002942258183155572
360810337001004,0.00040036589680292296
360810339003001,0.0006241431282147504
360810019031015,0.000923959667356733
360810019031014,0.005585224543387548
360810132002010,0.001283820181490696
360810506001001,0.0013907907538420858
360810086001000,0.011031673727743066
360810846011006,0.00253639592128443
360810972041003,0.000257263021070891
360811099002000,0.0016362374067291842
360811017006004,0.002942258183155572
360810567004000,0.0038217801548148214
360810925001007,0.00032693449419674985
360810907001009,0.004977394151366838
360810654011008,0.006063270507183588
360810110002003,0.01617689794954673
360810846012010,0.003399296959674488
360810964001005,0.002580081623494647
360810964002016,0.002942258183155572
360810320002017,0.002942258183155572
360810476002003,0.0033884254711119078
360810942031005,0.005804664576784371
360811277003011,0.0015814969503898347
360810460002002,0.0063176677210106235
360810347001008,0.006752970995967147
360810384001001,0.0020598003831850988
360810468001006,0.002942258183155572
360810548002001,0.0009260579719100349
360810492011006,0.002540898355293099
360810478021004,0.002942258183155572
360811033002000,0.0021496800404839805
360811579016015,0.002942258183155572
360810358001009,0.0025104746654661583
360810099001002,0.012644715044631504
360810749001011,0.002942258183155572
360810141002005,0.003748942045300669
360810383021067,0.002942258183155572
360810095002012,0.0024875464834721644
360810992002011,0.0031205395132312555
360811551034001,0.0029871470944200992
360810178002006,0.00917459157651264
360810540001007,0.0031205395132312555
360810148001002,0.0024155425738161033
360810534012006,0.002521153495042705
360810695002001,0.002942258183155572
360811441004006,0.0013688631499748861
360811223001007,0.002942258183155572
360810557001003,0.006912866467637412
360810557002003,0.008689071524533935
360810687003013,0.002942258183155572
360810717022017,0.0027463999865942517
360810094002000,0.0004664051506323984
360810054003007,0.0024391780694475564
360810916036008,0.002942258183155572
360810568002012,0.0019830186469455384
360810892018007,0.002942258183155572
360811032011002,0.0015822266061783715
360810773003000,0.002942258183155572
360810294005000,0.0036093486172499812
360811008031006,0.0030206816413726007
360810205001001,0.002942258183155572
360810124002005,0.0017485331842506003
360811341003002,0.002942258183155572
360810069003000,0.0019340622524883933
360810007011002,0.0015574006722088992
360811479002007,0.001890865170730856
360811507012011,0.002942258183155572
360810376001003,0.009265877617001964
360810809005001,0.002942258183155572
360810682002002,0.008958535143345662
360810892017010,0.002942258183155572
360810929002007,0.0049418659327103865
360810638001007,0.002942258183155572
360810404004006,0.002521153495042705
360810484001005,0.002521153495042705
360811247003010,0.005051075125652375
360811367006002,0.002942258183155572
360810249001002,0.0012134633568638457
360810638003007,0.0029599060963856456
360810117003001,0.002942258183155572
360810884007000,0.002942258183155572
360810309031004,0.017962260093847295
360811301002001,0.002942258183155572
360810633022000,0.002942258183155572
360810928003009,0.002942258183155572
360810551002002,0.004448714001422852
360810094001000,0.002942258183155572
360810368001008,0.002942258183155572
360810837001004,0.0003542161124843995
360810717022014,0.002521153495042705
360811571022009,0.002942258183155572
360811010021013,0.002942258183155572
360810240001004,0.0028793692751833003
360811291024007,0.002942258183155572
360810352002007,0.0022139480196312067
360810626001001,0.00026795551305659927
360810294003004,0.00011212500934388808
360810141002009,0.010092848930976544
360810713063001,0.002942258183155572
360810097004000,0.002942258183155572
360811579012002,0.002942258183155572
360811227031004,0.002942258183155572
360811029002006,0.002942258183155572
360811207012005,0.002942258183155572
360810257001006,0.002942258183155572
360811579031014,0.002942258183155572
360810942023006,0.0031936378976844177
360810664033002,0.002355821317006419
360811291033008,0.002942258183155572
360810610001000,0.002942258183155572
360810626001007,0.002942258183155572
360810626002003,0.0031205395132312555
360810330001002,0.0026229282540214125
360811181001002,0.002942258183155572
360810934023010,0.002942258183155572
360810871002007,0.0025526614552273527
360811157002004,0.005183909830904601
360810797022000,0.0004177597900200563
360811099003003,0.0031205395132312555
360810019021010,0.0012621581624470712
360810044011010,0.002942258183155572
360810568002004,0.0027040062552254026
360811257002002,0.0014205895592354944
360810916035012,0.002942258183155572
360811032021002,0.0012566759835141153
360810680004011,0.0010990042043271457
360810991003008,0.002942258183155572
360810073002000,0.003090028667655488
360811529022001,0.00034716289058527223
360811207011004,0.005113310383269226
360810448001004,0.006202380115108136
360810603001001,0.0016362374067291842
360810489001005,0.0024384795567285768
360811483003022,0.002942258183155572
360810062021000,0.002942258183155572
360810039001003,0.021166598738385462
360810492021005,0.002942258183155572
360810247001002,0.002942258183155572
360810103002000,0.002942258183155572
360810111001002,0.004222677177997372
360810591002003,0.0004539427048306589
360810929005011,0.002942258183155572
360810991005006,0.002942258183155572
360810238004002,0.0019830186469455384
360810664032000,0.0006544391642696707
360811579012004,0.002942258183155572
360810568001007,0.002942258183155572
360810596001000,0.002942258183155572
360810328001008,0.0026386038633045175
360811123002011,0.005665478009384686
360810007012000,0.0029069078663065628
360810019011006,0.02326830825479459
360810037001004,0.002942258183155572
360810627002002,0.002942258183155572
360810054002005,0.003793780853900103
360810317002002,0.002942258183155572
360810462001003,0.0007828768960842582
360810383021031,0.002942258183155572
360811283001018,0.002942258183155572
360810480001009,0.002942258183155572
360810306004010,0.0005182902434712759
360810118001001,0.00039612315242650524
360810120002002,0.006230328940401636
360810036002006,0.009972857950435246
360810713042001,0.0008905313112123129
360810635001004,0.002942258183155572
360811129002003,0.002942258183155572
360810492011002,0.002942258183155572
360810697021000,0.002942258183155572
360810196001001,0.004065356157648932
360810456001016,0.0029715298918118562
360810464001012,0.0011244627957561803
360810352001012,0.00016223580017418822
360811039001010,0.002942258183155572
360811059001003,0.002942258183155572
360811123001001,0.0021496800404839805
360810158012001,0.002942258183155572
360811008011004,0.002942258183155572
360811072011015,0.002942258183155572
360811265001002,0.002942258183155572
360811267003001,0.005807542498433771
360810456001012,0.025926156085288234
360810939002006,0.006524573607756742
360811059004011,0.006409396458470244
360810939003000,0.002942258183155572
360810582001004,0.0020261835264584315
360810542004000,0.0029599060963856456
360810444002005,0.00206539084970966
360810632002013,0.002458425018451267
360811571018002,0.0007990604816621796
360811171002004,0.003051677551421763
360811047003010,0.0014489014622748914
360810667011000,0.002942258183155572
360810358002002,0.002942258183155572
360810264002005,0.0005589228549500494
360810330005006,0.002942258183155572
360810650001012,0.006524573607756742
360810383021087,0.002942258183155572
360810284001013,0.0028388867856689063
360810528001009,0.004551364984910585
360810339002000,0.0020232007393689165
360811155002002,0.0005450089683226561
360810709001003,0.002942258183155572
360810531002002,0.002942258183155572
360811181001004,0.006328023250462895
360810479002007,0.0005320637093373625
360810884005008,0.003748942045300669
360810522001001,0.00253639592128443
360811333001002,0.002942258183155572
360810532001007,0.002126766293191597
360811032022007,0.002942258183155572
360811032022012,0.002942258183155572
360810680001003,0.002942258183155572
360810187003008,0.002942258183155572
360810018002005,0.0008934707364303249
360811017007000,0.002942258183155572
360810945002020,0.0012758486098441836
360810907001008,0.002942258183155572
360810916034003,0.002942258183155572
360810916034027,0.002942258183155572
360810179021007,0.002942258183155572
360810400001008,0.0004139073377734686
360811571012004,0.002942258183155572
360810664022008,0.0021496800404839805
360810934023009,0.002942258183155572
360810799002002,0.003399296959674488
360811571021005,0.002942258183155572
360810037001007,0.002942258183155572
360810964002000,0.006337770815184561
360810972041007,0.002942258183155572
360811403002006,0.002942258183155572
360811399002006,0.002942258183155572
360810320002016,0.002942258183155572
360810330001007,0.000590999696200474
360810330003013,0.002852532782226902
360810838004004,0.002942258183155572
360810478021006,0.006409396458470244
360811175001007,0.0038301071668031973
360811291041002,0.002942258183155572
360811010041000,0.0037461954551332305
360810534012002,0.0006608060298476551
360811113003000,0.002942258183155572
360810440003005,0.002942258183155572
360810664021009,0.002942258183155572
360811155001002,0.002942258183155572
360810928002008,0.008958535143345662
360810667011007,0.002942258183155572
360810846021027,0.002942258183155572
360810061002000,0.0029751486945530786
360810916035016,0.002942258183155572
360811017006008,0.0019340622524883933
360811617003012,0.002942258183155572
360810083002002,0.004589142276589411
360810545003000,0.014720655782713199
360810208002021,0.00549690417624242
360810779031003,0.004682852901910501
360811571022001,0.002942258183155572
360810540001003,0.0024765002737278147
360810512002005,0.00298083847205881
360811435001000,0.002942258183155572
360810788001003,0.0036785112123798105
360810997033009,0.002942258183155572
360810869002011,0.005183909830904601
360810414003007,0.0014892511074447842
360810280001004,0.005970003656220882
360810846021016,0.002942258183155572
360810126021001,0.17325120147066464
360811341003006,0.003748942045300669
360810884004009,0.002942258183155572
360810864001002,0.0019340622524883933
360810054003010,0.003835050412156318
360811113003007,0.0008596334041000845
360810243004008,0.0007900128512641598
360811047005006,0.002942258183155572
360810294004000,0.0012321139311774656
360810638005010,0.008958535143345662
360811291041004,0.002942258183155572
360810194002002,0.008523424665617906
360810489001021,0.016139207653787138
360810511001007,0.04692776813817812
360810717022011,0.002942258183155572
360810803021001,0.002942258183155572
360810998015010,0.0014205895592354944
360810293001000,0.00047805605229176817
360811175004006,0.002942258183155572
360810945002021,0.03261218632673093
360811529011016,0.002942258183155572
360810717012003,0.0019365223375635478
360810680001007,0.002942258183155572
360811441004002,0.002942258183155572
360811113002006,0.002942258183155572
360810713062002,0.00011070760330317734
360811039003010,0.002942258183155572
360810616022004,0.002942258183155572
360810482001003,0.006040993350289589
360810113003001,0.009509036680378296
360810019021007,0.002942258183155572
360811247002000,0.002521153495042705
360810183004003,0.002660804453107662
360810521001001,0.011254287912372839
360810106001004,0.004149285776740562
360811247003008,0.002942258183155572
360810249002003,0.0019830186469455384
360810014003000,0.002540898355293099
360810171021005,0.002942258183155572
360810204001005,0.004062750387104399
360810892021009,0.002942258183155572
360811435002008,0.0026063048330436426
360811467003004,0.002355821317006419
360810309032000,0.004332153563411294
360810814001000,0.002942258183155572
360811617001003,0.002942258183155572
360810170002004,0.005232483919077081
360810255001011,0.014536633286445971
360811017005006,0.002942258183155572
360810981002001,0.002942258183155572
360810945001009,0.002942258183155572
360810493011005,0.0011110413836341885
360810677002005,0.002942258183155572
360810884006001,0.0031205395132312555
360810922001009,0.0018047202766787718
360810158021005,0.0017285380013828651
360810803023012,0.002942258183155572
360810535011011,0.002942258183155572
360810159001001,0.00695213380559476
360810337001007,0.0006988578582722086
360810694001007,0.002942258183155572
360810220012004,0.008958535143345662
360810327001003,0.00540904678493182
360810716001012,0.002942258183155572
360810998015002,0.001156991734786843
360811010043001,0.002942258183155572
360811617003002,0.002942258183155572
360811123002012,0.005113310383269226
360810054004006,0.016420894773975663
360810014002002,0.0002705644159117465
360810889021003,0.001736488966025313
360810288011001,0.0036084320332358307
360810137001002,0.004440311682970352
360810022001001,0.004167890059984057
360810919001001,0.0018047202766787718
360810929003006,0.005375865168243651
360810384001005,0.001810074981938284
360810166001000,0.004534581050900651
360810470001000,0.004682849288074756
360811277003003,0.002942258183155572
360810589002005,0.00025968954686574845
360810593002002,0.0015168390861757027
360810884008009,0.002942258183155572
360810352002011,0.002951916880627629
360810919001005,0.002942258183155572
360811157003003,0.0018726199241674345
360810916035013,0.002942258183155572
360811447002010,0.004928801085850797
360811223001008,0.02538294245273186
360810664033006,0.0029871470944200992
360810557002002,0.0037116212873765323
360810779071004,0.002942258183155572
360810803022005,0.002942258183155572
360810243004004,0.002942258183155572
360810102001004,0.00235868894130335
360810219001003,0.002942258183155572
360810236001002,0.00236254245967087
360810641021008,0.005948461022063118
360810086001010,0.0049418659327103865
360810012002003,0.003267371527671819
360810091002000,0.002942258183155572
360810657021005,0.0030149525951409075
360810625002000,0.0013433642027179942
360810779042000,0.0030355080434777263
360810554001002,0.0024656290227204397
360810680001008,0.0011972646169038476
360810294001004,0.008438689476249274
360810190002004,0.0028210847970774615
360811617001007,0.002942258183155572
360810144001006,0.004362046999378978
360810016001000,0.009456292142541468
360810006001005,0.002942258183155572
360810034002000,0.005113310383269226
360810008001002,0.0033574853551035016
360810871002016,0.001776985824753994
360810284002002,0.0009780931235519044
360810779071001,0.010949562338672834
360810991003019,0.002942258183155572
360810731001005,0.004440311682970352
360810309052004,0.0031205395132312555
360811571015002,0.002942258183155572
360811072011003,0.002942258183155572
360811072011034,0.002942258183155572
360810614001001,0.0011110413836341885
360810973003004,0.002942258183155572
360811093003012,0.004440311682970352
360810456001005,0.002942258183155572
360810458001005,0.0012566759835141153
360810427002004,0.0005365758620890697
360810493022005,0.019806471106203396
360811483004006,0.0011110413836341885
360810358003010,0.002942258183155572
360811567001009,0.0005312703639877071
360810253014002,0.002942258183155572
360810375021001,0.005856553449366143
360810694002007,0.002942258183155572
360810373002002,0.01753420401998017
360810972021003,0.002942258183155572
360810339001003,0.0009423339620933081
360810031002004,0.015046905089888166
360811195001001,0.002942258183155572
360810031001002,0.0038223823588808274
360810709002004,0.006056325320062165
360810928002001,0.002942258183155572
360811227025001,0.0003579942751180356
360811032022008,0.002942258183155572
360811093001005,0.0016362374067291842
360810036001003,0.0012373568563024471
360810136002002,0.0012566759835141153
360810745002003,0.002942258183155572
360810743001000,0.00017516936367050073
360810939001002,0.0031205395132312555
360810261004006,0.0029607818424161065
360810261003000,0.002942258183155572
360810654013002,0.006537146628364689
360810188001008,0.0008596334041000845
360810863004000,0.00253639592128443
360810116001003,0.008694769329522902
360810414003004,0.009150110829428145
360810125001013,0.002942258183155572
360810500002000,0.005985067711725128
360810620001004,0.002942258183155572
360811008031000,0.0018908015640401075
360811571016002,0.002064713584002482
360810485003006,0.0014892511074447842
360810123013002,0.002942258183155572
360810973001005,0.002942258183155572
360810444003002,0.002942258183155572
360811621002007,0.002942258183155572
360810997051001,0.002942258183155572
360810928003000,0.002942258183155572
360810665011007,0.007304467167035
360811579021006,0.002942258183155572
360810997031008,0.0024155425738161033
360810031002006,0.003759524493815198
360810347001007,0.00047042602531725315
360810790002003,0.002942258183155572
360810357002000,0.002942258183155572
360810507001000,0.002942258183155572
360810261004001,0.002942258183155572
360810062013001,0.0005019106127866346
360811441003002,0.002942258183155572
360810846021035,0.002942258183155572
360810088001006,0.002942258183155572
360810928002012,0.002942258183155572
360810276001004,0.012159167399316492
360810028001004,0.0013931060211398118
360810459002002,0.004308466898857692
360810108002002,0.0010308292385320813
360811451011005,0.002942258183155572
360811507023009,0.001451807177275501
360810568002007,0.002942258183155572
360810582003000,0.002942258183155572
360810540002004,0.0025516094383687578
360810053001000,0.003910655367697905
360810140001004,0.002942258183155572
360811399002011,0.002942258183155572
360810972071002,0.002942258183155572
360810837001008,0.0013117051041590846
360811291021000,0.002942258183155572
360811451021003,0.002942258183155572
360811347011005,0.002942258183155572
360810085001004,0.005807542498433771
360810566001003,0.006009547333186887
360810257001002,0.0009749619468208047
360811010022003,0.002942258183155572
360810142011003,0.0027584669376789443
360810038002004,0.0013148037120630583
360810179021020,0.0012566759835141153
360810181023001,0.009524694234376959
360810016002000,0.001010664561421078
360810243003010,0.002942258183155572
360810779062000,0.010949562338672834
360810612002003,0.002942258183155572
360810373002004,0.0012321139311774656
360810381001001,0.0013464374599235923
360810939001008,0.002942258183155572
360811441001006,0.002942258183155572
360811483001016,0.002942258183155572
360811227024000,0.002942258183155572
360810973002000,0.002942258183155572
360811257002007,0.0026313791862839623
360811507021001,0.0021496800404839805
360810119002000,0.0030040013722039904
360810542002002,0.0008596334041000845
360810638001000,0.002942258183155572
360811113003003,0.003399296959674488
360811129003003,0.004838477116803797
360811129003004,0.002942258183155572
360810022002003,0.00014748333479221133
360811039004010,0.013143248422533511
360810849021001,0.5942341626143476
360810274001007,0.16222772226705648
360811339001004,0.002942258183155572
360810884008001,0.002942258183155572
360810530002007,0.0004794926622839575
360810045001001,0.002942258183155572
360810741004001,0.002942258183155572
360810376003000,0.0037615500957515723
360810306005003,0.001931922857095612
360810235021004,0.002942258183155572
360811147001001,0.011692332623406717
360810687003016,0.007813483736628117
360810939001013,0.002942258183155572
360810446021002,0.24357405319495243
360810079002004,0.002942258183155572
360811579031011,0.002942258183155572
360810480001006,0.002942258183155572
360810189003002,0.002942258183155572
360810942031007,0.0026607944862780683
360810942031004,0.0016362374067291842
360810694001000,0.0004251209063212196
360810448001001,0.1770322839478498
360810779051006,0.00042229770433751087
360810044012005,0.0006325374612757826
360810007012013,0.004676775341114769
360810934023004,0.002942258183155572
360810938003007,0.005585224543387548
360811047002012,0.002942258183155572
360811215002002,0.002942258183155572
360810001041006,0.0018047202766787718
360810199022013,0.002942258183155572
360810028002004,0.00010176226182377409
360811617003003,0.002942258183155572
360810246001005,0.0007102302069837206
360810204001000,0.002942258183155572
360810254012004,0.002942258183155572
360810232001000,0.02977770844474626
360810613014001,0.0017024880982788855
360811113001001,0.002942258183155572
360810568002006,0.0009327337590390659
360810179021018,0.002942258183155572
360810947002001,0.002942258183155572
360810214002008,0.0037962210077316914
360810097003001,0.00026795551305659927
360810254012006,0.0074820094444463395
360811277004010,0.002942258183155572
360810663012008,0.002942258183155572
360811227021004,0.0020358751618165818
360810377002000,0.0015420086091609256
360810337002004,0.0020579257179768194
360810032001007,0.013211389556056904
360810637003007,0.004534445161777671
360811039004009,0.002942258183155572
360811341001010,0.002942258183155572
360810470001001,0.002942258183155572
360810123012011,0.002457321778853697
360810450001005,0.0049418659327103865
360810499003001,0.002942258183155572
360810086001013,0.004668809375689115
360810779062004,0.006153955589574124
360810892016005,0.002942258183155572
360810439002001,0.00020241413475320115
360810499003003,0.014468499401836801
360810680001000,0.002942258183155572
360810095002015,0.002942258183155572
360810235011001,0.004551364984910585
360810497001006,0.0007083025843347172
360810535011005,0.0006553092831533503
360810024001000,0.004838477116803797
360810358004000,0.007532165413082252
360810840002004,0.018569002472589045
360811571014008,0.002942258183155572
360811571011001,0.002942258183155572
360810126011001,0.004724382179484879
360810132002011,0.010615823730871927
360810037001006,0.002942258183155572
360810659002005,0.002942258183155572
360810892016003,0.0013365118590361962
360811579032011,0.004257442754285564
360810468002004,0.0005636568992209327
360810554001003,0.010602309946369933
360811085001001,0.002942258183155572
360810198002006,0.002942258183155572
360810112002005,0.0029479376174894136
360810006003000,0.003748942045300669
360810044011002,0.009387222710796854
360811059002007,0.002942258183155572
360810466001002,0.002942258183155572
360810660001002,0.002942258183155572
360810892013003,0.002942258183155572
360811483001004,0.002942258183155572
360811579015001,0.002942258183155572
360810384002012,0.0015822266061783715
360810141002001,0.002942258183155572
360810254011002,0.00019077763881107218
360810366002002,0.0012670129869648491
360810122001004,0.002387073191051683
360810208001014,0.004830309820106548
360810452001003,0.00026795551305659927
360810837005003,0.002942258183155572
360810317005000,0.0013688631499748861
360810542004003,0.002942258183155572
360810747001000,0.0520777737586132
360811267001002,0.010594662461948167
360810583003000,0.004497950957026743
360810001012000,0.0024363749346901263
360811171002005,0.002119843794727269
360811047005003,0.0038301071668031973
360810439001000,0.012605548341615595
360810916033000,0.002942258183155572
360810306005002,0.015414748034396577
360810366001004,0.002942258183155572
360810327001005,0.002942258183155572
360810044012010,0.0003570749731519997
360811333001005,0.00235868894130335
360810376004002,0.00048139949549991386
360810818001001,0.002942258183155572
360810972021007,0.002942258183155572
360810992002000,0.002942258183155572
360810032001003,0.002942258183155572
360810775002006,0.002942258183155572
360810577002001,0.16392426288012335
360810558002006,0.0016415430348282582
360811551031002,0.0027497300476125195
360810938003001,0.002942258183155572
360810853001002,0.006969694655334222
360811201001005,0.004589142276589411
360810019021001,0.002942258183155572
360810659001002,0.002942258183155572
360811409011015,0.002942258183155572
360811435002004,0.002942258183155572
360811571014013,0.002942258183155572
360810568001001,0.0003188960923618214
360810182001005,0.007609143098381581
360810484002000,0.004609318806873618
360811155001006,0.0017985013158535771
360810220014001,0.004838477116803797
360811341003012,0.0027040062552254026
360810185022001,0.012654434071861983
360811093002010,0.002942258183155572
360810991004002,0.002942258183155572
360810071001002,0.0016140335339381924
360810520001003,0.0006074735883683569
360810846021034,0.002942258183155572
360810376004008,0.00046176053379835553
360810220013004,0.002942258183155572
360810558002004,0.003748942045300669
360810512002009,0.003399296959674488
360810510002006,0.00024836867822408454
360811113001009,0.002942258183155572
360811367003001,0.002942258183155572
360810434001003,0.008218584814513902
360810280001005,0.005585224543387548
360810818001005,0.00028854437615307224
360810814003007,0.012332533720249244
360811471001005,0.0015822266061783715
360810566001000,0.014003340839507267
360810560001005,0.002942258183155572
360810179021010,0.002942258183155572
360810199012015,0.002942258183155572
360811189002003,0.0020211064080405653
360811223003004,0.002942258183155572
360811341001001,0.002942258183155572
360811207012007,0.002942258183155572
360810463002001,0.09136910692588777
360810098002002,0.03475822053513874
360810334052012,0.007283985094362997
360810532001006,0.0038219754553238347
360811123001003,0.002942258183155572
360810757012003,0.012991884271742884
360811529013000,0.001107173199193314
360811507013008,0.002942258183155572
360810650001002,0.002942258183155572
360810690001010,0.006524573607756742
360811291044007,0.0012321139311774656
360810288012010,0.0027040062552254026
360810534012003,0.003267371527671819
360811579016013,0.002942258183155572
360811579016005,0.002942258183155572
360810972041000,0.001222018699734626
360810998015006,0.0019941650311772093
360811467003006,0.002942258183155572
360811123002005,0.11663647397041746
360810377002004,0.0011394739815902926
360810229001002,0.002942258183155572
360810997051009,0.002942258183155572
360810001021004,0.002942258183155572
360810328003001,0.0005525391207746774
360810694002000,0.0035101647415125936
360810884003003,0.002942258183155572
360810555002005,0.003924389926133715
360811277004003,0.004640442749544869
360810257001005,0.006993782267487856
360811471001012,0.002942258183155572
360810123013001,0.002942258183155572
360810249002004,0.0012566759835141153
360810156002002,0.003399296959674488
360810156001005,0.006556102396997964
360810542002007,0.0008799018297485448
360810542002008,0.0023480985846353135
360810284001009,0.0011804066419734507
360810219001004,0.0033102647358182282
360810973003003,0.002942258183155572
360811039004012,0.002942258183155572
360811039003006,0.002942258183155572
360811093003010,0.002942258183155572
360810542001004,0.007918412465719615
360810694001009,0.00410425350795079
360810094001001,0.013900846622731278
360811283001004,0.0015794898464419125
360810456001009,0.002942258183155572
360810599002002,0.002942258183155572
360810394002002,0.0006293698736253837
360810180001008,0.05352179405689416
360810799001003,0.001010664561421078
360810025005000,0.0007206979769994495
360810402001002,0.006522207986318608
360810184011001,0.006179809295651424
360810590001000,0.002942258183155572
360810334052004,0.002942258183155572
360810320001007,0.002942258183155572
360810383021054,0.002942258183155572
360810204001016,0.015305485446295774
360810172001004,0.004699255605923797
360810178001003,0.007154360683715051
360811147002001,0.002942258183155572
360811257003006,0.008458279431378833
360810803012002,0.006409396458470244
360810928002002,0.002942258183155572
360810853004000,0.0003481231502114987
360810439002002,0.0018771031103312127
360810472002003,0.002942258183155572
360811181001001,0.002942258183155572
360811059003005,0.002942258183155572
360810954002001,0.001132809039119418
360810383011013,0.002942258183155572
360811291031001,0.00108288416014804
360810626002006,0.020126133752666735
360811617004005,0.002942258183155572
360810317002001,0.002942258183155572
360810299001000,0.002942258183155572
360810934012003,0.002942258183155572
360810855001000,0.001786071736818097
360811129001007,0.002942258183155572
360810329003008,0.009913955242492929
360810635001006,0.001975607820374114
360810044011009,0.002146262920793761
360810626003004,0.002942258183155572
360810143002001,0.0008720684818762577
360810094001002,0.0005463070588564221
360811010043008,0.002942258183155572
360810713043002,0.006409396458470244
360810404004007,0.006337770815184561
360811579032000,0.002942258183155572
360810002001001,0.0056672895821177705
360810220021004,0.006709663234561378
360810741002001,0.009501363644019595
360810803011006,0.01093603740535016
360811507021009,0.002942258183155572
360811507024006,0.002942258183155572
360811507023007,0.000618817203192311
360810309051005,0.002942258183155572
360810667011005,0.0008596334041000845
360810997011013,0.002942258183155572
360810293001008,0.0031868318856817617
360810383011022,0.0035384564018433617
360810411001004,0.03371002856390733
360811032022002,0.002942258183155572
360810462003005,0.0020756717959869173
360810063004000,0.003777419759160405
360810775002005,0.002942258183155572
360810601001002,0.012266254465436667
360810717011000,0.01772748582380472
360811277001011,0.002942258183155572
360811377002002,0.0019059510942602872
360811291044005,0.002942258183155572
360810053004001,0.002322960845105171
360810051001002,0.0007220147792803012
360811047001001,0.005051075125652375
360810695001005,0.002942258183155572
360810583003001,0.0008796931156842607
360810361001007,0.002942258183155572
360810363001005,0.002980891617366877
360810182002003,0.0013433223295808284
360810629002000,0.05069946206048783
360810361001003,0.0022587996322301013
360810657021003,0.002942258183155572
360810149002003,0.04156961442368814
360810105001001,0.015492347527201897
360811033001001,0.002942258183155572
360811033001000,0.002942258183155572
360810058002000,0.003927330336340247
360810595022004,0.0013684422019474988
360810934021000,0.002942258183155572
360810889022000,0.00041920647568217766
360810567004003,0.002942258183155572
360810565001006,0.002942258183155572
360810840005000,0.008620159081744367
360810665012001,0.002942258183155572
360810198001001,0.0027127068369017697
360811579011005,0.002942258183155572
360810204002000,0.0029871470944200992
360810539012003,0.010949562338672834
360810600001007,0.0005407224466776466
360810400002010,0.0013688631499748861
360810126011000,0.00428248079896357
360810837002000,0.002942258183155572
360810054004002,0.002942258183155572
360811385021025,0.002942258183155572
360810938001000,0.0027040062552254026
360810472002013,0.0011799568396665845
360810837001010,0.002942258183155572
360811227031001,0.002942258183155572
360810608001002,0.002942258183155572
360810258001003,0.0009260579719100349
360810101002005,0.003451158737290806
360810004001005,0.0015772163478512437
360810034002002,0.0002601149870857035
360810709001000,0.002942258183155572
360810091001002,0.0013256665991120942
360810884006002,0.002942258183155572
360810088002005,0.002942258183155572
360810062011001,0.002942258183155572
360810638003008,0.002942258183155572
360810656001013,0.007015540104587315
360810376005002,0.0002904348881337913
360810246001003,0.0035806234547620173
360810163001000,0.0012321139311774656
360811579023008,0.002942258183155572
360810522001008,0.0049418659327103865
360810166002003,0.0007312602509469691
360811072011012,0.008429984796441458
360811247003001,0.0014892511074447842
360810757013004,0.002942258183155572
360810475001007,0.024659195684511845
360810124002001,0.0390056751547214
360810556001002,0.005113310383269226
360810439001004,0.20582576973415254
360810683002000,0.002942258183155572
360810320001025,0.0013256665991120942
360810373002005,0.0025529207383899227
360810998011006,0.0016362374067291842
360810347001006,0.0012059028716233117
360811247001001,0.002942258183155572
360810769011002,0.002942258183155572
360811093003002,0.0012566759835141153
360810461001000,0.0025751290113542585
360810682001011,0.002942258183155572
360811377001001,0.0005694606710377582
360810818003003,0.0025917078084483915
360811010021004,0.002942258183155572
360810185023001,0.0014827389499381918
360810140001007,0.002942258183155572
360810567001004,0.002942258183155572
360811201001001,0.0006255637573903221
360810972041013,0.0013278978200206345
360810558001001,0.002942258183155572
360810194002003,0.002942258183155572
360810964001008,0.002942258183155572
360810500002003,0.004989225990804098
360810473002006,0.002942258183155572
360810320002009,0.0008596334041000845
360810320004009,0.002942258183155572
360810557001004,0.002942258183155572
360811093001013,0.004535817819635767
360811139001003,0.002942258183155572
360810254012009,0.0019033494944305646
360810446012003,0.0010977472049645896
360810444003008,0.002942258183155572
360811451022016,0.002942258183155572
360810925003001,0.009740902287619051
360810552002008,0.00026795551305659927
360810502011004,0.004641482850763696
360810484001006,0.002942258183155572
360810478021002,0.0025401090453611233
360810660002012,0.002942258183155572
360810119002001,0.0007796672128610162
360810997013005,0.002942258183155572
360810987001011,0.005807542498433771
360810650002011,0.004709927425680888
360810083001001,0.0012663957715108095
360810216021003,0.0036475828819585105
360810869001018,0.00355961761701334
360810641021012,0.004640442749544869
360810775002009,0.002942258183155572
360810561001001,0.00030477478983906905
360810357001000,0.002942258183155572
360810512001010,0.002942258183155572
360810110001001,0.000712649542127081
360810096001001,0.26096817405077866
360810288031000,0.002942258183155572
360810434001007,0.002942258183155572
360810814003004,0.00014409556049755753
360810179021021,0.00575582415630016
360811215001001,0.002942258183155572
360810510002003,0.010252741408383214
360810928001003,0.002942258183155572
360810916035001,0.002942258183155572
360811291024008,0.002942258183155572
360810964002018,0.0016362374067291842
360810992002026,0.002942258183155572
360811291033004,0.002942258183155572
360811291022010,0.002942258183155572
360810792002009,0.0030757086220966935
360810788002000,0.0019830186469455384
360810192002002,0.002629157660490685
360811409011005,0.003777419759160405
360810972021004,0.002942258183155572
360810309061005,0.004974415788942771
360810126022000,0.0011842691835594974
360810189002003,0.002942258183155572
360810884008003,0.001016380966661775
360810992002023,0.0012678374711715362
360810144001012,0.002379617510056388
360810113002000,0.003281956694192556
360810999001012,0.002942258183155572
360811247003006,0.002942258183155572
360810622001004,0.0008596334041000845
360810505001009,0.002942258183155572
360810522001004,0.002942258183155572
360810695001001,0.002942258183155572
360810803023003,0.002942258183155572
360810929003005,0.012437524219123485
360810564001003,0.002540898355293099
360811139003008,0.002942258183155572
360810026001002,0.002942258183155572
360811113003005,0.002942258183155572
360810773003001,0.002942258183155572
360810045002000,0.0009260579719100349
360810293001004,0.0022080747819674825
360810916036014,0.002942258183155572
360810580002003,0.00048230347100852586
360810849011000,0.0050854376682048525
360811579031006,0.002942258183155572
360810317002007,0.01349196323129927
360810469012000,0.00010906822050189156
360810645001002,0.0026313791862839623
360810713052001,0.05312994115987078
360810723002008,0.002942258183155572
360810585003005,0.002942258183155572
360810352001000,0.0018009121078972467
360810320001003,0.006945479557344349
360810206001000,0.004785850697527067
360810204001004,0.0025493366192288467
360810235022003,0.0063434068528703804
360810145001002,0.004838477116803797
360810928003006,0.002942258183155572
360810928002009,0.002942258183155572
360810168002000,0.005316558071512866
360811032022011,0.002942258183155572
360811579033013,0.002942258183155572
360810132001007,0.002942258183155572
360810697023004,0.002942258183155572
360810954003020,0.0003196119535174531
360810775002000,0.002942258183155572
360810929001002,0.0015706046134602138
360810424003006,0.002942258183155572
360810088001009,0.002942258183155572
360811429001001,0.016190890170478374
360810997051012,0.002942258183155572
360811047001006,0.002942258183155572
360810616021003,0.0010630098493606543
360810008001004,0.0012998177168477587
360810916032005,0.002942258183155572
360810174001002,0.006867814600052557
360810232003002,0.0024875464834721644
360810520001002,0.002942258183155572
360811483004004,0.002942258183155572
360810038001006,0.0049418659327103865
360810639002005,0.0019365223375635478
360810014002001,0.006522896712798415
360810112001002,0.0019512650482849422
360810018002004,0.002942258183155572
360810036001002,0.003636567675038582
360810137001004,0.003225976041838878
360810189002002,0.0038345049452256368
360810907001007,0.002942258183155572
360811483003001,0.002942258183155572
360810255001010,0.005312449331716421
360810846021020,0.002942258183155572
360810329001007,0.001216074030720756
360810508001008,0.005794868394097408
360810518001001,0.002942258183155572
360811377004006,0.002942258183155572
360811291042000,0.002942258183155572
360810095002004,0.002942258183155572
360810097001002,0.002942258183155572
360810659001007,0.002942258183155572
360810657031001,0.002942258183155572
360811047005011,0.002942258183155572
360810357002004,0.0020694791152465744
360811367003012,0.00276591723774643
360811241003000,0.002942258183155572
360810357001008,0.0013688631499748861
360811227042000,0.25123321284894484
360811141001014,0.0040754111773181195
360811223003009,0.0009260579719100349
360810697021003,0.005807542498433771
360810884001007,0.003116091360157182
360810363001001,0.003748942045300669
360811385012002,0.002942258183155572
360811385012005,0.002942258183155572
360811291045001,0.002942258183155572
360810147001002,0.008967920158292397
360810163002001,0.017701555718653835
360810099001001,0.0014892511074447842
360811187002000,0.006153955589574124
360811215002006,0.0029751486945530786
360810062025000,0.002094507871717267
360810595022005,0.0015358285953292778
360810216011006,0.002942258183155572
360810892012012,0.002942258183155572
360810171021004,0.10493204673460983
360810171011014,0.0006405743494297067
360810916036009,0.002942258183155572
360810942011016,0.0020374899795585545
360811072021004,0.002942258183155572
360810404003003,0.003424173268083517
360811459002002,0.0026975477351279795
360811347022002,0.008958535143345662
360810601002002,0.004385310852402459
360811479003009,0.002942258183155572
360810600001002,0.0017781407311100068
360810404003006,0.002942258183155572
360811093002004,0.0012321139311774656
360810130001006,0.002942258183155572
360810019021012,0.0002314979496894021
360810091001001,0.0026313791862839623
360810579001000,0.0020333256423758854
360810379003002,0.0187213319985819
360811529024001,0.002942258183155572
360811507024003,0.005807542498433771
360810497002000,0.002942258183155572
360810478021008,0.009810249933367599
360810270001008,0.011463151012444996
360810737002012,0.002942258183155572
360810043001000,0.00021774448531884107
360811479002004,0.003777419759160405
360810638004003,0.004301354799626556
360810694001001,0.0012717723810833522
360810306005013,0.002942258183155572
360810320001009,0.002942258183155572
360810260001001,0.0005268500738332613
360810134002004,0.002942258183155572
360811189001000,0.007101159082930334
360810623002000,0.0052304857892621626
360810294003006,0.002942258183155572
360811047005008,0.004776795775260497
360811099002006,0.005051075125652375
360810884006009,0.0025291959875333846
360811267001005,0.002457321778853697
360810929003003,0.003599409381200933
360810803011007,0.004182814227340485
360810366001012,0.002942258183155572
360810892018016,0.003267371527671819
360811483004010,0.002942258183155572
360810606002006,0.024001213569800953
360810907001013,0.009550372446717258
360810347001004,0.002942258183155572
360811139002003,0.0016362374067291842
360810731002001,0.003777419759160405
360810645001006,0.005585224543387548
360810645002000,0.0065147974806439475
360810713043001,0.002942258183155572
360811551042002,0.0014205895592354944
360810846011003,0.0035998509601268135
360810846011000,0.0022139480196312067
360810180001006,0.0011206102030532192
360811099001001,0.002942258183155572
360811203002004,0.002942258183155572
360810892014012,0.004175525948369624
360811579021009,0.0012410065073585124
360810803012004,0.0004600083821773993
360811227031002,0.0014467709812545247
360810001011015,0.002942258183155572
360810954002007,0.002942258183155572
360810616022002,0.003267371527671819
360811567001012,0.002942258183155572
360811247001013,0.002942258183155572
360811291042001,0.006524573607756742
360810183005000,0.0059739511724948
360810141002006,0.0014456184750021766
360810560001007,0.022974893446137273
360810792001002,0.0009260579719100349
360810942023016,0.002942258183155572
360810622001001,0.002942258183155572
360810440003009,0.009187472703638564
360811621001005,0.002942258183155572
360811621003004,0.002064713584002482
360811171001004,0.002994180231724102
360810987001010,0.002942258183155572
360810596001001,0.0026459812716932707
360811347021005,0.0014757620284610578
360810871002002,0.003428180714844195
360810991004010,0.0025783879283612634
360810282001007,0.00851034469992503
360810214002009,0.004548037830287898
360810929005012,0.003544564336827292
360810448002001,0.00043227363475307676
360810790002000,0.011334827952419099
360810266001006,0.00010748116071434916
360810088002015,0.002942258183155572
360810040012001,0.0007313643852487214
360811403002011,0.002942258183155572
360810276001005,0.002942258183155572
360810682001007,0.002942258183155572
360811571017008,0.00235868894130335
360810583003002,0.027267502156946035
360811409021003,0.002942258183155572
360810243003011,0.002942258183155572
360810367001003,0.00163032932864297
360811333004005,0.002942258183155572
360810383021091,0.002942258183155572
360810797011000,0.05117577621449178
360810939002008,0.002942258183155572
360810552002002,0.0010567482134861963
360811277004009,0.002942258183155572
360810792002000,0.002942258183155572
360810788001004,0.002410217770032472
360810288012009,0.003636567675038582
360811551042018,0.002942258183155572
360811579011007,0.00235868894130335
360810489001025,0.0013688631499748861
360810039001009,0.0030704414283101453
360810534011008,0.002942258183155572
360810114001001,0.002942258183155572
360810365002002,0.002942258183155572
360811010021011,0.009095212098281855
360810516002003,0.0043830813203034995
360810358001006,0.0029599060963856456
360810142022002,0.0004194545512192087
360810443023000,0.04633272846749277
360810907001024,0.002942258183155572
360810892014016,0.002942258183155572
360810622002005,0.00026144415117212636
360811471002010,0.002942258183155572
360811113001010,0.002942258183155572
360811181002000,0.004551364984910585
360810934013002,0.002942258183155572
360810069001001,0.00034145614614091525
360810016001001,0.00520637549079355
360810330002006,0.0007426814483525231
360810040021002,0.04624670166861812
360811093001015,0.002942258183155572
360810997043002,0.002942258183155572
360810156001000,0.0018932173780223142
360810616022010,0.0016538102243631436
360810117004001,0.000986534859743468
360810339001000,0.005132956104471078
360810275001001,0.016221745611989538
360810440003000,0.001010664561421078
360810869001011,0.003040785366030463
360811399002005,0.008458279431378833
360810564001000,0.002942258183155572
360811017006005,0.002942258183155572
360811551042010,0.002942258183155572
360811033004000,0.002942258183155572
360810081001007,0.002900756481880144
360810079001004,0.006976044861596592
360810737002000,0.027954137471642646
360810040012003,0.0010568213287234075
360810552001016,0.020171555959936912
360811008032001,0.0014212503043381983
360810665011004,0.002942258183155572
360810306003002,0.003320879801577568
360810205001012,0.008085524206960423
360810169002000,0.002942258183155572
360810317005011,0.002942258183155572
360811017001009,0.002942258183155572
360811265002000,0.005211954393772344
360810997032002,0.002942258183155572
360810973003001,0.0011019287743652994
360810122001005,0.002942258183155572
360810337002003,0.002942258183155572
360810997011008,0.002942258183155572
360810384001007,0.002942258183155572
360810254011006,0.002942258183155572
360811010043000,0.002942258183155572
360810551002001,0.004350600194689139
360811507012021,0.0010351162681722615
360810184021002,0.002916006150991248
360810443023005,0.0023446629540621413
360811429003004,0.002942258183155572
360810997011009,0.002942258183155572
360810945001010,0.002942258183155572
360810916021005,0.002942258183155572
360811579013000,0.002942258183155572
360810327001001,0.002942258183155572
360810580002009,0.002942258183155572
360810998015000,0.0004374493465012065
360811010041001,0.0007796672128610162
360810019031020,0.002942258183155572
360810059001000,0.0003669333475172065
360810059001001,0.002942258183155572
360810562001007,0.002942258183155572
360810525001002,0.003237540720093205
360810928002006,0.002942258183155572
360811399002007,0.002942258183155572
360810608001003,0.00793977011954341
360810916034014,0.002942258183155572
360810198002007,0.017070593850191797
360810232002002,0.0016286093478911595
360810502011005,0.00017116843773159484
360810964002015,0.002942258183155572
360810641021009,0.0016561819547005424
360810204001001,0.002942258183155572
360810246001002,0.0016362374067291842
360810582002003,0.002942258183155572
360810114001002,0.005051075125652375
360810220014000,0.003636567675038582
360811215003001,0.002942258183155572
360810889033000,0.0015637380645413578
360810664033004,0.0023091231520177163
360811032022001,0.002942258183155572
360811507023004,0.002942258183155572
360811507011006,0.002942258183155572
360810557002009,0.004034979395762499
360810939003004,0.00121140119954241
360810939002005,0.002942258183155572
360810814001009,0.010220309006914792
360810690001008,0.0022139480196312067
360811471001011,0.004536674269081701
360810383011007,0.00032804128424921054
360810919003010,0.002942258183155572
360811201001008,0.001012086676404063
360810284002006,0.0009014487092052248
360811301001000,0.002942258183155572
360810551001001,0.07754765487670502
360810973001013,0.002942258183155572
360810497002004,0.013037161894098726
360810489001019,0.002942258183155572
360810713033001,0.005807542498433771
360810484003004,0.0007377068097582796
360811203001005,0.002942258183155572
360811227025004,0.002942258183155572
360810517001010,0.0008596334041000845
360810539012005,0.00617401085961391
360810568002011,0.0022070074359089387
360810660002007,0.002942258183155572
360811277001012,0.002942258183155572
360810535011008,0.002942258183155572
360810328002003,0.0022139480196312067
360810184021008,0.002942258183155572
360810846012009,0.0022139480196312067
360810840002003,0.00903159237066069
360810132002004,0.002942258183155572
360810803021002,0.0018047202766787718
360810025006000,0.0012566759835141153
360810513002000,0.001156991734786843
360810884003000,0.002064713584002482
360811507021002,0.002942258183155572
360810095002017,0.002942258183155572
360810803012006,0.002942258183155572
360810112001001,0.010712268149939903
360810309062001,0.003485449338679791
360810036001007,0.004640442749544869
360810739001002,0.0014205895592354944
360810590001011,0.0049418659327103865
360811159002004,0.002942258183155572
360810656003016,0.003267371527671819
360810484004008,0.002942258183155572
360810954003009,0.002942258183155572
360811551042014,0.0007618116605858657
360810164001003,0.005051075125652375
360811008042009,0.002942258183155572
360810208002013,0.014106945927668908
360810865003001,0.006409396458470244
360811139003001,0.010694875519251204
360810496002004,0.0019340622524883933
360810595021006,0.002942258183155572
360811191001003,0.0008466836254955579
360811029001015,0.005051075125652375
360810790001003,0.0007128894996521273
360810358004005,0.0029871470944200992
360810394001004,0.012364661945501195
360810641021003,0.006475847977880197
360810351003000,0.002942258183155572
360810116001004,0.0010473156782484065
360810506001003,0.002942258183155572
360810504002005,0.0043830813203034995
360810540003001,0.00031884844711019944
360811129002000,0.002942258183155572
360811139003003,0.0038301071668031973
360810427002003,0.10822876843027276
360810745002007,0.0022910529389063346
360810925001002,0.007405006813936124
360810945002009,0.001010664561421078
360810532001000,0.002942258183155572
360810284001004,0.0033574853551035016
360810368002003,0.0007418859723023643
360811033004007,0.002942258183155572
360810972041010,0.004838477116803797
360810497001000,0.002942258183155572
360810320001011,0.005538218410835857
360810320001017,0.006902012684475675
360810460002003,0.004914181656434942
360810664022001,0.002942258183155572
360810484001004,0.0008102087498774241
360810530001005,0.002942258183155572
360811571014010,0.004440311682970352
360810137001026,0.002942258183155572
360811175002001,0.0007322519609110864
360811059003001,0.002942258183155572
360811155001001,0.002355821317006419
360810062011010,0.002942258183155572
360810884003011,0.002942258183155572
360811341002001,0.0007990604816621796
360810214003008,0.002942258183155572
360810357001006,0.001106978067289239
360810531003014,0.002942258183155572
360810194002010,0.004390186961002838
360810693001000,0.012618315059832288
360810102001001,0.0016066060052712507
360810100002000,0.002264169627977646
360810540003003,0.001441382933302642
360810680003007,0.010602309946369933
360810038001010,0.0011110413836341885
360810947001006,0.002942258183155572
360810562001003,0.004535817819635767
360810028002001,0.0006155751620283749
360810199012017,0.0025783879283612634
360810199012011,0.002942258183155572
360811241001011,0.002942258183155572
360811417004016,0.002942258183155572
360811215001000,0.01993822500753865
360810096002008,0.00025107137999980144
360810282001005,0.007378869524418719
360810164001005,0.002942258183155572
360810483021010,0.002942258183155572
360811059004014,0.002942258183155572
360810596001004,0.0023162994566951283
360810086002003,0.002942258183155572
360810134002000,0.002942258183155572
360810383021065,0.002942258183155572
360811529011019,0.002942258183155572
360810142022001,0.0006501500247961269
360811291021004,0.0009260579719100349
360810184011005,0.00027517963991517143
360811429003008,0.0007990604816621796
360811429002011,0.002942258183155572
360811347011001,0.00012171797938894108
360810033022008,0.0010170393080314313
360811467001003,0.002942258183155572
360810884005005,0.002942258183155572
360811507011016,0.002942258183155572
360811507022004,0.002942258183155572
360811341003003,0.002942258183155572
360810512003000,0.0013256665991120942
360810361001005,0.002942258183155572
360810363001003,0.030997080555086803
360810377002002,0.00020687959559188753
360810243004013,0.003267371527671819
360811579024008,0.0016362374067291842
360810476002007,0.002942258183155572
360810650002005,0.002942258183155572
360810104001003,0.007250912811411448
360811459001002,0.0038301071668031973
360810309051004,0.002942258183155572
360810473002000,0.012807076367458474
360810154001005,0.006059347714145194
360810638004004,0.005262998766652999
360810638003002,0.001175981856295583
360810592001005,0.002942258183155572
360811551041006,0.0012566759835141153
360810085001000,0.002942258183155572
360810171011003,0.006524573607756742
360810916036015,0.002942258183155572
360810339001001,0.0026193191112764626
360810432001007,0.002942258183155572
360811367003009,0.002942258183155572
360810612002000,0.002942258183155572
360810450002001,0.0018354798321735559
360810424002002,0.002942258183155572
360810539012002,0.011974362113347549
360810739003002,0.0007990604816621796
360811507011017,0.002942258183155572
360810306003008,0.002942258183155572
360810334052000,0.008794349081316242
360810170002007,0.000158953209688973
360810176001005,0.0002860932199602923
360810235021001,0.0023890936019269524
360810253021001,0.00713221864886694
360810317005009,0.003428657333923558
360810918001000,0.002942258183155572
360810973001002,0.002942258183155572
360810779022002,0.0043830813203034995
360810166001004,0.002942258183155572
360811227025008,0.0009260579719100349
360810365002004,0.00033169903997638784
360811059004004,0.002942258183155572
360811617001014,0.002540898355293099
360811617004008,0.0031205395132312555
360811579031000,0.002942258183155572
360811429001004,0.002942258183155572
360810916036001,0.002942258183155572
360810058003006,0.00040327622604445013
360811072011030,0.002942258183155572
360810001022001,0.004989837870146509
360810582003005,0.0037615500957515723
360810199011000,0.002942258183155572
360810052001000,0.001095320536663232
360810052001003,0.00012625416293755376
360810040021001,0.001361554425711837
360810040021004,0.00021476834797266747
360810214003004,0.001990402939719766
360810779042004,0.002942258183155572
360811479001012,0.002942258183155572
360811417004008,0.008958535143345662
360811409011013,0.002942258183155572
360810919002000,0.0005753530304280533
360810690001006,0.0016362374067291842
360810534011006,0.005699080267006835
360810779081005,0.002942258183155572
360811283001013,0.002942258183155572
360810007023001,0.0012321139311774656
360810585003006,0.002942258183155572
360810592001012,0.002942258183155572
360811291044001,0.002942258183155572
360810069002002,0.00010191806940260225
360810657033002,0.005408513217396757
360810607011002,0.002942258183155572
360811507022011,0.002942258183155572
360810357003007,0.0015822266061783715
360811085002005,0.002942258183155572
360810083002000,0.0012617791838111475
360811507011001,0.0041652406667149495
360810320003006,0.002942258183155572
360810697023003,0.0018047202766787718
360810062011003,0.002942258183155572
360811113001005,0.004682852901910501
360811341001005,0.002942258183155572
360810448002002,0.0004904367621337459
360811207012006,0.002942258183155572
360810545002000,0.018449748622840816
360810892013010,0.002942258183155572
360810884006004,0.002942258183155572
360810629002004,0.034181085647009925
360810522001002,0.002942258183155572
360810357001009,0.002942258183155572
360810665014004,0.012036005298714432
360810549001002,0.007306174262633913
360810240002004,0.004330710552574174
360810204001007,0.0009103257288074512
360810258001012,0.005672080905319928
360810107011001,0.002942258183155572
360810443011006,0.007902552150800051
360810997031001,0.002942258183155572
360810182002001,0.001485578932786272
360810404003008,0.014258159073952306
360810086001003,0.026584343296678477
360810045001000,0.006409396458470244
360811093001008,0.002942258183155572
360810472002009,0.004682852901910501
360810470001007,0.0024875464834721644
360810270001012,0.0072120068971882985
360810122002001,0.002942258183155572
360810116002001,0.002942258183155572
360810291004000,0.0029599060963856456
360810289001002,0.001891017180349945
360810713031002,0.002942258183155572
360810739001000,0.0011110413836341885
360810284001001,0.002942258183155572
360811529011002,0.002457321778853697
360811479001003,0.002942258183155572
360810916036027,0.002942258183155572
360811385011008,0.0018435724323011893
360810196001004,0.0015239003139689877
360810033021005,0.06154518100471866
360810466002001,0.0012878156156357623
360811617004010,0.008990134707033044
360810208001002,0.0007645737280809285
360811267003002,0.002942258183155572
360810452001000,0.0022139480196312067
360811377001002,0.0013171833336228214
360810622002013,0.002942258183155572
360810939002003,0.006902012684475675
360811059002002,0.002942258183155572
360810837003001,0.002942258183155572
360810632002015,0.0012566759835141153
360810376005007,0.002942258183155572
360811161001003,0.011315158641422561
360810637001000,0.027276787731960832
360810694001005,0.002942258183155572
360810347001005,0.002942258183155572
360811175003005,0.002942258183155572
360810531002000,0.0024133772353317775
360810257001009,0.0017859812344340766
360810928001008,0.002942258183155572
360811579011009,0.0018479641924402529
360810745002005,0.0019830186469455384
360810945001026,0.002942258183155572
360810158021000,0.002129986486954973
360810424002009,0.002942258183155572
360810657031004,0.0007525284638670766
360811223001001,0.002942258183155572
360810400002009,0.0008596334041000845
360810972042000,0.01023219865598696
360810404002005,0.019264040464811606
360810320001026,0.0022277949241515053
360810964001017,0.0026313791862839623
360810568004006,0.002942258183155572
360811333003009,0.002942258183155572
360810907001029,0.002942258183155572
360810280001000,0.03238742433816972
360810945001004,0.002942258183155572
360810149002002,0.002942258183155572
360810132001000,0.002942258183155572
360810639002003,0.01206194854119419
360811017007003,0.002942258183155572
360810140002005,0.002942258183155572
360810232003000,0.002942258183155572
360810206001010,0.006598489631283456
360810295002003,0.0069735564650092105
360810871001000,0.0012566759835141153
360810892012018,0.002942258183155572
360811399001003,0.002942258183155572
360811399001002,0.002942258183155572
360811367003015,0.002942258183155572
360810434001009,0.0031205395132312555
360810288021004,0.002942258183155572
360810814003001,0.0013579898954537073
360811571018012,0.002942258183155572
360811451022000,0.002942258183155572
360811471001002,0.002942258183155572
360811223003011,0.002942258183155572
360810555001002,0.0007441117312165163
360810505001003,0.005907591841949519
360810096001000,0.018447808038996854
360810243003004,0.006524573607756742
360810383021038,0.002942258183155572
360810361002003,0.00103317491440249
360810499002002,0.016962832475347547
360810095002009,0.002942258183155572
360810254012000,0.002942258183155572
360811333003007,0.002942258183155572
360810929002011,0.0023803806259753853
360810086002011,0.002942258183155572
360810039001000,0.008314020927534006
360810542002003,0.0029599060963856456
360810187001002,0.0010699081631986257
360810199021003,0.0014892511074447842
360810181021001,0.0025153539262162683
360811529022008,0.002942258183155572
360810516002004,0.0017158809134402925
360810058004001,0.0017328757017056318
360810489001011,0.005585224543387548
360810616011008,0.002942258183155572
360811441004000,0.002942258183155572
360810125001006,0.002942258183155572
360810161001002,0.0071578445954709365
360810022002000,0.003399296959674488
360810638002009,0.002942258183155572
360810535011001,0.0017244121151947529
360810113003000,0.002942258183155572
360810549002002,0.0004606356231875564
360811039004006,0.002942258183155572
360810892017008,0.002942258183155572
360810531003013,0.002521153495042705
360810178001004,0.006598960047121786
360810495001009,0.003399296959674488
360810616021000,0.002942258183155572
360811033003001,0.002942258183155572
360810330001013,0.0045659879718473
360810376004016,0.002942258183155572
360810334052001,0.002942258183155572
360810198001002,0.002942258183155572
360810255001014,0.0019365223375635478
360811163013001,0.0006315202914447129
360811187002003,0.027203271561750876
360810922003000,0.002942258183155572
360811291044000,0.002942258183155572
360810495001005,0.002942258183155572
360810238003000,0.00027458989707000714
360811417004000,0.002942258183155572
360811029001008,0.0830518759003925
360810437021002,0.00011951798155354141
360811059001004,0.002942258183155572
360810187003003,0.001005341133579446
360810997011010,0.002942258183155572
360811277002005,0.002942258183155572
360810626003001,0.0018174574399725549
360811451011012,0.002942258183155572
360811463001012,0.0005436942201592891
360811451022005,0.002942258183155572
360811161002000,0.0064596927684672754
360810855001001,0.000785484855720626
360810629002003,0.007098922041586688
360811417002002,0.004838477116803797
360810646001012,0.00026795551305659927
360810143002000,0.00012657618003450522
360810004003000,0.0009202308976567189
360810593001006,0.001987428479683473
360811551032004,0.002942258183155572
360810568003000,0.008011965039897293
360810709001002,0.002942258183155572
360810254011010,0.002942258183155572
360810006003008,0.006758660876017557
360810014001003,0.002942258183155572
360811227043001,0.002356510831739138
360811417004010,0.0014235056475336795
360810884008008,0.005807542498433771
360810123012002,0.002942258183155572
360810493021003,0.0026531737733985383
360810284001002,0.004262244671669469
360811265002003,0.0005799785725793025
360811085002003,0.002847213328792297
360810972052000,0.06315569047018055
360811277003013,0.002942258183155572
360811291024004,0.002942258183155572
360810747001003,0.003935149910395481
360810717012004,0.002942258183155572
360810587002001,0.0031990850961786926
360810357003002,0.003494076046988083
360810205001019,0.003267371527671819
360810053004003,0.0036138732282913403
360810057003002,0.002942258183155572
360811507023001,0.002942258183155572
360810479003003,0.002942258183155572
360810513001008,0.002942258183155572
360811029001001,0.002521153495042705
360811215002007,0.002942258183155572
360810694002010,0.00043069835972597836
360810508001001,0.0033943348996392183
360810665012002,0.006902012684475675
360811579014004,0.003267371527671819
360810187003001,0.002942258183155572
360810205002005,0.002942258183155572
360810539013000,0.0023261636424167518
360810840005003,0.002942258183155572
360810398002001,0.003399296959674488
360810001041012,0.004838477116803797
360810019021006,0.02068137165052487
360810799001004,0.2758263812766747
360811507011003,0.002942258183155572
360810125001012,0.002942258183155572
360810595021001,0.0024875464834721644
360810462003004,0.006852835062875623
360811507023014,0.002942258183155572
360810610001003,0.002942258183155572
360810249003003,0.002942258183155572
360810309042002,0.0012742747439854782
360810008002000,0.0003259953500301944
360810008001005,0.006153955589574124
360810741003001,0.00984656634920146
360810892017003,0.002942258183155572
360811059003011,0.002942258183155572
360811171001002,0.002942258183155572
360811385014001,0.002942258183155572
360810504002008,0.0025783879283612634
360810505001006,0.002942258183155572
360810051002002,0.002942258183155572
360810306001006,0.002942258183155572
360810664011010,0.002942258183155572
360810164002000,0.000515838933300055
360810199011001,0.002942258183155572
360811267003007,0.00404405476877036
360811247001006,0.002942258183155572
360811159002005,0.010949562338672834
360810998011003,0.004379818260892741
360810243002011,0.002942258183155572
360810126022004,0.002942258183155572
360810456001011,0.002942258183155572
360810638001002,0.002942258183155572
360810394002001,0.0019340622524883933
360811241003001,0.006902012684475675
360811047005004,0.002942258183155572
360810384002004,0.002942258183155572
360810616021007,0.0008712510295836256
360810199021017,0.002942258183155572
360810339001002,0.0010228250250174258
360811417002001,0.002942258183155572
360811157002007,0.005646179424734978
360811093003011,0.005051075125652375
360810205001016,0.002942258183155572
360810548001006,0.002942258183155572
360810504001004,0.002942258183155572
360810383021015,0.002942258183155572
360810871001001,0.0009010042294178231
360811010032000,0.005691189523335063
360811099002003,0.002942258183155572
360810919002012,0.002942258183155572
360810646002003,0.002942258183155572
360810598002001,0.009726865892456383
360810512002003,0.005912720723210424
360810400002008,0.0031205395132312555
360810106002003,0.005217864161340102
360810444002000,0.009025759766874048
360810317005004,0.001411464299122823
360810945001012,0.002942258183155572
360810404004003,0.003777419759160405
360811579022007,0.002942258183155572
360810159001000,0.0014946249794781097
360811409021008,0.002942258183155572
360811409021000,0.002942258183155572
360810439001002,0.017883896204565188
360810788002003,0.002942258183155572
360811291023010,0.002942258183155572
360811529011006,0.002942258183155572
360810502011011,0.0018479641924402529
360810119001001,0.0031265630836143777
360811141001017,0.002942258183155572
360811059002008,0.002942258183155572
360811151001002,0.003777419759160405
360810667011008,0.002942258183155572
360810665012003,0.002942258183155572
360810864002005,0.00013289719730086804
360810884003001,0.002942258183155572
360810095002005,0.002942258183155572
360810456001008,0.002942258183155572
360810019031012,0.002942258183155572
360810613013000,0.001586965617801545
360810025002000,0.24588963574360742
360810142021000,0.11135913286834302
360810997033004,0.002942258183155572
360810317002006,0.002942258183155572
360810922003001,0.002942258183155572
360810677001000,0.002942258183155572
360810366001003,0.001095320536663232
360811571016005,0.002942258183155572
360810564001005,0.004381478286922901
360810199022010,0.002942258183155572
360810461001004,0.006674252856053024
360810525002000,0.00017598536165993277
360810650001000,0.0033611804205882167
360810270001016,0.0016362374067291842
360811451022015,0.002942258183155572
360810448001005,0.002942258183155572
360811291021006,0.002942258183155572
360811291021003,0.004082203361288233
360810260002002,0.00475429740313821
360811579014008,0.002942258183155572
360811347012000,0.001153337918607017
360810281001002,0.002801635236675434
360810347001001,0.003038571366945765
360810199022003,0.002942258183155572
360811441001002,0.002942258183155572
360810803021000,0.002942258183155572
360810137001000,0.004506400166331245
360810199031000,0.009255455898250463
360810779043000,0.0018879234869131033
360810939001007,0.002942258183155572
360811113002000,0.002942258183155572
360810629001002,0.00611535807165816
360810492021001,0.002942258183155572
360810001041001,0.002942258183155572
360811223003000,0.0025783879283612634
360810065021003,0.00017754459746155792
360810245004005,0.00434901558488109
360810247001007,0.002942258183155572
360810489001004,0.003365455768900791
360810656001011,0.002942258183155572
360810654011004,0.002942258183155572
360810368002002,0.002942258183155572
360811123001008,0.0018479641924402529
360810757011001,0.002942258183155572
360811277003001,0.002942258183155572
360810998021010,0.002942258183155572
360810507002009,0.002942258183155572
360810600001010,0.0024155425738161033
360811579011003,0.002942258183155572
360810220013011,0.0032340191704860327
360810749001009,0.002942258183155572
360810077001004,0.008655157951979551
360810809001002,0.002942258183155572
360810532002002,0.006337770815184561
360810884008000,0.0069621374203618375
360810581002002,0.00436392245873925
360810884004011,0.002942258183155572
360811008011003,0.0013688631499748861
360810638002001,0.002942258183155572
360810330003008,0.002942258183155572
360810306003005,0.02666602576211389
360810168002007,0.013544725982533175
360810997042001,0.004589142276589411
360811017001010,0.006337770815184561
360810189003000,0.007509307923512796
360810973001000,0.004838477116803797
360811207012008,0.002942258183155572
360810779071009,0.001736488966025313
360810637001001,0.0012566759835141153
360810484004001,0.002942258183155572
360811579032013,0.002942258183155572
360811291023008,0.002942258183155572
360810626002001,0.002638275300622694
360810626002010,0.0022139480196312067
360810297002006,0.006475847977880197
360810001041015,0.002942258183155572
360810954003025,0.002942258183155572
360811451022009,0.006902012684475675
360811097001003,0.002942258183155572
360811129001008,0.002942258183155572
360810007021001,0.00021391227015837058
360810051002003,0.002942258183155572
360810159002001,0.002942258183155572
360810006003005,0.0007459113224135962
360810664023005,0.0034186140686787003
360810254011008,0.0010141510256907909
360810603001003,0.0007151038759316765
360810054002004,0.002942258183155572
360810639002004,0.002942258183155572
360810582001007,0.007681037143627994
360810790002009,0.0018212143039374373
360810254021002,0.002942258183155572
360811017005010,0.002942258183155572
360811147002002,0.002942258183155572
360811193002002,0.0068719686807467446
360810916036018,0.002942258183155572
360810599002004,0.000806342877891618
360810516002002,0.03565070626033876
360811377004002,0.0009260579719100349
360810055001012,0.0020918589025227742
360810747001005,0.002942258183155572
360810663012003,0.002064713584002482
360810357002005,0.03740051452024041
360810485003003,0.0016577155546257003
360810240002002,0.02937750896962708
360810478012007,0.002942258183155572
360810123012004,0.002942258183155572
360810591001002,0.015299087549249529
360810508002003,0.005593401899487157
360810458001006,0.0014892511074447842
360811072011010,0.002942258183155572
360810508001002,0.008063524318865442
360811277002004,0.021612667775093762
360810439002004,0.017134233005601664
360810840005002,0.002942258183155572
360810019021008,0.0956920416888011
360810083001000,0.0013676909637797758
360810633011003,0.006524573607756742
360811093003006,0.0029871470944200992
360810482001010,0.0014576153292938372
360810470002002,0.0005470801281253821
360810294001013,0.00026795551305659927
360810288012001,0.0019724261645042364
360810717022000,0.002942258183155572
360810317004002,0.0006074440453409623
360810797024003,0.002942258183155572
360810654013004,0.002942258183155572
360810542004008,0.004331287909927309
360810169001003,0.0003701341183407433
360810371001005,0.002942258183155572
360810376002006,0.002942258183155572
360810334012006,0.00535984683084135
360810779043008,0.002942258183155572
360811072011009,0.002942258183155572
360811247003003,0.002942258183155572
360811377004008,0.002942258183155572
360810086001011,0.0014809399963538296
360810220012008,0.002942258183155572
360810892018012,0.0009260579719100349
360810616021001,0.001156991734786843
360810288022002,0.0043827617658873845
360810282001002,0.06558782986770499
360810199011008,0.005183909830904601
360811139001008,0.002942258183155572
360811341002008,0.002942258183155572
360810132001002,0.002942258183155572
360810511002002,0.0013688631499748861
360810484002001,0.0006832529613253647
360810502011008,0.002942258183155572
360810502021005,0.002942258183155572
360810384002003,0.002942258183155572
360810838001003,0.002942258183155572
360810999001002,0.002942258183155572
360810919002004,0.0017145627872370871
360810919003002,0.005051075125652375
360810259002000,0.001973149373666507
360810033022004,0.0005410126487628064
360810695002004,0.002942258183155572
360811008042010,0.002942258183155572
360810934011003,0.002942258183155572
360811409011002,0.002942258183155572
360810918001009,0.002942258183155572
360810320003002,0.1538055752303976
360811571015012,0.002942258183155572
360810511001008,0.0026238837573012465
360810664031002,0.0018045870474064378
360810151001001,0.005344460182650056
360811185001007,0.011742851367928322
360811207021000,0.002942258183155572
360810466001001,0.002942258183155572
360810446023000,0.005168273064507513
360811129003009,0.012059480644631953
360810414001003,0.024672626599114917
360810942023015,0.002942258183155572
360810444002001,0.024433618835428394
360811567001013,0.002942258183155572
360811155001008,0.00328616640572661
360810489002002,0.001721863501925737
360810892012016,0.002942258183155572
360810192002001,0.026339995946499953
360811017005005,0.002942258183155572
360810136002001,0.0014892511074447842
360810656003008,0.004542735853078387
360810916036010,0.002942258183155572
360810001021005,0.004275261158630175
360810991004009,0.002942258183155572
360810328003000,0.006337770815184561
360810687003000,0.002942258183155572
360810697011000,0.06922318502284032
360810542003008,0.008278074885549878
360810864002004,0.002942258183155572
360810566002004,0.001692368307821377
360810028002007,0.002942258183155572
360810034001001,0.0003783603449351535
360811223003003,0.002942258183155572
360811223003001,0.002355821317006419
360811247001002,0.005585224543387548
360810361002002,0.002942258183155572
360810511001002,0.002942258183155572
360810270001014,0.002942258183155572
360810306001018,0.002942258183155572
360811008041009,0.003089903142525126
360811291031000,0.002942258183155572
360810790002001,0.048987380790335655
360810141002002,0.002942258183155572
360810104002004,0.0033764748092263443
360811093001000,0.002942258183155572
360810057001006,0.0036066351516402385
360810400001009,0.0004833695753431401
360810142011001,0.00972495739078236
360811129003007,0.002942258183155572
360810592001019,0.002942258183155572
360810151002000,0.0008596334041000845
360810024002005,0.002942258183155572
360811195001006,0.0014205895592354944
360810377001004,0.17771502480082105
360811507013000,0.002942258183155572
360811617001000,0.002942258183155572
360810612001000,0.002942258183155572
360810620001012,0.002942258183155572
360810717022003,0.002942258183155572
360810257001003,0.002942258183155572
360810568004012,0.005823751246165216
360811467001009,0.002942258183155572
360811459003005,0.002942258183155572
360810703001002,0.0013688631499748861
360810711002002,0.0011324299607456739
360810945002018,0.002942258183155572
360810001041004,0.004951706642937225
360810125001011,0.0007990604816621796
360810320002023,0.002942258183155572
360811215002009,0.002942258183155572
360810104001002,0.0003048440382709056
360810058004005,0.0022139480196312067
360810383021069,0.00235868894130335
360810154001002,0.0019830186469455384
360810622002003,0.0016063660342311953
360810258002003,0.001627750865149881
360810846021011,0.0021603185546242598
360810589003004,0.003249897702432844
360810757022009,0.002942258183155572
360810664011002,0.002942258183155572
360810331001001,0.00404834726643233
360811008011005,0.005585224543387548
360810176001003,0.010853346640343627
360810293001002,0.0043830813203034995
360810220022004,0.0012566759835141153
360810884004004,0.002942258183155572
360810483021006,0.0010918641286118383
360810981001002,0.002942258183155572
360810264002003,0.0003440148303064276
360811099003002,0.002942258183155572
360811199001001,0.007999996650951793
360810073003001,0.022693238356362732
360810376004005,0.002942258183155572
360810099001003,0.002942258183155572
360811451011000,0.002942258183155572
360810036001010,0.002942258183155572
360810749002015,0.002942258183155572
360810934021001,0.00010407833250191409
360811047001007,0.002942258183155572
360811159001000,0.002942258183155572
360810928002000,0.002942258183155572
360810287004000,0.10639196485954855
360810439002010,0.0029871470944200992
360810368001005,0.002942258183155572
360810400001010,0.002942258183155572
360810580003007,0.00235868894130335
360810999001020,0.002942258183155572
360810928001014,0.004551364984910585
360810054004003,0.002922504492992625
360810054004009,0.0027033821025891245
360810030001007,0.006409396458470244
360810038001005,0.0026042103076414926
360810040021005,0.002942258183155572
360811241001016,0.002942258183155572
360811032023001,0.0017431426864719876
360810181012000,0.0035626733541002046
360810997031002,0.001991740584275646
360810101001003,0.002942258183155572
360810140002004,0.004541694019592313
360811409021014,0.0042026892431875525
360810169002005,0.002942258183155572
360811181001000,0.013519781672128979
360810097001000,0.003835050412156318
360810677002006,0.002942258183155572
360810059003001,0.0018890501238132667
360810716001017,0.002942258183155572
360810473002004,0.00044782464159856766
360810567002001,0.002942258183155572
360810549004002,0.06862863224753823
360810663011001,0.002942258183155572
360811385021011,0.0042366488997009665
360810539013003,0.0012321139311774656
360811429002008,0.0015822266061783715
360810484001010,0.0007990604816621796
360810031002003,0.0003060295698287594
360810134002002,0.0024875464834721644
360810212001004,0.07474716851997655
360811207011007,0.0005152563121695522
360810916034013,0.002942258183155572
360810062023000,0.01081354518347322
360810033021008,0.0007993098493281559
360811377004005,0.002942258183155572
360810929001001,0.0004023927485183194
360810460001001,0.25832284259803884
360810460003001,0.029579076220007574
360810656002001,0.0033707623651057636
360810656002007,0.0017589948151476818
360811579016006,0.002942258183155572
360811579013005,0.002942258183155572
360811579025006,0.002942258183155572
360810889033002,0.002942258183155572
360810606002003,0.002942258183155572
360811139002009,0.004363182520278631
360810383021088,0.033754268196837044
360810019021009,0.004440311682970352
360810837001001,0.0007128894996521273
360810039001004,0.002049537714047726
360810928001010,0.002942258183155572
360810513001007,0.002701618392277467
360810846012006,0.0029751486945530786
360811507021008,0.002942258183155572
360810125001014,0.002942258183155572
360810554001000,0.002942258183155572
360810534011009,0.00235868894130335
360810294002001,0.002942258183155572
360810309041009,0.002942258183155572
360810184022001,0.001438076545671866
360810288011003,0.0002964336756546107
360811617001016,0.002942258183155572
360810803022009,0.002942258183155572
360810884005006,0.004036888764004407
360810729001003,0.0014892511074447842
360810134003002,0.0017127937089585687
360810334011002,0.002942258183155572
360810126012003,0.0011130250776890012
360810062022004,0.0013140369113760564
360811159002003,0.002942258183155572
360810556001005,0.00017373949508284618
360810376005009,0.0024300312023091113
360810889031007,0.0030714644927384896
360810517001000,0.002942258183155572
360810916021003,0.002942258183155572
360811483004002,0.002942258183155572
360810366002009,0.004440311682970352
360810284001005,0.0024155425738161033
360811185001001,0.002942258183155572
360811139002002,0.021760249574902905
360810687001001,0.004551364984910585
360810928001009,0.0043830813203034995
360810694002005,0.005585224543387548
360810838002000,0.009896828254060745
360811010021016,0.002942258183155572
360811133001001,0.0018479641924402529
360810567002004,0.006475847977880197
360810919003000,0.012764820297550826
360810869002010,0.003457537488726033
360811385013005,0.002942258183155572
360810291004003,0.0002477159283728214
360810526001005,0.0028955673444137396
360811551032000,0.002942258183155572
360810172002000,0.002942258183155572
360810863001000,0.035481117485394675
360810019031000,0.002942258183155572
360810973001014,0.002942258183155572
360810294004008,0.004505322927475019
360810320002004,0.003653608486776655
360811579021008,0.003028082373872074
360811571014016,0.002942258183155572
360810194002005,0.00011960843211596874
360810137001006,0.002942258183155572
360810464001005,0.002064713584002482
360810992002020,0.012494822992541932
360810219001019,0.0010379147005832314
360810294005005,0.002942258183155572
360810330003006,0.002942258183155572
360810542001001,0.002942258183155572
360810664022005,0.005183909830904601
360811151001013,0.0016754883504270437
360810485003004,0.0003492461320841408
360811529024004,0.0029871470944200992
360810186001007,0.016448976631791463
360810682001008,0.002942258183155572
360810884006010,0.002942258183155572
360811417005002,0.0017446809330967418
360810737002008,0.002942258183155572
360810504001002,0.0013688631499748861
360810113001000,0.006475847977880197
360811621005013,0.002942258183155572
360810707003004,0.002942258183155572
360810062021003,0.001969935112488945
360810846011002,0.002942258183155572
360811283001014,0.002942258183155572
360810220013006,0.002942258183155572
360810717022007,0.002942258183155572
360810542002010,0.002942258183155572
360810538001002,0.002942258183155572
360810358001003,0.04309797475067541
360810216011001,0.002942258183155572
360811283001015,0.002942258183155572
360810280001002,0.0050118687950317705
360811441004008,0.002942258183155572
360810682002006,0.0029126134147392365
360810536012004,0.002942258183155572
360810538001000,0.0009257222101081141
360810028001001,0.0002545523688494011
360810018002003,0.0012903702350703452
360811189001007,0.00020596161457226778
360811247002011,0.002942258183155572
360810697011001,0.002566281616761981
360810530002005,0.0036269313164892735
360810352002000,0.00018653906256369763
360810353001005,0.003736591150623063
360810483021005,0.03513132709129116
360810171011013,0.002942258183155572
360810622002006,0.011891166320702825
360811441002000,0.002942258183155572
360810638005007,0.002942258183155572
360810206001012,0.002942258183155572
360810717022016,0.020235293976501065
360810184011007,0.004440311682970352
360811451021005,0.002942258183155572
360810525002005,0.0017125551565312746
360811032011006,0.02438386009401646
360810972062005,0.002229392297855054
360810499002001,0.002942258183155572
360810187001006,0.002942258183155572
360811621005005,0.004166066516101837
360810007011000,0.0018479641924402529
360810020001007,0.16628768755476203
360810479001006,0.0008725213157837722
360811579016004,0.002942258183155572
360810999001023,0.002942258183155572
360810475001000,0.0006695356361755727
360811467001008,0.003440121386572352
360810549004005,0.0014757620284610578
360810661001007,0.0049418659327103865
360810034001004,0.002394674559150535
360811215002001,0.0013404857786922584
360811463001000,0.0033884254711119078
360810357003004,0.0038740949379871066
360810120002004,0.009319817003542376
360810150001004,0.0007173044127076509
360810150001001,0.00012515897202592058
360810556002001,0.002942258183155572
360810219001020,0.003399296959674488
360810513001011,0.004208805971652404
360811621004002,0.0018479641924402529
360810580001009,0.006524573607756742
360810202001005,0.0010646088284921658
360810212001002,0.005051075125652375
360810564001002,0.008816615761494558
360811399001008,0.002942258183155572
360810182001002,0.002942258183155572
360811417004013,0.002942258183155572
360811579023001,0.002942258183155572
360810526002000,0.002942258183155572
360810170001000,0.003399296959674488
360810358001007,0.001111160966665887
360810330005007,0.0006635560225582086
360810158012002,0.002530608035202366
360810253011001,0.0007533221947132442
360810235022000,0.0015020693995866198
360811017003006,0.002942258183155572
360810695001007,0.006153955589574124
360811167001006,0.006337770815184561
360810499003008,0.002942258183155572
360811507022000,0.002942258183155572
360810058001006,0.00046227582994368393
360810480001007,0.003468975548410408
360811032021009,0.0012174632088256913
360811621002008,0.002942258183155572
360810942021003,0.0031724632525349304
360810942031012,0.002942258183155572
360810779051000,0.002942258183155572
360810317004013,0.002942258183155572
360810934023008,0.003267371527671819
360810560001000,0.002942258183155572
360810554002000,0.0010317090311955344
360810117003000,0.011051027086829458
360810062025003,0.0013688631499748861
360810194001007,0.00024613699968743845
360810840003000,0.002942258183155572
360810352002006,0.0008056630068574692
360810142011000,0.002942258183155572
360811008032003,0.0016362374067291842
360810443011002,0.018484263923869936
360811203001006,0.0013256665991120942
360810534012008,0.0016362374067291842
360810690001003,0.0004513410608178995
360810384002000,0.003719729198619263
360810288012004,0.0007011239596795342
360810004003004,0.00032620610467863653
360811429002009,0.002942258183155572
360810919001000,0.002942258183155572
360811032012006,0.005293111666428764
360810532001001,0.002942258183155572
360810520001005,0.002942258183155572
360810101001004,0.0029871470944200992
360810075001001,0.0066385642334016535
360810663011004,0.002942258183155572
360810587001002,0.0034945473794237556
360810137001008,0.0001297167159401764
360811507013009,0.002942258183155572
360811617003000,0.002942258183155572
360810220011002,0.002942258183155572
360811047001008,0.0026313791862839623
360810589001002,0.002942258183155572
360810328001004,0.002942258183155572
360810145001001,0.0030598928328987663
360811171001006,0.0015223421909480454
360811033002004,0.002942258183155572
360810539012008,0.007064204758559246
360810437011000,0.04144817196994261
360811463001001,0.006086457886738691
360810458001004,0.002942258183155572
360811072011004,0.003399296959674488
360810229001001,0.002942258183155572
360810229001009,0.002942258183155572
360810220022003,0.0019365223375635478
360811579015003,0.002942258183155572
360811579025002,0.002942258183155572
360810497002002,0.002942258183155572
360810499003002,0.002942258183155572
360810358003004,0.002942258183155572
360810531001007,0.0031205395132312555
360810130001003,0.0029751486945530786
360810155002002,0.00223314355623327
360810884001009,0.002942258183155572
360810884007002,0.002942258183155572
360810713063003,0.002942258183155572
360810440001000,0.042011688107353104
360810942021008,0.004682852901910501
360810942011012,0.006337770815184561
360810680002000,0.002942258183155572
360810294002003,0.0017801255404745974
360810434001010,0.0008596334041000845
360811033003002,0.002942258183155572
360810499003007,0.002942258183155572
360810460003002,0.0005117931524026537
360811072011018,0.002942258183155572
360810680002011,0.0022517811410272806
360810062024000,0.000579374400121297
360810330004004,0.0034789775173308126
360810198001007,0.0017954174381579714
360810731002002,0.002942258183155572
360811113001011,0.002942258183155572
360810028002005,0.0010826858418668875
360810616011000,0.0009605922269412657
360811467001007,0.0039145195765039045
360810593002007,0.0014372469052310903
360811621001001,0.011649211404974566
360810557002001,0.008363692558802937
360811257001010,0.000780577818874333
360811171003008,0.005183909830904601
360810220012003,0.00434019608008659
360810729002001,0.0043830813203034995
360810521002006,0.010949562338672834
360810916034018,0.002942258183155572
360810916032004,0.002942258183155572
360810294005001,0.002942258183155572
360810320004001,0.0038580533686249805
360810520001009,0.0018838282438825584
360810398001010,0.002355821317006419
360810568004007,0.002942258183155572
360810337001002,0.002942258183155572
360811341002010,0.0017127937089585687
360810637004004,0.0012321139311774656
360810635001000,0.0011110413836341885
360811133002004,0.002942258183155572
360811227022000,0.002942258183155572
360810484002003,0.0017979883011057394
360810532002007,0.019378496161225566
360810264002006,0.0006563148788345644
360811579012008,0.002942258183155572
360810846011012,0.002942258183155572
360810818003004,0.005051075125652375
360811010021005,0.002942258183155572
360810992002010,0.0021538782001223116
360810020001005,0.0019830186469455384
360810925001001,0.002942258183155572
360810220021001,0.002942258183155572
360810919001003,0.0043028820330119335
360810216013000,0.002942258183155572
360811008012008,0.001409978864565819
360810861002000,0.002942258183155572
360810001011001,0.003636567675038582
360810869001008,0.0033168710775263177
360810964002011,0.002942258183155572
360811403002003,0.002942258183155572
360810320003003,0.007850629493238207
360810320002002,0.003202377848421607
360810504002003,0.005960494146501985
360810506002004,0.0018479641924402529
360810510001002,0.002942258183155572
360810992001000,0.011451045430366727
360811129001004,0.002942258183155572
360811341001013,0.0029871470944200992
360810595011000,0.0055608805147523924
360810603001013,0.002942258183155572
360811010021010,0.002942258183155572
360810504002006,0.00047420879000151353
360811085001003,0.002942258183155572
360811141002009,0.002942258183155572
360811151001008,0.002942258183155572
360810616021005,0.001437054519201573
360810358002010,0.003748942045300669
360810650002009,0.000989696963789442
360810520001000,0.002942258183155572
360810660001003,0.002942258183155572
360810033011000,0.02619112789344888
360810004002001,0.0006074718232370827
360810187003007,0.002942258183155572
360810214003011,0.014312716979567762
360811571012007,0.002942258183155572
360810558002008,0.0038301071668031973
360810595012005,0.0003419290011874032
360810507001001,0.002942258183155572
360810214002003,0.0006520970423803143
360810627002001,0.011373134164688384
360810274001006,0.0011310815189138734
360811571016006,0.002942258183155572
360811467001011,0.002942258183155572
360811171001010,0.0025706386030166497
360811241001002,0.002942258183155572
360811459003006,0.0009260579719100349
360810019031003,0.002942258183155572
360810538001001,0.0017488744153798957
360810916032012,0.002942258183155572
360810295001000,0.0020523115066511536
360811147002004,0.0038301071668031973
360811529013005,0.002942258183155572
360810585002003,0.002384102020165526
360810618002004,0.002942258183155572
360810616011003,0.002942258183155572
360810306005006,0.002942258183155572
360810446011004,0.059239555959954705
360810446012004,0.011332860699473125
360810788002002,0.008777819617665305
360810334012008,0.003748942045300669
360811429004003,0.002942258183155572
360810582001008,0.0015748595063129521
360811451011004,0.004804044470330727
360811010022000,0.007682151217581566
360810954003019,0.002942258183155572
360810512003003,0.0006625806854452154
360811483004017,0.002942258183155572
360811333002004,0.0009546210882757555
360810243004009,0.00235868894130335
360810198001003,0.0003017373758142446
360810809005000,0.00739980616823308
360810062027005,0.008109260762870179
360810062027007,0.002942258183155572
360811471002000,0.006902012684475675
360811617003001,0.004535817819635767
360810945002006,0.002942258183155572
360810018001003,0.0009436054443530535
360810125001008,0.0073392207130351115
360810119002002,0.0018347673964322455
360810638005005,0.002942258183155572
360810660002003,0.0041880626686883774
360810062021005,0.24888316810266406
360810130002003,0.002942258183155572
360810757011002,0.05607905266640744
360810045001002,0.0011653313116977277
360811039003000,0.002942258183155572
360810929002000,0.0038263045801220246
360811529022010,0.002942258183155572
360810981001000,0.002942258183155572
360810587001001,0.0013373423911040322
360810626001006,0.0024875464834721644
360810054004005,0.004535817819635767
360811157003004,0.05710966419712484
360810468002001,0.012166817518969723
360810840002000,0.0013836149011276463
360810998011002,0.2923153695173878
360811621005007,0.002942258183155572
360810270001013,0.002618799900555525
360810716001024,0.002942258183155572
360810376005000,0.0031205395132312555
360810204002007,0.008177805253116266
360810450001003,0.018228045385502507
360810869001014,0.0012566759835141153
360810508001009,0.0015822266061783715
360810992001001,0.00045363959521703363
360810671002000,0.003267371527671819
360810001022002,0.007942880350725469
360810095001003,0.002942258183155572
360810997032001,0.002942258183155572
360810309063001,0.002039970294555265
360810116001000,0.002942258183155572
360811571017011,0.002942258183155572
360811199001005,0.006337770815184561
360810997012012,0.002942258183155572
360810472002001,0.002942258183155572
360810664021005,0.005113310383269226
360810383021033,0.002942258183155572
360810001011013,0.002942258183155572
360811291033000,0.002942258183155572
360810630002003,0.006475847977880197
360810779051009,0.002942258183155572
360811617001012,0.008458279431378833
360811463002012,0.002942258183155572
360810610001002,0.0038301071668031973
360810001041016,0.00235868894130335
360811441003005,0.002942258183155572
360810282001003,0.002942258183155572
360810580001003,0.0006429149348548295
360810496001005,0.0016765527546527615
360810452001001,0.002942258183155572
360810997045001,0.0572957314932177
360810054001004,0.002942258183155572
360810004003003,0.002942258183155572
360810641011002,0.0073222551258451
360810779043004,0.002942258183155572
360810869002002,0.002942258183155572
360811417004012,0.0025182475476288346
360810123013005,0.002942258183155572
360810641021016,0.002942258183155572
360810683003003,0.0007688045394294306
360810803023006,0.0009260579719100349
360810446012005,0.0015034950329450387
360810997011011,0.0039313911389885475
360811377003011,0.002942258183155572
360810671002007,0.002942258183155572
360810657033003,0.002942258183155572
360810055001011,0.0043830813203034995
360810063001001,0.03352879513832292
360810892014009,0.0031205395132312555
360810320003005,0.000360690167188311
360811621002010,0.0028210847970774615
360811161002001,0.020638889619325185
360810889023000,0.002942258183155572
360810443023003,0.12483012076083873
360810511001012,0.003399296959674488
360810846021026,0.002942258183155572
360810507001007,0.002942258183155572
360810001041000,0.002942258183155572
360810987002009,0.002942258183155572
360811203001003,0.002942258183155572
360810517001004,0.002942258183155572
360810595011004,0.023068091265884216
360810547001003,0.005243338330505611
360810803013009,0.00194394601448944
360811029002002,0.002942258183155572
360810199021000,0.0015908966434869396
360810456001003,0.002942258183155572
360811579032007,0.005568649874312166
360811529022003,0.002942258183155572
360810204002001,0.007564577634595424
360810205001020,0.0024775840010034713
360810413002004,0.031998228836526116
360811479003010,0.002942258183155572
360810639002000,0.012755041396883644
360810138001002,0.005649358589822749
360810568002001,0.002942258183155572
360810186001005,0.018425461960679585
360811571012003,0.0014757620284610578
360810171011004,0.002942258183155572
360811099003001,0.002942258183155572
360810440001003,0.0033884254711119078
360810650002003,0.001804909992133713
360810482001000,0.0001549560460910481
360810437021004,0.02340454558312534
360810743002002,0.00853073886063634
360811507013003,0.002942258183155572
360810656002008,0.0029751486945530786
360810513001002,0.002942258183155572
360810462002004,0.004551364984910585
360810196002003,0.0030506902239370347
360810306001021,0.002942258183155572
360810212002003,0.000838725043260357
360811385014009,0.002540898355293099
360811033004005,0.002942258183155572
360810058003007,0.002942258183155572
360810132002008,0.00019510666078148095
360810585003004,0.002942258183155572
360810585002001,0.004810832596273135
360810713041000,0.0006768382294235373
360810551001002,0.009270024546760482
360811483003023,0.002942258183155572
360811483004016,0.002942258183155572
360810476001000,0.0038301071668031973
360810189001000,0.0012566759835141153
360811195001002,0.002942258183155572
360811175003001,0.0007990604816621796
360811341002006,0.002942258183155572
360810711003002,0.005258356062751214
360810122002003,0.00016219205584401856
360810205001004,0.0021315214778877315
360810922001000,0.002942258183155572
360810264001005,0.011414516188862559
360811085003006,0.0006405743494297067
360811093001011,0.002942258183155572
360810439002000,0.0013808239366061884
360810664011011,0.002942258183155572
360810402001007,0.002942258183155572
360810889031001,0.002942258183155572
360810664031001,0.007379769191496796
360810916021006,0.002942258183155572
360811571015006,0.002942258183155572
360810481004001,0.00611918448479612
360810664012007,0.016499234073644075
360810264001000,0.027822779927700443
360810484003002,0.002942258183155572
360811141002002,0.002942258183155572
360811059002005,0.002942258183155572
360811017007004,0.002942258183155572
360810803023000,0.002942258183155572
360810665011000,0.002942258183155572
360810190002002,0.0023106963034609743
360811241001014,0.002942258183155572
360810059002001,0.00040839357519556853
360810357003003,0.002942258183155572
360810580004002,0.0024875464834721644
360811189001006,0.002942258183155572
360810540002001,0.0013872058590665708
360810992002018,0.002942258183155572
360810991005007,0.002942258183155572
360810208001017,0.002942258183155572
360810158023003,0.002942258183155572
360810102002002,0.0043827617658873845
360810540001009,0.01511911837159852
360810545002001,0.00235868894130335
360810502021012,0.0013028645595064721
360810697013001,0.006833954746407162
360810889022001,0.002942258183155572
360810497001005,0.002942258183155572
360810427001004,0.004551364984910585
360810274001003,0.00025060133859472743
360811571017003,0.00026795551305659927
360811447001009,0.002942258183155572
360811467001006,0.005051075125652375
360811113002003,0.0019830186469455384
360811507021010,0.002942258183155572
360810199012006,0.0031205395132312555
360811223001006,0.002942258183155572
360810695001004,0.0043830813203034995
360810400001005,0.0021496800404839805
360810998012001,0.00041249908499398194
360810531003015,0.002942258183155572
360810243003000,0.0033574853551035016
360810036001012,0.0084088933274924
360810803021009,0.006153955589574124
360811621002011,0.002942258183155572
360811507011011,0.002942258183155572
360811291045000,0.002942258183155572
360811617001015,0.005494980051409178
360810595022010,0.0016712954511214472
360810158011001,0.002942258183155572
360810939001015,0.002942258183155572
360810614001000,0.0029751486945530786
360811291033005,0.002942258183155572
360811291023006,0.002942258183155572
360811291044009,0.002942258183155572
360811347011006,0.011848920936673933
360810929001000,0.0034443290207714647
360810086002008,0.004630639781524445
360810088002011,0.002942258183155572
360811175005003,0.0030084068778789648
360810295002006,0.005897614222354874
360810928001011,0.002942258183155572
360810582003004,0.0019308636732502935
360811529021009,0.002942258183155572
360810540001008,0.013941558297095752
360810142011002,0.001051640932485874
360810199011009,0.00703107902458247
360810918001017,0.002942258183155572
360810317004012,0.002942258183155572
360811483003018,0.002942258183155572
360811483001013,0.002942258183155572
360810001011016,0.002942258183155572
360810019031037,0.002942258183155572
360810638004009,0.002942258183155572
360810334011001,0.002942258183155572
360810945002004,0.010263132434719578
360810973002004,0.002942258183155572
360810055001005,0.002942258183155572
360810171011001,0.005183909830904601
360811291023011,0.002942258183155572
360810580003001,0.0007990604816621796
360810680001013,0.003267371527671819
360810140002001,0.006409396458470244
360811291024005,0.002942258183155572
360810500001002,0.029733236894855807
360811097001008,0.002942258183155572
360810942022001,0.0028034601768668985
360810306003006,0.005051075125652375
360810306004003,0.0010997571513673727
360810164001002,0.0034136071103935337
360810317005010,0.002942258183155572
360811017002002,0.002942258183155572
360811017002003,0.002942258183155572
360811257003000,0.00021794972485887165
360811579034000,0.002942258183155572
360810663012009,0.006475847977880197
360810583003003,0.024251013168116384
360810554001001,0.006524573607756742
360810942021016,0.0012321139311774656
360810954003007,0.024118953642221073
360810580002010,0.004178124575566729
360811181001007,0.0042533259577250526
360810057003004,0.012127414178879602
360810329001011,0.0029599060963856456
360810616013003,0.002942258183155572
360810616011009,0.002942258183155572
360811409022011,0.0008596221878127837
360810001041019,0.001678860081255202
360810042002002,0.0010835406119971058
360811435001004,0.002942258183155572
360810504001007,0.002942258183155572
360810254021004,0.0028012393699452564
360810004001003,0.008060237681523698
360811227035002,0.006343116174954823
360810557002006,0.0018484380776449662
360810383011019,0.002942258183155572
360810884007006,0.002942258183155572
360810413001002,0.002643374726381802
360810276001001,0.00019023777349483752
360811257002004,0.005525268696074596
360810081001006,0.002942258183155572
360810495001008,0.004589142276589411
360810919003005,0.002457321778853697
360811227022001,0.00019609514773657075
360810552001003,0.002942258183155572
360810125001020,0.002942258183155572
360810671002004,0.002942258183155572
360810363001002,0.000268812183290668
360810061001000,0.0026641289460700686
360810330001001,0.005807542498433771
360810855004002,0.0008357606738294661
360810991005001,0.002942258183155572
360810613012000,0.0029850768435726385
360810945002023,0.004535817819635767
360811203002000,0.002942258183155572
360810723003006,0.002942258183155572
360810043002000,0.0018029937635574904
360810478011002,0.006709663234561378
360810664012001,0.0016362374067291842
360811167001001,0.0031205395132312555
360811029001002,0.006409396458470244
360811029001016,0.002942258183155572
360810525001005,0.002942258183155572
360810545003002,0.015849847502876435
360811129003005,0.002942258183155572
360810577002007,0.01941006976585645
360810238002000,0.013686166163984432
360810954003023,0.002942258183155572
360810235011006,0.002942258183155572
360810809007006,0.003399296959674488
360810169001002,0.004668809375689115
360810656002006,0.00321921133431406
360811467001000,0.003636567675038582
360810245001000,0.002942258183155572
360810383021070,0.002942258183155572
360810199022011,0.002942258183155572
360810590001012,0.00876445818139774
360810603001011,0.005475834949033894
360810869002003,0.003324494045266534
360810199021005,0.002942258183155572
360810775002007,0.0027482516471307892
360810814001007,0.0025783879283612634
360810188001004,0.000529462153631986
360810402002001,0.00012073028660119325
360810627001005,0.0037615500957515723
360810627001007,0.002942258183155572
360810507002003,0.002355821317006419
360810462002002,0.00748461690268584
360810462002006,0.0032731001184713613
360811529012006,0.0006280675100188996
360810942011001,0.0027342334287160162
360810270001009,0.0028073342864127298
360811223003010,0.002942258183155572
360810206001015,0.0021843715481696868
360810202001008,0.019226358220093068
360810122002000,0.005585224543387548
360810124001005,0.004602243158269887
360810251001004,0.001736488966025313
360810317002005,0.23902797552552832
360810938001001,0.013559942858249211
360811385021019,0.002942258183155572
360810254011000,0.002617396428740691
360811223001004,0.002942258183155572
360811167001004,0.01574724145671099
360810525001006,0.0026313791862839623
360810033022001,0.022112644564734378
360810707001005,0.001778083107344706
360810729001001,0.0011110413836341885
360810443012002,0.0025983433218574074
360810511002007,0.002942258183155572
360810384001016,0.0019581700673174506
360810432001009,0.0009690371625299517
360810809007000,0.0004143731071050245
360810528001000,0.0031205395132312555
360810394001011,0.002942258183155572
360810942031009,0.002942258183155572
360810737002011,0.002942258183155572
360810496001000,0.002942258183155572
360810504002002,0.013651874310610533
360810168002008,0.005492014080506455
360810838001006,0.002467604420302715
360811191002000,0.004140600966011646
360810773003002,0.002942258183155572
360810775003001,0.002942258183155572
360810437011002,0.00010010323965598179
360810869002001,0.0004175751928472467
360811008032006,0.0033574853551035016
360810954003026,0.002942258183155572
360810470001005,0.014270986653517812
360810665012000,0.002942258183155572
360810659001000,0.002942258183155572
360810470002000,0.004558331759971796
360810620001001,0.002942258183155572
360810320003001,0.007511690915968357
360810320001010,0.0020382339928991687
360811347022008,0.0021496800404839805
360810942021004,0.003748942045300669
360810582002006,0.0014618631187215724
360810992001007,0.004795737284356549
360810582002009,0.00013026023091588932
360810278002001,0.0007572313451421139
360810306004011,0.0029751486945530786
360810306001011,0.002942258183155572
360811621002002,0.002942258183155572
360811033002007,0.002942258183155572
360810479002003,0.004134721065810905
360810884003007,0.002942258183155572
360811141001004,0.0027040062552254026
360810180001001,0.004655671057566288
360810512002004,0.0021496800404839805
360810294003007,0.004682852901910501
360810097003000,0.002942258183155572
360810987001012,0.002942258183155572
360810557003003,0.003650444367435309
360811617002006,0.002942258183155572
360810383021083,0.0015473363708607567
360810922001008,0.002942258183155572
360810505001008,0.0003889591915009175
360811339001000,0.002942258183155572
360810693001003,0.002942258183155572
360810414001002,0.002942258183155572
360810528001006,0.0028210847970774615
360811459003004,0.0007990604816621796
360810459002000,0.00895067948818589
360811385011006,0.0017263124435425927
360810916036030,0.002942258183155572
360810265021009,0.002942258183155572
360810243003002,0.002942258183155572
360810243003009,0.00816667143819098
360811047005009,0.00026795551305659927
360810590001003,0.0024155425738161033
360811621005015,0.005170470354614614
360810664041000,0.0011110413836341885
360810206001009,0.007746769154322409
360810646002007,0.002942258183155572
360811429003006,0.004589142276589411
360811409022013,0.002942258183155572
360810088001002,0.001867735337060613
360810934023002,0.002942258183155572
360810664011001,0.002942258183155572
360811097001011,0.002942258183155572
360810517001005,0.002942258183155572
360811333003002,0.002942258183155572
360810088002010,0.002942258183155572
360810188001005,0.002942258183155572
360810368001000,0.0012321357218453796
360811579022003,0.006153955589574124
360811223002000,0.005183909830904601
360810632001000,0.002942258183155572
360810884006006,0.002978904535270829
360810803023005,0.0004767021005816499
360810779025000,0.014884532010244837
360811471002006,0.002494319849029856
360811435001005,0.002942258183155572
360811435001001,0.002942258183155572
360811483003004,0.002942258183155572
360810181013002,0.018360321453260144
360810551002004,0.00396999598193638
360810205002003,0.002942258183155572
360810517001002,0.0024875464834721644
360810208001015,0.0012321139311774656
360810954001007,0.0019830186469455384
360810638003005,0.002942258183155572
360810368001001,0.004589142276589411
360810524002004,0.0022139480196312067
360810539011002,0.006337770815184561
360810737002010,0.002942258183155572
360810033022011,0.002942258183155572
360810033022003,0.0014041938163796563
360811039004001,0.002942258183155572
360810929002002,0.004281236120736563
360810947002010,0.00032499579840088595
360810925001008,0.0026313791862839623
360810255001001,0.0026193191112764626
360810531001006,0.002942258183155572
360810424002011,0.002942258183155572
360810158013004,0.0009755773686969981
360810170001005,0.002942258183155572
360811039003004,0.002942258183155572
360810659001003,0.0043830813203034995
360810534012004,0.002942258183155572
360810402002004,0.006337770815184561
360811008042001,0.002556576350293232
360810184021003,0.0019225448494234053
360810510002007,0.005241539009556882
360810172001002,0.0009542259253820963
360811265002004,0.00017649347558517574
360810803013004,0.005051075125652375
360810973001006,0.008958535143345662
360810945001001,0.002942258183155572
360810947002006,0.0013822859572850418
360810981002003,0.002942258183155572
360810997041002,0.002942258183155572
360810632002011,0.00989278189340797
360810779072000,0.009754445272711168
360811099003006,0.002942258183155572
360810942021015,0.002942258183155572
360810654013007,0.001689126834590673
360810626001003,0.002942258183155572
360810329003006,0.004410908857483499
360811409021016,0.002942258183155572
360810019031023,0.002942258183155572
360810934023013,0.051920717916102206
360810918001003,0.002942258183155572
360810044011008,0.0001870542677804703
360811571022006,0.002942258183155572
360810703002000,0.002942258183155572
360810125001019,0.11489219193378153
360810196001002,0.002526629649657194
360810582003006,0.002942258183155572
360810091001003,0.0001381611570912644
360810216021002,0.002942258183155572
360810797024002,0.006057003622612008
360810664011015,0.002942258183155572
360810884006000,0.008184041471541337
360811215003004,0.0006067519131198401
360810055001007,0.008796811023754599
360810194001003,0.009200296551137613
360811621001002,0.005966758538199386
360811017002008,0.003636567675038582
360811291041001,0.002942258183155572
360810619001001,0.004589142276589411
360810623002002,0.012950327014439676
360810587003001,0.001014186762494874
360810603001009,0.007252325154960144
360810929002009,0.002942258183155572
360810561001007,0.002942258183155572
360811507011000,0.002942258183155572
360810243001008,0.002942258183155572
360810320001019,0.003578123063949321
360810358003007,0.002942258183155572
360810661001005,0.002942258183155572
360811377002003,0.004551364984910585
360810033021006,0.0007327782374376391
360810991005013,0.003748942045300669
360811207011005,0.002540898355293099
360810499004005,0.0006597348640777754
360810510002002,0.00237715963796044
360810997051000,0.002942258183155572
360811409022009,0.002942258183155572
360810577003000,0.0021046929519673197
360811579016001,0.0003257514134710439
360810716001025,0.002942258183155572
360810095001002,0.002942258183155572
360810568001000,0.012494822992541932
360810040021012,0.00122251061521738
360811008012004,0.00235868894130335
360810594002005,0.0005323903890933428
360811171002006,0.002942258183155572
360811093002016,0.004193333364130253
360811097001005,0.002942258183155572
360810019011003,0.002942258183155572
360811567001002,0.014564549514100711
360810472001004,0.002942258183155572
360811529011001,0.002942258183155572
360810942011010,0.00011957153632475129
360810294005003,0.002942258183155572
360810294001011,0.002942258183155572
360810306001014,0.002942258183155572
360810737002001,0.002942258183155572
360810582003009,0.000563788486570583
360810837002002,0.00048597421628956516
360810081001008,0.001359461654211558
360810485002003,0.00711669071652918
360810638005001,0.002942258183155572
360810330005005,0.0038223823588808274
360810330003011,0.008958535143345662
360811579016000,0.002942258183155572
360810140001006,0.0008710661242953174
360810099001005,0.003446626268006295
360811147002007,0.002942258183155572
360811339001001,0.002942258183155572
360810645001004,0.010454251004446812
360811085001010,0.0026313791862839623
360811441004001,0.002942258183155572
360810942031011,0.002942258183155572
360810306004009,0.0027040062552254026
360810846021012,0.002942258183155572
360811579033012,0.0016841838839156977
360811529011015,0.002942258183155572
360811072011021,0.002942258183155572
360811377002005,0.004080753563586033
360810618001001,0.002942258183155572
360810205001010,0.002942258183155572
360811047004001,0.001340800076522576
360810320004010,0.002942258183155572
360810182001003,0.0020860331659838115
360811579032002,0.002942258183155572
360810358002003,0.006681131613816289
360810358002009,0.002942258183155572
360810518002003,0.00018956663559124962
360810530002001,0.002942258183155572
360811529012005,0.00474875141495864
360811571017001,0.002942258183155572
360810552001000,0.002942258183155572
360810179011003,0.002942258183155572
360810713062000,0.002131855056673615
360810997031006,0.002942258183155572
360811203001004,0.003267371527671819
360810916034015,0.002942258183155572
360810716001031,0.002942258183155572
360810264001001,0.0015155361028884578
360811617003005,0.002942258183155572
360810992001005,0.02754065571586607
360810991002000,0.002942258183155572
360811017003000,0.002942258183155572
360810583001003,0.0002366998097596248
360810552001015,0.002942258183155572
360810964001006,0.004535817819635767
360810964002010,0.0019365223375635478
360810480002004,0.008086364359293004
360810502011003,0.002942258183155572
360810306005010,0.001010664561421078
360810840004003,0.007078654580879185
360810516001001,0.00041308318826332704
360810006003002,0.002540898355293099
360810243001004,0.002942258183155572
360810664032001,0.002942258183155572
360811435001007,0.006902012684475675
360811113003001,0.00816667143819098
360810939001016,0.004589142276589411
360810716001008,0.002942258183155572
360810470002006,0.002843594681534263
360811301003008,0.002942258183155572
360810548001003,0.002942258183155572
360810137001024,0.002942258183155572
360810007021002,0.008100085682692808
360810088001017,0.002942258183155572
360810140001005,0.00026795551305659927
360811241001013,0.0019365223375635478
360811010033001,0.0008893764776676937
360810484002004,0.003636567675038582
360810779041004,0.002942258183155572
360810657033001,0.002942258183155572
360811551032003,0.002942258183155572
360810198003003,0.0016162425638636489
360810916034010,0.002942258183155572
360810384002010,0.002942258183155572
360810284002005,0.005813103647634867
360810884002006,0.002942258183155572
360810284001006,0.002942258183155572
360811451022001,0.002942258183155572
360810582001005,0.002942258183155572
360811341001006,0.002942258183155572
360811417003005,0.002942258183155572
360810172002006,0.002942258183155572
360810623001003,0.0019365223375635478
360810749002006,0.002942258183155572
360810462001001,0.00047223043135927585
360810243004012,0.002942258183155572
360810892013013,0.002942258183155572
360810086002013,0.0072706089065545
360810745002000,0.002942258183155572
360810907001016,0.002942258183155572
360810552002001,0.002942258183155572
360810062027002,0.0057325103621154476
360810448001006,0.0026985445421596065
360810892015006,0.002942258183155572
360810540003002,0.0002596844079859728
360810142012002,0.03766202770453124
360810054004000,0.014253676793832786
360810547001001,0.0012033219574636783
360810797024001,0.009156019808238531
360810803022003,0.002942258183155572
360811185001006,0.0013572176051309085
360810366001009,0.0019340622524883933
360810892011003,0.002942258183155572
360810929002005,0.010384411071649585
360811435002002,0.002942258183155572
360811471002002,0.002942258183155572
360810198003004,0.0022139480196312067
360810444003003,0.002942258183155572
360810997051014,0.0019026467714989338
360811223002005,0.004626889012302825
360811467001010,0.0011892003675021193
360810123011005,0.0019365223375635478
360810199012007,0.02290183803149376
360810297001006,0.002942258183155572
360810249001007,0.002942258183155572
360810654011007,0.002942258183155572
360811093002001,0.002942258183155572
360811039002000,0.002942258183155572
360810463001005,0.00036247501250294965
360810531003012,0.0007868345831336846
360810142021008,0.011036499051521546
360810156002000,0.0037642676482300364
360811301003001,0.0010848767442270155
360811010021019,0.00034179650550868234
360810663012005,0.002942258183155572
360810667012003,0.0031205395132312555
360810087003000,0.002942258183155572
360811010043002,0.020308100309646398
360810568002014,0.005807542498433771
360811621001000,0.002942258183155572
360810330001012,0.003267371527671819
360811529023011,0.002022808425189873
360811529022002,0.004535817819635767
360810863003000,0.008386654031456053
360810471002001,0.002942258183155572
360810475002009,0.006337770815184561
360810475002008,0.002942258183155572
360810871002013,1.0338939634821194
360810973001008,0.002942258183155572
360811277003007,0.002942258183155572
360810306001030,0.002942258183155572
360811093001010,0.002942258183155572
360811579031013,0.002942258183155572
360810561001002,0.0036584330208424094
360810230002005,0.001736488966025313
360810095002003,0.0025933136794627164
360810019031022,0.002942258183155572
360810134003000,0.002942258183155572
360810942032001,0.011477843691566098
360810654012004,0.001010664561421078
360810216021006,0.002942258183155572
360810424001007,0.002942258183155572
360811072011002,0.000480237078278703
360810229001004,0.005051075125652375
360810918001002,0.002942258183155572
360810566002003,0.002942258183155572
360810120001001,0.002942258183155572
360810120002001,0.0003277007163629949
360810745002008,0.002942258183155572
360810665012005,0.002942258183155572
360810608001011,0.002942258183155572
360810111002006,0.002942258183155572
360810143001001,0.008688046592397889
360810034001002,0.0009152307032386345
360811571022005,0.005183909830904601
360810114001000,0.002942258183155572
360810849012006,0.00027807871800373754
360810585001001,0.0009276578465399894
360811032023002,0.002942258183155572
360811507024009,0.002942258183155572
360810032001009,0.04320834835750833
360810297002016,0.002942258183155572
360810788001001,0.0014444047819444136
360810294001008,0.003399296959674488
360810598001001,0.0020623580166339727
360810889031006,0.0022139480196312067
360810057001003,0.002942258183155572
360811147001003,0.002942258183155572
360810043002003,0.002942258183155572
360810637002005,0.0028532359733999873
360811093003007,0.002942258183155572
360811277004011,0.002942258183155572
360810507002010,0.002445477612118065
360810361001004,0.002942258183155572
360810884002001,0.0033884254711119078
360810499003005,0.016671353505396908
360811159002001,0.002942258183155572
360811429003007,0.002942258183155572
360810945002030,0.002942258183155572
360810515003004,0.002942258183155572
360810916036012,0.002942258183155572
360810259001002,0.002942258183155572
360810081001002,0.002942258183155572
360811367004001,0.005183909830904601
360810083002007,0.0005729901275378143
360810987002014,0.002942258183155572
360811029002003,0.002942258183155572
360811203002007,0.002942258183155572
360810058001012,0.006524573607756742
360810892016001,0.0022947830396414194
360810779071002,0.00023099307677802768
360810729002005,0.003695804725569878
360810747001001,0.03301374125625742
360810991004006,0.002942258183155572
360810942023009,0.002942258183155572
360810216012000,0.002942258183155572
360810102001002,0.0013996838177501771
360811072011013,0.002942258183155572
360810954001000,0.002942258183155572
360810942011005,0.01393165258928226
360810892016013,0.002942258183155572
360810402001001,0.0018047202766787718
360810126021000,0.03049726924576371
360810171011005,0.002942258183155572
360810625001004,0.0014205895592354944
360810633011005,0.0007232805660303282
360810299001002,0.0007537981791410472
360811099002002,0.002942258183155572
360810942023002,0.002942258183155572
360810680004014,0.0071816939430599126
360810687003003,0.00035990425402074186
360810294005011,0.008952971871569812
360810229001003,0.002355821317006419
360810158012000,0.0018056489378092933
360810122001003,0.003964437922385633
360810108001002,0.002064713584002482
360810317002000,0.005183909830904601
360810097004001,0.0033131112808274066
360810034002001,0.004309556875638289
360811479001005,0.002942258183155572
360811385014003,0.002942258183155572
360811507013005,0.002942258183155572
360811072011019,0.002942258183155572
360810916035011,0.002942258183155572
360810591004002,0.0129115795913274
360810259001005,0.0016133841408497347
360810352001011,0.001710352233497861
360810375021002,0.005415067762819365
360810329001008,0.0029871470944200992
360810918001004,0.002942258183155572
360810889031004,0.005051075125652375
360810262001008,0.0002423857123055523
360810306005009,0.010092848930976544
360810168001000,0.002942258183155572
360811008032000,0.0007424319094318881
360811265001007,0.002942258183155572
360811385012001,0.002942258183155572
360810929003004,0.002942258183155572
360810853002000,0.0001701407011842737
360811029002005,0.002942258183155572
360810729001005,0.003636567675038582
360810639001008,0.002942258183155572
360810717012000,0.00014831851370842797
360810916032014,0.002942258183155572
360810381002001,0.008958535143345662
360810334012011,0.015352424044486895
360811429004009,0.002942258183155572
360810047001001,0.002942258183155572
360811291042003,0.0019340622524883933
360810496002008,0.005183909830904601
360811367003013,0.0031205395132312555
360811333004000,0.002457321778853697
360811399002012,0.002942258183155572
360811187002004,0.002829952773639929
360810838001007,0.00982565543050762
360810818003000,0.012519228014547442
360810992002008,0.0021496800404839805
360810749002008,0.002942258183155572
360810919003003,0.003324494045266534
360810916034004,0.0006368531266516971
360810769021001,0.006462313298256987
360810512003001,0.001198876369677478
360810972062008,0.0018524184923381717
360810499003011,0.002942258183155572
360810480002005,0.002942258183155572
360810306001003,0.002942258183155572
360810176002004,0.0007813246183856886
360811085002006,0.002942258183155572
360810939002000,0.002942258183155572
360810470001009,0.0018538582263357758
360810440003002,0.20358849970718151
360810560001002,0.002942258183155572
360810664021010,0.002942258183155572
360811141002005,0.002942258183155572
360810196002002,0.004882307612903234
360810216021005,0.0029871470944200992
360810773002001,0.002942258183155572
360810508001006,0.013109392046128349
360811207011000,0.0035643691297882448
360811579011010,0.002942258183155572
360810199012016,0.008458279431378833
360810001041014,0.002942258183155572
360810437012003,0.0028632943745898554
360810687003007,0.002942258183155572
360810792001004,0.002942258183155572
360810040021006,0.002942258183155572
360810266001007,0.0029871470944200992
360810280001006,0.0013668344693782619
360810288021002,0.002942258183155572
360810538001003,0.006409396458470244
360810045001007,0.0018238246736586243
360811189002000,0.00020377421045777034
360811341002002,0.002942258183155572
360811459002008,0.002942258183155572
360810058003010,0.002942258183155572
360810394003000,0.001155539291799831
360811571015007,0.004682852901910501
360810047001003,0.013015561232280549
360810884001021,0.002942258183155572
360810243004001,0.002942258183155572
360810694001011,0.002942258183155572
360810612001004,0.002942258183155572
360810334011000,0.0011110413836341885
360810446023001,0.00042939110638527743
360810814001004,0.002618417539430193
360810790002005,0.010949562338672834
360810247001001,0.002942258183155572
360810788002005,0.001378876887672724
360810260002000,0.0007900128512641598
360811551042006,0.0239244122868579
360810086002009,0.002942258183155572
360810562001002,0.002942258183155572
360810568001005,0.0007100099073889339
360810052001004,0.004589142276589411
360810837005008,0.002457321778853697
360810062023002,0.0005607588503331628
360810208002018,0.03059119412932603
360811385021021,0.002942258183155572
360810991003014,0.002942258183155572
360810892017007,0.003399296959674488
360810192001003,0.0017799019620595785
360811571021003,0.0007612469576955617
360810616011010,0.008958535143345662
360810716001014,0.002942258183155572
360810803023008,0.002942258183155572
360811113001013,0.002942258183155572
360811417001004,0.003748942045300669
360810646002006,0.002942258183155572
360810232002000,0.016412975711068367
360810309041010,0.002942258183155572
360810616022008,0.001282544067791429
360811129001002,0.002942258183155572
360810997033007,0.002942258183155572
360810249001006,0.002942258183155572
360810022002004,0.013534669278256327
360811551011000,0.002942258183155572
360810613012001,0.0036365257684961836
360810719001001,0.002942258183155572
360810610001007,0.0025578539691368013
360810376004004,0.002942258183155572
360810276001002,0.001685084336547064
360811529012008,0.004865567022110856
360810916035002,0.002942258183155572
360810987002003,0.002942258183155572
360810723001000,0.004682852901910501
360811571017005,0.002942258183155572
360810166002000,0.010949562338672834
360811008041003,0.002942258183155572
360810251003004,0.0016726701398679146
360810297002011,0.016812341418336423
360811017001005,0.002942258183155572
360810863002001,0.00043906361643731965
360810871002010,0.0012553077748210359
360810687003014,0.0003091698059156231
360811029002007,0.002942258183155572
360810939002004,0.008861152716500278
360810869001005,0.002339233913789763
360810707001006,0.002942258183155572
360811459002006,0.002942258183155572
360810694001002,0.0013490543812863845
360810997013000,0.004551364984910585
360810769011003,0.0027288506700466884
360811291033006,0.002942258183155572
360810424002000,0.0038355281336603445
360811017001001,0.002942258183155572
360811159003002,0.00016936262281537948
360810869001000,0.011778294545675319
360811123001006,0.008958535143345662
360810115001001,0.0015479137819289284
360810230001005,0.009588345755582631
360810922003005,0.002942258183155572
360810973001007,0.002942258183155572
360810614001013,0.002942258183155572
360810042001005,0.0034669320362135463
360810187001008,0.002942258183155572
360810424003002,0.002942258183155572
360810656003009,0.008825549665015272
360810496003001,0.002942258183155572
360810964002008,0.001010664561421078
360810929004000,0.003445368186587357
360810002001003,0.0011240649185460148
360810779072005,0.002942258183155572
360810495001001,0.002942258183155572
360810884008002,0.003342093429173034
360811507023000,0.002942258183155572
360811283001008,0.002942258183155572
360810291004001,0.0064528112856072715
360810032001010,0.0019581876418587104
360810294006009,0.005151724922654835
360810997011005,0.002942258183155572
360811265001004,0.008509012906209583
360810216021001,0.002942258183155572
360811191001004,0.002942258183155572
360810478021000,0.012505858141265602
360810006003003,0.003111798662192409
360810507001004,0.002942258183155572
360811529013004,0.005051075125652375
360811507011014,0.005051075125652375
360810232003005,0.05870263982727279
360810157001006,0.002942258183155572
360810667012000,0.0026313791862839623
360811507022016,0.002942258183155572
360811385011003,0.002942258183155572
360810661001006,0.002942258183155572
360810153002001,0.0008508570211924053
360810033011006,0.0011644018061440413
360810105002000,0.0055304126782568614
360810485001001,0.013306778672765696
360810479003002,0.0013688631499748861
360810058002009,0.002942258183155572
360810779044005,0.002942258183155572
360810006001004,0.002942258183155572
360811033002003,0.002942258183155572
360810454002001,0.0021496800404839805
360810928001013,0.002942258183155572
360811072011000,0.002942258183155572
360810598002002,0.0009570067318601381
360811579016011,0.002942258183155572
360810383021071,0.002942258183155572
360810437012004,0.01939978587626405
360810443012003,0.0014670818774710542
360811551032002,0.002942258183155572
360810130002001,0.0012566759835141153
360810007012011,0.002942258183155572
360810001041029,0.002202138039063296
360810916034005,0.002942258183155572
360810837001003,0.003847973650996904
360811205002002,0.0015972343762003353
360810376005003,0.0013000232413533839
360810095002016,0.002942258183155572
360810942011014,0.0043947310617599615
360811032021000,0.08967800820842473
360810294005010,0.002942258183155572
360810440002002,0.0012041536787768903
360811579034010,0.002942258183155572
360810329003001,0.01665857970842447
360810034001007,0.002942258183155572
360810803021014,0.0018479641924402529
360810711002006,0.002942258183155572
360810306003010,0.002942258183155572
360810058002002,0.0034661090039242197
360810352001008,0.002942258183155572
360810284001010,0.859327254557093
360811429004000,0.005807542498433771
360811059001006,0.002942258183155572
360810398001007,0.002981922754368818
360811223003006,0.0033884254711119078
360810934012004,0.0049418659327103865
360811417005007,0.00253639592128443
360810641021000,0.002942258183155572
360810618002003,0.0011149410694903728
360810079002002,0.0070215789486653595
360810616021009,0.002942258183155572
360810398001009,0.00253639592128443
360810179021000,0.002942258183155572
360810729001006,0.004535817819635767
360810646001010,0.0038301071668031973
360811333001006,0.0011110413836341885
360811441004005,0.002942258183155572
360810530001004,0.0006557246112946753
360810258001011,0.006042449484557158
360810567004001,0.0009814147471921353
360810925003005,0.002942258183155572
360810259002002,0.00032390567517171805
360810677001006,0.002942258183155572
360810212002010,0.09153354140476745
360810779025001,0.02101512489545636
360810869001009,0.004654589684822811
360810954003006,0.0003697320472356498
360810492012001,0.002942258183155572
360810404004000,0.005969027187512496
360810330001010,0.002942258183155572
360810174001001,0.004620803425122861
360810176002002,0.0009566360851690784
360810539011003,0.0024875464834721644
360811579031005,0.002457321778853697
360810008002005,0.00013484194359758168
360810991004021,0.002942258183155572
360810592001000,0.002942258183155572
360810478021003,0.00024699412139738054
360811033004006,0.002942258183155572
360811247002008,0.005585224543387548
360810531003007,0.002942258183155572
360810075002000,0.005517592886145106
360810991004019,0.002942258183155572
360810204002003,0.0018862702496453244
360810779044001,0.002942258183155572
360810376005010,0.0014518291675246603
360810512002007,0.0019830186469455384
360810062025002,0.0033884254711119078
360811479002006,0.00876445818139774
360810657021001,0.002942258183155572
360811399002013,0.0018248946356691693
360810594001000,0.00235868894130335
360811571021002,0.003989475081416043
360811571017004,0.0029599060963856456
360811113002005,0.002942258183155572
360810536011005,0.004458410354896828
360811223003012,0.002942258183155572
360810553002000,0.00015745441543648373
360810695001003,0.002942258183155572
360810531001013,0.002942258183155572
360810019031035,0.002942258183155572
360810803023016,0.002942258183155572
360810600001000,0.006902012684475675
360810869002017,0.006475847977880197
360811291032001,0.0038301071668031973
360810330004000,0.000841666067316294
360811579016014,0.002942258183155572
360810916034025,0.002942258183155572
360810383021055,0.004682852901910501
360810595012004,0.0011445876861316063
360810884007007,0.002942258183155572
360810939001010,0.002942258183155572
360810565001004,0.00253639592128443
360810654013005,0.002942258183155572
360810664023006,0.002942258183155572
360810114001003,0.010087098618143745
360810542001006,0.0014504289661592124
360810954003004,0.001548574190026713
360811113003006,0.002942258183155572
360810020001000,0.024921049830215654
360810731002004,0.002942258183155572
360811039004008,0.004589142276589411
360810255001003,0.000834816807470105
360810309034000,0.005047736623759747
360810251001003,0.003914158564756354
360810293001003,0.0005846589042182513
360811301003004,0.002942258183155572
360810846021021,0.0016616299092547088
360810587001000,0.0014470487656211826
360810620001007,0.002942258183155572
360810264002002,0.002942258183155572
360811571021000,0.002942258183155572
360810294003005,0.002942258183155572
360811017005001,0.002942258183155572
360811205002000,0.0013572058726320814
360810665012004,0.002942258183155572
360810363001000,0.00236122861776939
360810616011006,0.002942258183155572
360810934011005,0.002942258183155572
360810384001009,0.002942258183155572
360810297001004,0.002942258183155572
360811579032003,0.0012566759835141153
360810424002003,0.004054927301920646
360810044011000,0.00017326903663451108
360810922002005,0.002942258183155572
360810437012006,0.0037679841343790754
360810557002004,0.00028073510432091183
360810945002010,0.003267371527671819
360810616013001,0.002942258183155572
360810998015009,0.002942258183155572
360810580004007,0.006317962298074537
360810779081002,0.0006490621640838539
360811215001002,0.0036347428661982263
360811223003008,0.002942258183155572
360811167001003,0.001368657697406132
360810189002007,0.00041793952014585194
360810414001004,0.00016356918588359513
360810045001008,0.0009684954615768499
360811257003002,0.002942258183155572
360811483003017,0.002942258183155572
360810479003001,0.0004096020316613797
360810559001006,0.01216052745232177
360810493011000,0.0011938721550895407
360810999001024,0.002942258183155572
360811291044002,0.002942258183155572
360810087002004,0.004738341091811367
360810001031000,0.0029751486945530786
360810719001004,0.002942258183155572
360811529013008,0.002942258183155572
360810353002002,0.002942258183155572
360811139001006,0.0029599060963856456
360810214002001,0.002942258183155572
360810814001008,0.00590051228509727
360810511001001,0.0043830813203034995
360810489001006,0.01153533664112701
360810757022016,0.006902012684475675
360810680002003,0.005890389978399357
360810999001010,0.002942258183155572
360810589003003,0.004993929755397535
360810051002006,0.0029599060963856456
360810499004002,0.00043511137342799574
360810062026000,0.006000268991038841
360810591003000,0.00038164229065275806
360810549001000,0.0021241671199576876
360810582002004,0.0049418659327103865
360810512001001,0.005355203747182984
360810220011004,0.005183909830904601
360810208002004,0.0014205895592354944
360811579032004,0.001010664561421078
360811621005002,0.002942258183155572
360810185023004,0.0028948938225331396
360810596001002,0.005051075125652375
360810997051006,0.0016362374067291842
360811385021000,0.002942258183155572
360810400001000,0.0024666831709171722
360810019031026,0.003784112191110995
360810039001001,0.0016194257163120894
360810665014001,0.002942258183155572
360810627002000,0.001338695870422102
360811097003010,0.002942258183155572
360810088001012,0.03619865177732478
360811621004009,0.002942258183155572
360810001021002,0.007586140912602974
360810462001002,0.006337770815184561
360811579031001,0.002942258183155572
360810202001002,0.033941917538533664
360810006001002,0.002942258183155572
360810134002005,0.003267371527671819
360810062011008,0.002942258183155572
360810320001006,0.002942258183155572
360810713063002,0.002942258183155572
360811227025007,0.002942258183155572
360810190001007,0.0010218406586244694
360810317004016,0.002942258183155572
360810208001009,0.0005964832961661671
360810452001007,0.0024875464834721644
360810492021009,0.002942258183155572
360811367004002,0.001156991734786843
360810618002005,0.0011110413836341885
360810456001010,0.002942258183155572
360811191002001,0.004648666975596169
360811579033008,0.005889675122878948
360810328002001,0.001999812075116535
360810058002001,0.002942258183155572
360810680003004,0.002942258183155572
360810383011002,0.002942258183155572
360810552001019,0.002942258183155572
360810716001029,0.002942258183155572
360811341002009,0.002942258183155572
360810723003009,0.002942258183155572
360810713064003,0.002942258183155572
360810711002005,0.002942258183155572
360810243001007,0.002942258183155572
360810495001000,0.002942258183155572
360811215003008,0.0011734318898486843
360811551042011,0.002942258183155572
360811579021005,0.008691606976964528
360810840001007,0.0006088377716710316
360810997012000,0.002942258183155572
360811129002002,0.002942258183155572
360811017006007,0.002942258183155572
360810427002005,0.0025933136794627164
360810629002001,0.03095716075934498
360810614001015,0.002942258183155572
360810542002000,0.00577941060074449
360810400001001,0.0007847826074719398
360811571011000,0.003777419759160405
360810779081003,0.002942258183155572
360810480001010,0.006409396458470244
360810480001001,0.003782740181618612
360810482001005,0.0043830813203034995
360810479001007,0.002942258183155572
360811403001009,0.002942258183155572
360810620001006,0.002942258183155572
360810306004006,0.0043830813203034995
360810557003001,0.011826264606100765
360811099002009,0.005807542498433771
360810665014002,0.002942258183155572
360810384001003,0.004334994246833935
360810682002004,0.006603078230227383
360810942023014,0.002942258183155572
360811151001015,0.002942258183155572
360810633022003,0.002942258183155572
360810669002002,0.002942258183155572
360811399002004,0.002942258183155572
360810999001003,0.002942258183155572
360810091002004,0.0025578539691368013
360810071003000,0.0004901271621247765
360810071004000,0.0024875464834721644
360810055001001,0.00016101167845536946
360810134001000,0.014780529291883369
360810846012001,0.002942258183155572
360810216021011,0.01064938571069537
360810168002004,0.0016362374067291842
360810566002000,0.002942258183155572
360811451011006,0.002942258183155572
360810280001003,0.00011925032023489352
360810288021009,0.00090998160875776
360810814002000,0.0044190706259356494
360810538001005,0.002942258183155572
360810580001002,0.0016125510498699075
360810559001011,0.0029751486945530786
360811123001009,0.008458279431378833
360810531003009,0.002942258183155572
360810243003003,0.002942258183155572
360810055001002,0.04527695274618326
360810460001002,0.009176105590724234
360810892014018,0.0025783879283612634
360810001021000,0.002942258183155572
360810159001002,0.002942258183155572
360810638005008,0.002942258183155572
360810790001004,0.004336647365729034
360810294006003,0.002942258183155572
360810262001004,0.0018479641924402529
360810196001005,0.0014205895592354944
360811341001007,0.002942258183155572
360811099001010,0.002942258183155572
360811129003006,0.002942258183155572
360810997033000,0.0049418659327103865
360810376002000,0.002942258183155572
360810007023009,0.0026584914515661398
360810892013006,0.002942258183155572
360810507001010,0.002942258183155572
360810992001002,0.10547667568199538
360811617001008,0.002942258183155572
360810137001010,0.01807973276541717
360811097003000,0.002942258183155572
360810156002004,0.004400143937819512
360810558001002,0.002942258183155572
360810368002010,0.00167593983085295
360810524002001,0.003660671673386968
360810245004003,0.005183909830904601
360810539011001,0.002942258183155572
360810757022000,0.002942258183155572
360810047002001,0.002823562306126498
360811039001001,0.0026313791862839623
360810293001005,0.005807542498433771
360811113001012,0.002942258183155572
360810540003007,0.003990159820898891
360810091001000,0.002942258183155572
360810942022000,0.005051075125652375
360811403001003,0.002942258183155572
360810637002002,0.005966859452650079
360810693001002,0.00030658461013793474
360810033021007,0.0023998291677557
360810402002008,0.002942258183155572
360810052001006,0.0020062283101163277
360810330005004,0.002942258183155572
360810170001002,0.012604072768907305
360810297002010,0.002942258183155572
360810803012001,0.002942258183155572
360810184011012,0.002942258183155572
360811199001012,0.0038911765483657704
360810383021036,0.002942258183155572
360810892011004,0.002942258183155572
360810132001009,0.0024155425738161033
360810132001006,0.002942258183155572
360810376004009,0.002942258183155572
360810998021007,0.00931894557926218
360811463002008,0.010777300093083402
360810007023004,0.0033611804205882167
360810991003001,0.00026795551305659927
360810997011006,0.002942258183155572
360810853001003,0.014169637769121312
360810622001010,0.004292400113381315
360810328001003,0.003375311271193645
360810294004002,0.001010664561421078
360810916034006,0.002942258183155572
360810591004001,0.0011277896481161182
360810716001015,0.002942258183155572
360810196002001,0.0009440430483028609
360810517001017,0.0005397889021380317
360810054004001,0.002942258183155572
360810012001002,0.002942258183155572
360811227041000,0.019297131333800177
360811463002011,0.00591417622760499
360810123012007,0.002942258183155572
360811417004004,0.002942258183155572
360810434001005,0.005520641906032622
360810216031000,0.002942258183155572
360810398002003,0.0004499061938284642
360810964002014,0.002942258183155572
360810455006000,0.0007057440089269087
360810071004004,0.001974597607786997
360810593001005,0.0033574853551035016
360810353002003,0.008819300326330253
360810030001002,0.025929559651739646
360811187001001,0.002942258183155572
360810489001024,0.002942258183155572
360810892011000,0.002942258183155572
360810601002005,0.003406623277952527
360810682001009,0.0029871470944200992
360810260002008,0.002942258183155572
360810439002009,0.029020921700375468
360810683001001,0.007870675558841944
360810019031016,0.003636567675038582
360810478012005,0.002457321778853697
360811203002005,0.002942258183155572
360810062022000,0.0074820094444463395
360810058002007,0.0024875464834721644
360810942022003,0.002942258183155572
360810456001004,0.002942258183155572
360811367001001,0.0012566759835141153
360810757013001,0.002942258183155572
360810446023003,0.0025355241177466127
360810446022001,0.016698076045434374
360810443021003,0.0039750620812303615
360810592001007,0.007619386506871344
360810012002001,0.0054231430762116725
360810358003009,0.006648345039228224
360810137001015,0.002942258183155572
360810462003003,0.0716503561923337
360811529011017,0.002942258183155572
360810478021007,0.006071903121369804
360810272002000,0.0008922183319798428
360810254021007,0.002942258183155572
360810552001004,0.002942258183155572
360810122001002,0.0027303715247217935
360810122002006,0.0034114173275313106
360811047005002,0.002942258183155572
360810135001003,0.003399296959674488
360811277002000,0.014499482841191397
360810472002002,0.002942258183155572
360811579012005,0.002942258183155572
360810773003005,0.00278769555487823
360810051002005,0.004161279025818263
360810548002000,0.0013297627644234993
360811579032012,0.002942258183155572
360810262001005,0.01885089288822915
360810212002011,0.6724769009745055
360811385013004,0.002942258183155572
360811157002001,0.0025783879283612634
360810713033002,0.002942258183155572
360810138001003,0.002540898355293099
360811241003002,0.002942258183155572
360811483001009,0.006475847977880197
360810330001009,0.00544594273588413
360810306001023,0.002942258183155572
360810376003004,0.002942258183155572
360810220012000,0.002942258183155572
360810366001002,0.0022661076227231867
360810520001007,0.010949562338672834
360810368002000,0.002942258183155572
360810366002008,0.00870698143971662
360811193002001,0.002942258183155572
360810729002003,0.002942258183155572
360810709001004,0.0029871470944200992
360810711003001,0.002725078374458333
360810637004001,0.002942258183155572
360810919001002,0.0028089846472710896
360810499004004,0.0014892511074447842
360810205001013,0.002942258183155572
360811347021003,0.002942258183155572
360811579023002,0.0012566759835141153
360810846011001,0.002942258183155572
360811099003008,0.002942258183155572
360811093001009,0.002942258183155572
360810713042000,0.002942258183155572
360810629002006,0.0032015621845214413
360810916034001,0.002942258183155572
360810892014007,0.002942258183155572
360810166002002,0.0015607102862186541
360810942023004,0.002942258183155572
360810846012004,0.002942258183155572
360810846021030,0.002942258183155572
360810404004002,0.002942258183155572
360810352002005,0.0021496800404839805
360811571015011,0.002942258183155572
360810174001006,0.0019830186469455384
360810531002003,0.00816667143819098
360810654012000,0.0005367423350480546
360810123011000,0.003748942045300669
360810942023017,0.002942258183155572
360811010031002,0.008654747977405836
360810347002008,0.00870100392736404
360811097002000,0.0018047202766787718
360810889032000,0.00023140311965655662
360810434001008,0.01179803533411661
360810320003004,0.002942258183155572
360810716001013,0.002942258183155572
360810792002005,0.002942258183155572
360811059003006,0.002942258183155572
360811059001011,0.002942258183155572
360810803013000,0.0054231430762116725
360811185002001,0.0018566923536554333
360811157003002,0.001170899396756484
360810032001000,0.002942258183155572
360810062025001,0.0012321139311774656
360810383011021,0.04845546256288586
360810394001005,0.003822776831545308
360811571018008,0.002942258183155572
360810400002001,0.012264270348673004
360810158023004,0.031654834183588436
360810261004002,0.0022288459800812754
360810266001000,0.004377449215539606
360810276001007,0.0020088598972615836
360810288021007,0.0015389371671215928
360810199011003,0.0031468931779835827
360811417003003,0.0016362374067291842
360810551003000,0.011288664570045164
360810473001002,0.011436757045344975
360810096002003,0.0022678789756247525
360810243001013,0.0039731474111887235
360810779082000,0.006208331302443755
360810749002010,0.002942258183155572
360810320003008,0.0230612927823636
360810769021008,0.002942258183155572
360810383021052,0.006831747463668188
360811451021002,0.002942258183155572
360811409022014,0.009895100830963541
360810892016004,0.006902012684475675
360810148001008,0.0004368976540638701
360810558001004,0.002942258183155572
360810036001001,0.0017717732468962698
360810147002002,0.002942258183155572
360810916036033,0.002942258183155572
360810329003002,0.0037643210511991176
360810016002005,0.07233291045541188
360810179021002,0.002942258183155572
360811008041001,0.0064072007784048415
360810779062006,0.002942258183155572
360810612002005,0.002942258183155572
360810716001028,0.002942258183155572
360810809003001,0.0012566759835141153
360811483001008,0.002942258183155572
360811417003009,0.0014892511074447842
360810638004006,0.006337770815184561
360810680001012,0.002942258183155572
360810189002006,0.0033574853551035016
360810295002008,0.00034430401289857937
360810199021008,0.00041793952014585194
360811093001014,0.002942258183155572
360810154002003,0.0043105093883561004
360810243002008,0.002942258183155572
360810531003002,0.002942258183155572
360810014003004,0.002942258183155572
360810889031000,0.0012717964924675907
360810007012015,0.002942258183155572
360810590001009,0.0026166517803140645
360810205001003,0.002942258183155572
360810087002001,0.000247892666140215
360810489001022,0.003777419759160405
360810376002009,0.002942258183155572
360810616022001,0.002942258183155572
360810352001013,0.0018879234869131033
360810010002000,0.0026591482461039624
360811241003005,0.004446677203416128
360810437021001,0.0019283673466147968
360810803023007,0.006153955589574124
360811113001004,0.002942258183155572
360810495001004,0.002942258183155572
360810253014000,0.002942258183155572
360810376003009,0.002942258183155572
360811367003004,0.002942258183155572
360810510002008,0.002942258183155572
360810664012002,0.002942258183155572
360810327002002,0.002700213282539497
360810998014002,0.002942258183155572
360810036002000,0.002942258183155572
360810042001004,0.0025783879283612634
360810938003002,0.003636567675038582
360811047002001,0.002942258183155572
360810632001002,0.0024238115893691066
360810001041009,0.002942258183155572
360811483001011,0.003089274650198177
360811010042006,0.002942258183155572
360810639002002,0.002061148037758576
360810916035021,0.002942258183155572
360810216021012,0.0019830186469455384
360810613013001,0.002942258183155572
360811032013003,0.002942258183155572
360811032021007,0.030863844622794265
360811032024003,0.0016986467477685635
360811507023002,0.007320228872515248
360810954003016,0.040748604624457986
360811621003007,0.002942258183155572
360811385021020,0.006524573607756742
360810097001003,0.002942258183155572
360810869001002,0.01020109689111374
360810002002001,0.002942258183155572
360810619001002,0.011302157758381974
360810679001001,0.0014165773887728581
360810559001003,0.002942258183155572
360811529013002,0.002942258183155572
360810749002016,0.002942258183155572
360810367002006,0.00010235472329310766
360811507012007,0.002942258183155572
360810916021008,0.002942258183155572
360811479002005,0.002942258183155572
360810907001026,0.0006561445422097061
360810383021002,0.002942258183155572
360810185023000,0.002942258183155572
360810149002004,0.0007676139068148344
360810159004000,0.00019620029428984572
360810147002001,0.0022991653846462707
360810916035006,0.002942258183155572
360810545001001,0.0016013148372348552
360810589001001,0.006153955589574124
360810592001004,0.002942258183155572
360810656003005,0.0037615500957515723
360810220011003,0.002942258183155572
360810466002003,0.03149957535141262
360811579014002,0.002942258183155572
360811479003005,0.00253639592128443
360810600001005,0.004440311682970352
360810188001003,0.0023595475644277034
360810402002003,0.001520119650652226
360810402002006,0.0019365223375635478
360810327001004,0.00041979103613488646
360810132002002,0.002942258183155572
360810007012005,0.006902012684475675
360810019031034,0.002942258183155572
360810179021008,0.0008947497601317501
360810077001006,0.002942258183155572
360810270001011,0.002942258183155572
360811257001003,0.0012321139311774656
360810472001006,0.002540898355293099
360810480001008,0.002942258183155572
360810262001011,0.0033574853551035016
360810274001002,0.002942258183155572
360810288011000,0.0343340317828164
360811621005008,0.0018055188661253222
360810007011005,0.006475847977880197
360810036001005,0.002942258183155572
360810737002013,0.002942258183155572
360810306004008,0.007975407796476052
360811205001002,0.0036803243576857287
360810711004002,0.006104187581534861
360810660002002,0.0019941650311772093
360811059004006,0.002942258183155572
360810480001005,0.0009562446369597662
360810918001010,0.002942258183155572
360810916036029,0.002942258183155572
360810260002004,0.0014566147932253517
360811223002002,0.0024155425738161033
360811429002007,0.002942258183155572
360810515002002,0.0017897449311848365
360810061004000,0.003303896371441825
360811097003009,0.002942258183155572
360811008042005,0.002942258183155572
360810618002001,0.0014892511074447842
360810757012002,0.002942258183155572
360811017003008,0.0030594875302824556
360811032022009,0.002942258183155572
360810001011014,0.0015155863377651069
360810450002002,0.000709488129709548
360811191001000,0.014355189698724357
360810138001000,0.002942258183155572
360811429002003,0.005183909830904601
360810892018001,0.002942258183155572
360810664032004,0.0059364967872271275
360810352002008,0.002942258183155572
360811579013002,0.002942258183155572
360810506001000,0.002942258183155572
360810502021009,0.0029871470944200992
360810680001004,0.0029599060963856456
360810181011001,0.011609423765262387
360811175003007,0.002942258183155572
360811341002011,0.006524573607756742
360810071003001,0.00235868894130335
360810997051011,0.002942258183155572
360810716001027,0.002942258183155572
360810838001002,0.004400143937819512
360810846021033,0.002942258183155572
360811010021007,0.002942258183155572
360810567001002,0.002120967784900646
360810919002008,0.002942258183155572
360811032012007,0.0036638655465953186
360810524001004,0.004243171514445341
360810192001004,0.0037615500957515723
360810934023001,0.0022139480196312067
360810779021002,0.01821955558956948
360810504001000,0.0017551948514009607
360810016002003,0.003919400768585298
360810454001002,0.00015959084617676996
360810992002022,0.0016362374067291842
360811467002000,0.002942258183155572
360811409021017,0.002942258183155572
360811227025003,0.002942258183155572
360810502011006,0.005585224543387548
360810479001003,0.0013890749800733405
360811085002007,0.003399296959674488
360811141002011,0.002942258183155572
360810669001003,0.002942258183155572
360811617003004,0.0007990604816621796
360811017003002,0.00154349773370125
360810095002019,0.002942258183155572
360810010001000,0.003777419759160405
360810769021006,0.002942258183155572
360811579016016,0.0019026467714989338
360811257003003,0.004446579387153716
360810358004003,0.002942258183155572
360810997033002,0.0018047202766787718
360810561001008,0.002942258183155572
360810598001005,0.002458780340630537
360811129002007,0.002942258183155572
360810538002001,0.0043830813203034995
360811241001001,0.004838477116803797
360810461001005,0.005627221322761083
360810058003011,0.002064713584002482
360810058001007,0.002942258183155572
360810838001005,0.0004257372546678763
360810253022006,0.0011783631220109996
360810531003003,0.004443164131533574
360810929002014,0.0003581227806467015
360810042001002,0.004440311682970352
360811033003000,0.002942258183155572
360811247002009,0.002942258183155572
360811571012000,0.002942258183155572
360811017002007,0.002942258183155572
360810460002001,0.00386439919552511
360811291023007,0.002942258183155572
360811291044008,0.002942258183155572
360810892013007,0.002942258183155572
360810892016008,0.002942258183155572
360810317005014,0.026685865666019108
360811529011010,0.002942258183155572
360810128001003,0.001520119650652226
360810483011005,0.04265052642877886
360810991003012,0.002942258183155572
360810568004010,0.0011676572064810414
360810916035026,0.002942258183155572
360811385014000,0.002942258183155572
360810192002000,0.0017995909773814366
360810199021016,0.0006385994403116217
360810530002002,0.0019830186469455384
360810616011005,0.002942258183155572
360810682002010,0.002942258183155572
360811483003005,0.002942258183155572
360810697021002,0.0011110413836341885
360810934011012,0.006605191086012236
360810157001002,0.002942258183155572
360811195001003,0.0012490364646775007
360811467002001,0.0012129849401881145
360810038001009,0.002942258183155572
360810205002002,0.002942258183155572
360810489001002,0.002978904535270829
360810148001001,0.004703786119594361
360810638003004,0.002942258183155572
360811129001003,0.002942258183155572
360810219001013,0.0024155425738161033
360810058004000,0.0003377909853894909
360810892021003,0.002942258183155572
360810024002003,0.0006851985033422606
360810483011003,0.002942258183155572
360810309042001,0.002942258183155572
360810040012006,0.0029751486945530786
360811567001003,0.002942258183155572
360810665014000,0.008458279431378833
360810679001003,0.002942258183155572
360810650001011,0.002942258183155572
360810942011003,0.002942258183155572
360810358004002,0.002942258183155572
360810522001011,0.001809339376815267
360811151001003,0.002942258183155572
360810158012004,0.011875953897142659
360810194001002,0.00023345982547201663
360810334052011,0.006143140974802792
360810334052006,0.004267735269593394
360810158011006,0.002942258183155572
360811017005007,0.005807542498433771
360810803021005,0.002942258183155572
360810922003006,0.002942258183155572
360810871002015,0.0029615142875372346
360810337002001,0.002942258183155572
360811409022001,0.002942258183155572
360811191001005,0.0021348495989694707
360811017002009,0.002942258183155572
360810954001009,0.002157557785661447
360810464001002,0.0033884254711119078
360810464001004,0.002942258183155572
360810694001012,0.001030075630777582
360810664021002,0.001156991734786843
360810664021001,0.0029411914055463314
360810630001002,0.0029751486945530786
360810612002007,0.0008998076927257885
360810329003009,0.00481964305841365
360811047002011,0.005295884074754708
360811032021001,0.0009260579719100349
360811529023004,0.002457321778853697
360810907001025,0.002942258183155572
360810187001005,0.002942258183155572
360810040021000,0.0005515906466083913
360811227021003,0.008458279431378833
360810779023005,0.002942258183155572
360810383011005,0.002942258183155572
360810916035014,0.002942258183155572
360810297002004,0.0014892511074447842
360810235011002,0.027474987776628174
360810183001000,0.006153955589574124
360810613013003,0.000607698376390911
360810171011002,0.002942258183155572
360811008031008,0.0001771305596934778
360810443023004,0.002942258183155572
360811291022002,0.002942258183155572
360810004002000,0.1802797186645987
360810623001002,0.002942258183155572
360810747002001,0.024281086500291843
360810663011000,0.002942258183155572
360811167001012,0.0031072848003591133
360811441003000,0.002942258183155572
360810657031002,0.0018879234869131033
360810629001004,0.002942258183155572
360811417004014,0.002942258183155572
360810884004001,0.002942258183155572
360810110002001,0.03871623275255181
360810261001003,0.07702451052388955
360810620001011,0.006524573607756742
360810101001002,0.002942258183155572
360811033001004,0.002942258183155572
360810991005014,0.002942258183155572
360811203002006,0.002942258183155572
360810058001010,0.009337859377684802
360811417002004,0.002942258183155572
360810998013002,0.002942258183155572
360811093002011,0.002942258183155572
360810552001014,0.0007990604816621796
360810601002003,0.0013376672651302744
360810697021001,0.002942258183155572
360810171011007,0.002942258183155572
360810659002008,0.0014892511074447842
360810539011004,0.0002541586764515371
360810220011008,0.008952971871569812
360810493022000,0.037443918982971655
360811483004008,0.002942258183155572
360810713044000,0.002942258183155572
360810525002002,0.008773776495915857
360810086002000,0.002942258183155572
360810845003003,0.009243195378792887
360810677001005,0.002942258183155572
360810365001002,0.003475143030280184
360811529023002,0.002942258183155572
360810357003006,0.006409396458470244
360811579015000,0.002942258183155572
360810942012005,0.0005103606130424317
360811409011014,0.030426782199605925
360810818002005,0.0006143842335962388
360811085001009,0.002942258183155572
360810016002002,0.007067131827188586
360811385014006,0.006902012684475675
360810472002010,0.002942258183155572
360811247001011,0.006409396458470244
360810249001001,0.0017647496532684132
360810184021005,0.00015748150197836069
360811617002001,0.01488640824512586
360810440001005,0.0024155425738161033
360810083002001,0.004838477116803797
360810556001003,0.011829763989893351
360810460002000,0.0005924570013272278
360810142022010,0.00016723837323759076
360810124001004,0.0013681793134319349
360810212001006,0.14700841774834308
360810582002008,0.0012930428424122854
360810620001008,0.002942258183155572
360810731001002,0.0027040062552254026
360810638005002,0.0003719219285109168
360811241001015,0.002942258183155572
360810347002006,0.012651113534147891
360810645002008,0.002942258183155572
360810253022002,0.025982408691264634
360810682001000,0.0024238115893691066
360810928001006,0.002942258183155572
360810694002012,0.002942258183155572
360810846021032,0.002942258183155572
360810568004014,0.002942258183155572
360811097001007,0.002942258183155572
360810216011008,0.0009342053122553413
360810309032001,0.006409396458470244
360811467003009,0.002942258183155572
360810402001000,0.008296644421782295
360810859002001,0.004333916066075162
360811008012007,0.002942258183155572
360810025006002,0.002942258183155572
360811267002001,0.0036622964933728658
360810964001007,0.0026313791862839623
360810964001013,0.002540898355293099
360810531003000,0.0055490054735059325
360810531001012,0.0012238745225761339
360810664031006,0.002660082203748652
360810694001006,0.00297368959883265
360810181021000,0.04958744824501238
360811032022000,0.0031205395132312555
360810972041011,0.12091949439781963
360810329002004,0.005051075125652375
360810276001008,0.0021350014938918515
360810484003003,0.00028760187126720407
360811085002004,0.002942258183155572
360811139001002,0.006159441052754858
360811175001008,0.002942258183155572
360811059002009,0.002942258183155572
360811151001004,0.002942258183155572
360810294001012,0.002942258183155572
360810916032010,0.002942258183155572
360810019021013,0.004864274050350858
360811141001006,0.002942258183155572
360810320001015,0.002942258183155572
360810846021028,0.002942258183155572
360810282001001,0.0011190343800271019
360811621001009,0.002942258183155572
360810687002001,0.002942258183155572
360810402002009,0.002942258183155572
360811409021015,0.002942258183155572
360810375021003,0.1390638966128191
360810489001016,0.002942258183155572
360810981001001,0.002942258183155572
360810007021006,0.005051075125652375
360810251002001,0.004682852901910501
360811008011002,0.002942258183155572
360810650002008,0.0012967987625033723
360810258002002,0.002942258183155572
360810262001001,0.0035680982454765254
360811409022008,0.002942258183155572
360810934022000,0.002942258183155572
360810104002001,0.0016810176031651928
360811529011014,0.002942258183155572
360811129002013,0.002942258183155572
360810998014001,0.005807542498433771
360810518001005,0.002942258183155572
360810144001007,0.041029555526220944
360810594002000,0.002942258183155572
360810511001003,0.0007990604816621796
360811579025005,0.002942258183155572
360811571018010,0.002942258183155572
360810379001000,0.003380209012601366
360810157001005,0.004244110364344038
360810295002001,0.000732784100028836
360810317004017,0.002942258183155572
360810317004011,0.002942258183155572
360810683002004,0.002942258183155572
360810154002000,0.0007144235622026136
360810638001004,0.0031240359173614015
360810660002004,0.0019062709903731568
360810045001004,0.002942258183155572
360811039001000,0.002942258183155572
360811039003013,0.002942258183155572
360810293001012,0.002942258183155572
360810293001006,0.0014892511074447842
360810185013000,0.03822243476449223
360810158013005,0.0036570056534933537
360810568001015,0.003399296959674488
360810650002007,0.002942258183155572
360810987001004,0.0012321139311774656
360810916034008,0.002942258183155572
360810884002005,0.0005174339785697563
360810102001007,0.004371255170528235
360810178001000,0.0038237602626861925
360810169001000,0.01466842756403745
360810803021006,0.002942258183155572
360811093003013,0.002942258183155572
360810679003008,0.002942258183155572
360811409022000,0.002942258183155572
360810096002005,0.002942258183155572
360810515003003,0.0038885416514886527
360811429003003,0.002942258183155572
360810892011002,0.002942258183155572
360810334012004,0.007068975799933271
360811277002010,0.002942258183155572
360811617004006,0.0012321139311774656
360811133002007,0.0024745098047470222
360811181002001,0.002942258183155572
360811181001003,0.002942258183155572
360810922001013,0.002942258183155572
360811175002005,0.005113310383269226
360811385021003,0.0011878227236652792
360810779081000,0.0025986868646141344
360810309052002,0.0009456054267933917
360810779082004,0.002942258183155572
360810581002004,0.0052427998837468355
360811507012012,0.002942258183155572
360810183002000,0.0010984713786369254
360810463002002,0.01676384613815756
360810581002000,0.006697588426571862
360810999001022,0.002942258183155572
360810497002001,0.014048272259759529
360810230002003,0.006902012684475675
360810589002002,0.002942258183155572
360810593002003,0.004291985176517087
360810330003000,0.0009260579719100349
360810320001013,0.0020305224759971712
360810680004008,0.002942258183155572
360810707001004,0.002942258183155572
360810709001001,0.0019340622524883933
360810635001002,0.002942258183155572
360810973003008,0.002942258183155572
360811215003007,0.00026309848657789134
360810479001000,0.0003057708246194409
360810377002003,0.0042884806049025325
360810656001004,0.002942258183155572
360810991005012,0.002942258183155572
360811029001013,0.002942258183155572
360811207012000,0.002942258183155572
360811227025005,0.00022409372607950636
360810987002008,0.0019039432629936754
360810506002000,0.0009147796583674771
360810205001023,0.0018047202766787718
360810555001003,0.03669562416769472
360810232001001,0.001366556421849578
360810475001010,0.002942258183155572
360810179021028,0.002942258183155572
360810181022002,0.0004882988876127974
360810212001010,0.0030896713905831995
360810837001015,0.002942258183155572
360810987001000,0.002942258183155572
360810590001013,0.00253639592128443
360811483002010,0.002942258183155572
360810019031036,0.002942258183155572
360810019031033,0.002942258183155572
360810837001000,0.003399296959674488
360810037001003,0.0003425695581596479
360810272002001,0.0004980359015050535
360810352001001,0.002942258183155572
360810001012004,0.004198048044478908
360810001022000,0.002942258183155572
360810294001010,0.0029871470944200992
360810262001010,0.004589142276589411
360810437021003,0.054956793982536264
360810383021076,0.007873839322642172
360810194001001,0.002942258183155572
360810122002002,0.0021102546009880672
360810088001007,0.007585423768735086
360810262001009,0.0013256665991120942
360810186001008,0.011331949913232012
360811171001009,0.008458279431378833
360810309031003,0.005314481144318014
360810214003010,0.0005805246656092021
360811385013000,0.02558360472625801
360810622002010,0.002942258183155572
360810934012001,0.003777419759160405
360810639001010,0.002942258183155572
360810521001002,0.002942258183155572
360810599001000,0.002942258183155572
360810517001018,0.002942258183155572
360810892011010,0.003748942045300669
360811189001003,0.0027363920163429195
360810258001002,0.003136821623254065
360810220024001,0.0009260579719100349
360811301004004,0.010949562338672834
360811199001011,0.002942258183155572
360810320004006,0.002942258183155572
360811139001009,0.002942258183155572
360810703001004,0.006165050505172408
360810713062001,0.0020173187789837396
360810707003002,0.002942258183155572
360810707003006,0.004362046999378978
360810329003007,0.006002773508445827
360811181002003,0.002942258183155572
360811093003005,0.002942258183155572
360810499003000,0.002942258183155572
360810357003001,0.002942258183155572
360811333004001,0.004551364984910585
360811551042001,0.003425418047152414
360810818002006,0.002942258183155572
360811097001010,0.002942258183155572
360810991003004,0.002942258183155572
360811017006001,0.002521153495042705
360810743004001,0.008940142368280632
360811205001007,0.003636567675038582
360810249001003,0.02574751187673377
360810263001002,0.015979586505945408
360810916036004,0.002942258183155572
360810019021003,0.007045938026485467
360811579014001,0.002942258183155572
360810532001013,0.002942258183155572
360810664032005,0.002942258183155572
360810366001005,0.003919400768585298
360811529022012,0.0003974262187120675
360810202001000,0.002918791853305582
360810803021012,0.002942258183155572
360810512002001,0.005134161505348665
360810972041006,0.004535817819635767
360811008012002,0.002942258183155572
360810482001006,0.0013641534810446673
360810506001004,0.006902012684475675
360810183005001,0.04204649673752612
360810001041033,0.002942258183155572
360810680003011,0.008207282637754377
360810907001001,0.0011243782474589074
360810236002001,0.0002303795204695759
360810779061003,0.002942258183155572
360810468002002,0.002520247256210573
360810552002010,0.002942258183155572
360810484001002,0.011085950805892628
360810147003000,0.0025259961092288447
360811059003009,0.002942258183155572
360811147002005,0.002942258183155572
360810799001001,0.0031205395132312555
360810934013001,0.002942258183155572
360810216031001,0.002942258183155572
360810510001006,0.0027149444939491116
360810548001000,0.003399296959674488
360810105003001,0.002942258183155572
360810100002004,0.006475847977880197
360810773001000,0.002942258183155572
360810779033001,0.002942258183155572
360810998015008,0.010897002003086558
360810172001003,0.0005272813391331772
360810568003008,0.002942258183155572
360810496003005,0.0804241191546123
360811471001008,0.002942258183155572
360810625002004,0.0014645585969379337
360810274001005,0.0023530182882127338
360811571017010,0.00253639592128443
360810538002005,0.0030857201088269883
360811201001003,0.0016274408402580003
360811223002001,0.0022139480196312067
360811247001003,0.002942258183155572
360810243003005,0.0023560969803597463
360810014001002,0.00253639592128443
360810019031006,0.002942258183155572
360811201001011,0.0025783879283612634
360810616012001,0.0023872151662600637
360810997044000,0.002459327593725176
360811429003002,0.0033884254711119078
360810892012013,0.002942258183155572
360810934011004,0.002942258183155572
360810347002001,0.0006124902769257128
360810539011006,0.0017842305781285012
360810536011004,0.004551364984910585
360810536012002,0.00014785307406584293
360810189002001,0.005311417776113905
360810939003010,0.0008596334041000845
360811579025000,0.002942258183155572
360810383021063,0.002942258183155572
360811571016011,0.002942258183155572
360810779062010,0.005051075125652375
360810779044002,0.0012130781942219907
360810614001008,0.002942258183155572
360811441001005,0.002942258183155572
360811441002002,0.002942258183155572
360810259001001,0.002942258183155572
360810639001009,0.002942258183155572
360810179021026,0.002942258183155572
360810137001021,0.002942258183155572
360810144001011,0.005817333500434941
360810352001010,0.004573038012970622
360810526001002,0.002786728575513458
360811571014001,0.002942258183155572
360810219001010,0.006380428699216847
360810115001004,0.002942258183155572
360810125001009,0.002942258183155572
360810916036019,0.002942258183155572
360810156002003,0.0014220282031887407
360811267002000,0.002344119092768527
360810665011001,0.002942258183155572
360810818003002,0.003451158737290806
360810799001010,0.018207798614944988
360810650002002,0.0012566759835141153
360810384002011,0.00036002543803748967
360810400001007,0.002942258183155572
360810616012007,0.002942258183155572
360810510002000,0.002942258183155572
360810376003001,0.0044402948770652425
360810164001000,0.02403018140411487
360810450001000,0.002942258183155572
360810973003002,0.002942258183155572
360810884001020,0.0024155425738161033
360810884008004,0.002942258183155572
360810461001002,0.00235868894130335
360810928002003,0.002942258183155572
360810657021000,0.002942258183155572
360810719002002,0.004551364984910585
360811579034002,0.0029751486945530786
360811435002010,0.002942258183155572
360810629002005,0.002942258183155572
360811163012000,0.010927350987458269
360810743003002,0.002457321778853697
360810954003011,0.007404719807066752
360811047005007,0.002942258183155572
360810779051004,0.004192924228909235
360810779051001,0.002942258183155572
360810626003005,0.002942258183155572
360810630002001,0.0018594458891062417
360810142022011,0.0018047202766787718
360810580002005,0.00235868894130335
360810998021002,0.003748942045300669
360811010041003,0.0029152886747060842
360811133002013,0.003267371527671819
360810205001018,0.002942258183155572
360810934013005,0.002942258183155572
360810859001003,0.000156314794980327
360810287001000,0.05660155474260621
360810622001007,0.002942258183155572
360810622001014,0.0008078882300467232
360810249001008,0.0027049017920535
360810840005004,0.0006555147534773575
360810172001000,0.003777419759160405
360810580003004,0.00528669918417365
360810291004002,0.01672214044106361
360810220013002,0.028599211249620747
360810507001015,0.0031205395132312555
360810583001000,0.005809538279020679
360811032022003,0.002942258183155572
360811507021000,0.0011463864457792496
360811507024002,0.002942258183155572
360811507011010,0.002942258183155572
360811507011013,0.002942258183155572
360810259002001,0.10164281524463184
360811017003009,0.002942258183155572
360810485001005,0.003888793424034761
360810065011000,0.005650136662677747
360811059004002,0.002942258183155572
360811085001008,0.002942258183155572
360811093001012,0.002942258183155572
360810238002002,0.005986990476910363
360810353001004,0.010949562338672834
360811171003009,0.004579043737299024
360810185013001,0.002978860584115537
360810892016000,0.005980584674117691
360810186001004,0.0009656896253529312
360810495001007,0.001156991734786843
360811471001010,0.0009260579719100349
360810739004003,0.009029847990569545
360810159003002,0.002942258183155572
360810485001003,0.002942258183155572
360810499003006,0.002942258183155572
360810058001001,0.005183909830904601
360810058001013,0.006542567154772773
360810589001003,0.0011110413836341885
360810645002004,0.002942258183155572
360810460002005,0.0031444543856808775
360810508002004,0.002942258183155572
360810656002004,0.001533851732699183
360810656003011,0.003777419759160405
360810479001002,0.0609470174062531
360810243002012,0.002942258183155572
360811579015002,0.002942258183155572
360810206001002,0.002942258183155572
360810637004005,0.002942258183155572
360811032011003,0.029771847535427148
360810596002005,0.002942258183155572
360810608001000,0.0042006994161388
360810317001000,0.002034671643739341
360810289001000,0.004533069684454385
360810132002003,0.002942258183155572
360810019011000,0.005966758538199386
360810803013006,0.006902012684475675
360811451021000,0.002942258183155572
360810659002004,0.0020877943204436287
360810677001007,0.0029751486945530786
360810040012004,0.005094200257329885
360810483011006,0.002942258183155572
360811507024008,0.002942258183155572
360810414003002,0.0071541786485002845
360810916021000,0.002942258183155572
360810922002010,0.002942258183155572
360810610001009,0.01000134527891771
360810713052000,0.002076246779437171
360810713033000,0.00271979975964036
360810741004000,0.0009605922269412657
360810737002003,0.0016362374067291842
360810892017004,0.0012321139311774656
360810288022004,0.002833544362114013
360810088002014,0.002942258183155572
360810552002007,0.0008321759990325152
360810001011012,0.002942258183155572
360810094001003,0.004645183166890821
360810184011011,0.024616835257708563
360811223002004,0.002942258183155572
360810818002007,0.005463523268521962
360811571014015,0.002942258183155572
360810124002004,0.02361801714625109
360810164002003,0.013070378811469052
360810168001005,0.003777419759160405
360811008011006,0.002559617772641161
360811377001005,0.003803599194979132
360810616012005,0.0010880803728479057
360810443021004,0.0017738586549670367
360811059003010,0.002942258183155572
360810613011000,0.002942258183155572
360810637004006,0.002942258183155572
360810667011003,0.002942258183155572
360810665014003,0.002942258183155572
360811483003009,0.014417655195526109
360810443022000,0.00130106186619471
360811621002000,0.002942258183155572
360810641011001,0.02005504514886626
360810383021030,0.00263699974655626
360810889032001,0.002942258183155572
360810564001007,0.0028903194255323456
360811341002005,0.002414801469516413
360810679003011,0.002942258183155572
360810703001000,0.002942258183155572
360810110001003,0.00537311866757427
360810317004001,0.002942258183155572
360810846021010,0.00026795551305659927
360810773002003,0.0033884254711119078
360810945001016,0.002942258183155572
360811203002002,0.006524573607756742
360810190002001,0.009439153033767233
360810158023005,0.024240596872161065
360810471002003,0.0011539135163433558
360810619002003,0.002942258183155572
360810142021004,0.002942258183155572
360810663021002,0.002942258183155572
360810404001004,0.0001584269816860592
360811409011003,0.002942258183155572
360810306001001,0.0032898410204037806
360810194001009,0.005528880237919821
360810838004002,0.002457321778853697
360810262001002,0.002427235943510684
360810010002004,0.004710941049359709
360810997051008,0.002942258183155572
360810942035000,0.003555692901889399
360810019031021,0.0014502847436646978
360810264001004,0.002942258183155572
360810443021000,0.16792033742250936
360810468001000,0.07488609386342135
360810137001022,0.0043641892394897805
360810143001000,0.00022543805355479637
360810928002004,0.002942258183155572
360810884002002,0.002942258183155572
360811223003002,0.002942258183155572
360810454002003,0.002942258183155572
360810779071010,0.0031833382550031505
360810635002007,0.002942258183155572
360810716001000,0.0037091608140212818
360810400001003,0.014557577267791156
360810792002004,0.002942258183155572
360810166001003,0.0026730887578025513
360810154001004,0.0036097542082134835
360810620001003,0.0012021857529936092
360810593001002,0.0006445155357966947
360810414003008,0.0034626453579344437
360810434001016,0.002942258183155572
360810560001010,0.040658796332694806
360810560002008,0.002942258183155572
360810028001006,0.008728455974303185
360811385011001,0.002942258183155572
360810100002001,0.004074599618198679
360810373002000,0.00012138195820156732
360810132002009,0.002942258183155572
360810273021000,0.01654765547603769
360810059001003,0.0019340622524883933
360811010031006,0.053551924487096496
360810654011009,0.0178078166735892
360810019031009,0.006742182139445274
360811291033001,0.002942258183155572
360810182001010,0.002942258183155572
360810262001006,0.008958535143345662
360810892013012,0.002942258183155572
360811447002012,0.0014205895592354944
360810884005011,0.002942258183155572
360811097001004,0.002942258183155572
360810001031002,0.001968782696469399
360810987001002,0.002942258183155572
360810007023000,0.0026762329029893445
360811265001001,0.008958535143345662
360810183004002,0.005414752860870247
360810024002002,0.05401241726683532
360811571014012,0.0029751486945530786
360810809005004,0.005051075125652375
360810632002000,0.0025919723678240313
360810697021005,0.002942258183155572
360811471001009,0.002942258183155572
360811010021008,0.002942258183155572
360810230001004,0.002942258183155572
360811347022004,0.00235868894130335
360810660002011,0.002942258183155572
360811367005003,0.002942258183155572
360810149002001,0.001798510507947989
360811141001009,0.002942258183155572
360810141001000,0.006243019946821449
360810320001005,0.002521153495042705
360810330003012,0.004663277280506201
360811483003010,0.002942258183155572
360810040021003,0.0032187546001927404
360810179021013,0.002942258183155572
360810473002001,0.005469535810087831
360810154002002,0.0012566759835141153
360810542001007,0.002942258183155572
360810022002006,0.001171134010498782
360810549003001,0.0015844721246179969
360810945001020,0.002942258183155572
360810981002006,0.002942258183155572
360810114001010,0.0003311872366295613
360810540001004,0.002942258183155572
360810998014000,0.008364433739528058
360810204002005,0.002942258183155572
360810633011006,0.005113310383269226
360810621002006,0.0033884254711119078
360810981001010,0.002942258183155572
360811409011004,0.002942258183155572
360810171011010,0.002942258183155572
360811571021008,0.002942258183155572
360810383021078,0.002942258183155572
360811283001011,0.002942258183155572
360811579024006,0.002942258183155572
360810476001006,0.002942258183155572
360810757022005,0.0006597867956553902
360810568002008,0.009533364525997635
360810638001006,0.002942258183155572
360810376004012,0.0017175780705293376
360810358002007,0.013101940157665434
360810176001000,0.0016311173805205602
360810170001001,0.0021676920427747552
360811141001008,0.002942258183155572
360810803013001,0.002942258183155572
360810621002001,0.002942258183155572
360810889032002,0.002942258183155572
360810803023015,0.0033574853551035016
360810595022006,0.004546918475512844
360810567001000,0.007841195917730116
360810657031003,0.002942258183155572
360810484004006,0.0017930606217773824
360811417001003,0.002942258183155572
360810632002005,0.024346557764413707
360810329002003,0.002942258183155572
360810358003001,0.013255927150388532
360811010042003,0.006409396458470244
360811451011008,0.002942258183155572
360811133002010,0.0017799019620595785
360810042001006,0.0017050420040375712
360810019021014,0.0019838878737318605
360810539013002,0.0012195388477788426
360811451011011,0.002942258183155572
360810472002000,0.002942258183155572
360811459003000,0.002942258183155572
360810001011006,0.00016104301387104153
360810540003000,0.0001324704177992552
360810040011003,0.0007335326985253689
360810443023002,0.5273179253003865
360810916036028,0.002942258183155572
360810184011006,0.00028419183981484727
360810280001001,0.0265434615119305
360810997011000,0.002942258183155572
360810214002004,0.0024155425738161033
360810942011009,0.006748456790642684
360810713054000,0.0014087530628617546
360811471001003,0.002942258183155572
360810954003022,0.002942258183155572
360810357001007,0.001777882611691672
360810125001007,0.009441375686006994
360811241003004,0.0018322542058291503
360810371001006,0.00031905107209793525
360810243001014,0.002942258183155572
360810743003001,0.002687788039392073
360810779071008,0.002942258183155572
360810680003001,0.002942258183155572
360810123012006,0.0007936830159965111
360810469012001,0.013150408231336596
360810947001000,0.002942258183155572
360810654013000,0.002064713584002482
360810551001004,0.002064713584002482
360810383021074,0.002942258183155572
360810309041007,0.002942258183155572
360810595021007,0.0009260579719100349
360811479003007,0.002942258183155572
360810182001000,0.009133434070740918
360810838003007,0.0007990604816621796
360810347002004,0.0006599301092744808
360810124001000,0.06970806051745229
360810110001000,0.0009309143456337563
360810001041028,0.0019830186469455384
360810837002005,0.009972404634534521
360810581001004,0.006337770815184561
360810625001005,0.001469189785862495
360810054002000,0.0026050325174734774
360811507023005,0.002942258183155572
360810444003018,0.0051444248395430365
360810942011011,0.006221382694488602
360810476001003,0.004546514984684918
360810294002005,0.0025783879283612634
360810884001003,0.002942258183155572
360810106001002,0.0057858879667945775
360810723002002,0.002942258183155572
360811579033007,0.002942258183155572
360810414003001,0.004535817819635767
360810270001002,0.0032905140565477995
360810997051002,0.002942258183155572
360810254021006,0.002942258183155572
360810614001003,0.002942258183155572
360810622002014,0.002942258183155572
360810542004005,0.002942258183155572
360810972041009,0.0001235817396619979
360810366002005,0.002942258183155572
360811047003006,0.002540898355293099
360810892018004,0.002942258183155572
360810916032002,0.002942258183155572
360811167001008,0.00015922096900523804
360810394001008,0.009942256443940067
360810603001007,0.002942258183155572
360810997013004,0.002942258183155572
360810306001004,0.002942258183155572
360810680003013,0.002942258183155572
360810394001001,0.0072991498159853205
360811617002007,0.002942258183155572
360810284001007,0.005719683032505957
360810357001004,0.006537146628364689
360810737002009,0.002942258183155572
360810697024003,0.002942258183155572
360810508001003,0.004591969294349944
360810530001000,0.00351384322641836
360811133001003,0.0021496800404839805
360811201001010,0.0019599385650655473
360811187002002,0.0022239793345568237
360810288021008,0.013037832886528385
360810170002005,0.0002312963606676924
360811008041000,0.002985364295060918
360811008041010,0.003777419759160405
360811571011002,0.005807542498433771
360810086001006,0.002974618796417572
360810566002006,0.003523685639745509
360810357001002,0.002942258183155572
360811451021008,0.002942258183155572
360810638001003,0.003645418329578588
360810500002006,0.00644784056008029
360811301001005,0.002942258183155572
360810664022007,0.002942258183155572
360810117002001,0.008864454631650153
360810171011012,0.002942258183155572
360810507002004,0.002942258183155572
360810884001010,0.002942258183155572
360811579016017,0.002942258183155572
360810610001005,0.002942258183155572
360810922001005,0.002942258183155572
360811257002003,0.0011975538386446245
360811171002002,0.002942258183155572
360811223003005,0.0015127517420973316
360811029002004,0.002942258183155572
360810559001010,0.002942258183155572
360810402002002,0.002942258183155572
360810680001001,0.002942258183155572
360810512002000,0.004535817819635767
360811483001015,0.004551364984910585
360810916035008,0.002942258183155572
360810612002006,0.005183909830904601
360810671002001,0.006902012684475675
360811367003017,0.0006891332023253018
360810414002000,0.0017897277995695428
360811447001002,0.005051075125652375
360811247002005,0.002942258183155572
360811341003009,0.002942258183155572
360811341001012,0.0021898215320706243
360811385011014,0.002942258183155572
360810377002001,0.0008135354377592146
360810489001007,0.0024155425738161033
360811291033002,0.002942258183155572
360810792001001,0.004682852901910501
360810194002000,0.007955844338596554
360811551042003,0.002942258183155572
360810086002012,0.00026795551305659927
360810158012003,0.0002551053311486891
360810147001001,0.0018479641924402529
360810121002001,0.002942258183155572
360811529011011,0.002942258183155572
360811447002018,0.002942258183155572
360810664011004,0.002942258183155572
360810907001017,0.0037540830970336486
360810145001003,0.002942258183155572
360810058002010,0.002942258183155572
360810622001008,0.002942258183155572
360810717022002,0.0003095786651477396
360811039002009,0.002942258183155572
360810404002004,0.0021058292307452407
360810243001000,0.002942258183155572
360810251002003,0.007459049940600722
360810664033001,0.014165109345740227
360810020001001,0.002942258183155572
360810045003000,0.008688513904625647
360810973003006,0.0015532244198717589
360810542004006,0.002942258183155572
360810174001005,0.002942258183155572
360810580004004,0.002385251294324835
360810317004009,0.002942258183155572
360810657021007,0.0026313791862839623
360810682002001,0.004682852901910501
360810555002004,0.0033574853551035016
360810353001007,0.0017209356215131869
360811301001008,0.0011950083526732337
360810134004002,0.002942258183155572
360810306004001,0.002942258183155572
360810204001015,0.002525567679661927
360810176001001,0.002942258183155572
360810230001001,0.002030383754049852
360810809007003,0.002942258183155572
360810999001004,0.002942258183155572
360810363002004,0.002942258183155572
360811579032010,0.003267371527671819
360810942021012,0.005935551318792359
360811032022006,0.002942258183155572
360810620001005,0.000989989165106979
360811617004011,0.0012566759835141153
360810297002002,0.0019365223375635478
360810929005014,0.002942258183155572
360810402001008,0.002942258183155572
360811093002008,0.005051075125652375
360810997011007,0.006409396458470244
360811017001006,0.0019365223375635478
360810997011003,0.002942258183155572
360810853003000,0.00024635721099423754
360811039001005,0.002942258183155572
360810028001002,0.010794900313556621
360810008002001,0.0013066043408636312
360810110002006,0.0062822110624611086
360810174002001,0.002452395585857156
360810214003005,0.002942258183155572
360810779023000,0.004682852901910501
360810779043007,0.0027766104714733505
360810998012000,0.05770820146178197
360810135001000,0.008311651337524342
360810507001011,0.004849642400039842
360810459001000,0.0027167471619305855
360810270001000,0.012483284763406828
360810057002000,0.0004867282620871089
360811201001009,0.002942258183155572
360810106001000,0.0013414161940396964
360810455004000,0.0084289468320616
360810055001009,0.002942258183155572
360810499003010,0.0014189530516441422
360810555002000,0.021559832536856654
360811507023006,0.002942258183155572
360810775002008,0.002521153495042705
360810306005004,0.002942258183155572
360810557002007,0.006048437995323075
360810889021001,0.0037113811815242936
360810929005009,0.002942258183155572
360810058001009,0.00824935829698477
360810159004002,0.013519781672128979
360810111001001,0.004551364984910585
360810987002012,0.006409396458470244
360810240001002,0.001734027173071616
360810240001003,0.03964988726300516
360810945002025,0.002942258183155572
360810466001003,0.002457321778853697
360810664031000,0.002942258183155572
360810779042005,0.013065238627763927
360810779051005,0.003267371527671819
360810208002008,0.0012865596700397653
360811579011000,0.002942258183155572
360810208001005,0.0011080488616621075
360811133002012,0.002942258183155572
360810716001016,0.002942258183155572
360810840005006,0.12236612935713295
360810329001001,0.03107057648230686
360810039001007,0.001736488966025313
360810663011011,0.002942258183155572
360810659002009,0.003330711203854756
360810637002001,0.002942258183155572
360810633021002,0.004589142276589411
360810309052001,0.002942258183155572
360810187001001,0.007247705477565505
360810306001009,0.002942258183155572
360810317003001,0.002064713584002482
360810034001006,0.0013557736574422296
360810803021003,0.002064713584002482
360810721003001,0.00025502592544726264
360811017005009,0.002942258183155572
360811507013006,0.002942258183155572
360810088002004,0.002153909841890423
360810548001005,0.002942258183155572
360810478012001,0.002942258183155572
360810184011004,0.008458279431378833
360810254021008,0.0018714713507835391
360811241001010,0.002064713584002482
360811341003013,0.002942258183155572
360811429003011,0.002942258183155572
360811571018000,0.002942258183155572
360810528001003,0.004767000305262338
360810320004004,0.002942258183155572
360810664011006,0.002942258183155572
360810158022002,0.0003953431011881774
360810212002009,0.0024526748130323404
360811267003006,0.002942258183155572
360810601001003,0.0039231980670180865
360811483004007,0.002942258183155572
360810264001006,0.002942258183155572
360811157002002,0.006656291027473416
360810659002001,0.002942258183155572
360810394001007,0.003330878514043307
360810942012009,0.002942258183155572
360810148001004,0.001010664561421078
360810282001006,0.009382428611253298
360810051001001,0.003307678953822566
360810737002007,0.002942258183155572
360811451011003,0.002942258183155572
360810253013003,0.0028129769352791957
360810500001001,0.0020410090205475423
360810749002011,0.002942258183155572
360810907001003,0.002942258183155572
360810916034031,0.002942258183155572
360810097003002,0.002942258183155572
360810001012001,0.002942258183155572
360810857003002,0.000978874446374353
360810779022010,0.002942258183155572
360810592001009,0.0015754686215819034
360810480002007,0.0033503703902462135
360811403001001,0.002942258183155572
360810531003010,0.002942258183155572
360810664012008,0.002942258183155572
360810972062004,0.002942258183155572
360810444002009,0.7775509442538922
360811301004001,0.005807542498433771
360811277001003,0.002942258183155572
360811377003008,0.004551364984910585
360810552001021,0.0002805321131075107
360810997051003,0.002942258183155572
360811059002003,0.002942258183155572
360811155001003,0.002942258183155572
360810797014002,0.01326183540329677
360810884003002,0.002942258183155572
360810212001001,0.01462474721791186
360810450001007,0.0012321139311774656
360811301002000,0.0014460135763681979
360810505001002,0.002942258183155572
360810542003007,0.003980607002269545
360810054002001,0.0024875464834721644
360810745002002,0.021967672698149
360810205001002,0.002942258183155572
360810383011024,0.0007574771163715027
360810432001011,0.002942258183155572
360810121001003,0.0015406990690644265
360811341002007,0.00870698143971662
360811417001000,0.002942258183155572
360811417002005,0.002942258183155572
360811417005004,0.00567497724967195
360810475002001,0.008737711074527385
360810194001008,0.0015496279892711193
360811223003007,0.002942258183155572
360811529022007,0.002942258183155572
360810148001011,0.002942258183155572
360810515002003,0.0005086541067767977
360810243003007,0.0010379147005832314
360810515002000,0.007567928766243038
360810803012000,0.00588822862570004
360810620001013,0.0015119720437634968
360810086001015,0.0029871470944200992
360810206001016,0.0003017373758142446
360810680003005,0.0008122394515867226
360810446012002,0.004027508950011894
360810456001013,0.002942258183155572
360811291022008,0.002942258183155572
360810790001001,0.002942258183155572
360810790001007,0.0016612008569725594
360810184011009,0.01814840607423361
360810288012011,0.007786793386935621
360810306001016,0.003010874794189393
360810185011002,0.002942258183155572
360810329002005,0.00035120889122758055
360811133002001,0.0049418659327103865
360811247001012,0.002942258183155572
360810135001006,0.0012476014569101491
360810260002006,0.01351777175685684
360811551042009,0.002942258183155572
360810803023011,0.0019365223375635478
360810693002000,0.0031205395132312555
360811447002000,0.002064713584002482
360810142012000,0.001841191005437056
360810616021006,0.002942258183155572
360810654011005,0.030390518571116805
360810660001000,0.002942258183155572
360810535011004,0.002942258183155572
360810014003005,0.056899035210984106
360810065023001,0.0019418557420569395
360811039002005,0.0043830813203034995
360811039003011,0.002942258183155572
360810925001011,0.002942258183155572
360810925001010,0.002942258183155572
360810925002006,0.00033125051432381406
360810542001008,0.002942258183155572
360810132001011,0.002942258183155572
360810608001009,0.000347061131408064
360811047002000,0.002942258183155572
360811033003006,0.002942258183155572
360811010021001,0.002942258183155572
360811008041011,0.02384457009297485
360811008041008,0.013247054667895788
360810294003001,0.0033870252695295806
360810198003006,0.0038460711989698354
360810170002000,0.003455515370139179
360811141001011,0.002942258183155572
360810803021011,0.002942258183155572
360810892016010,0.002942258183155572
360811385014007,0.002942258183155572
360811039001011,0.0029751486945530786
360810973001011,0.002942258183155572
360810626002000,0.002942258183155572
360810110001004,0.024559753578657872
360810837001016,0.0012805956789893192
360810073003000,0.002942258183155572
360810991004023,0.002942258183155572
360811085001013,0.002942258183155572
360810680001011,0.0015443541851415557
360810358001008,0.002942258183155572
360810998011008,0.0009530932443123568
360810122001006,0.001968295479761732
360810259001010,0.002942258183155572
360811447001003,0.0022475046986432192
360810478021005,0.0019204992121306017
360810001011005,0.037640584518931416
360810582002001,0.0061229662992467754
360810664011014,0.002942258183155572
360810016001002,0.0005169580078143874
360811167001014,0.004548037830287898
360810973001003,0.002942258183155572
360811215003005,0.009243195378792887
360811008041002,0.0021845915218020313
360810717022010,0.005798847311035067
360810097002001,0.004838477116803797
360810075003000,0.0253418286692441
360810619001008,0.0029928247714218563
360810679003005,0.0007990604816621796
360810579002001,0.05181132411491811
360811451021006,0.002942258183155572
360810492012004,0.005807542498433771
360810031001003,0.000753317168053256
360810033011016,0.003267371527671819
360810091002001,0.002942258183155572
360810987002004,0.002942258183155572
360811207011011,0.0004150506728559505
360810779043005,0.0013172623730073815
360810889024001,0.00030858858368169
360810483021011,0.002942258183155572
360810580003002,0.0013190495272399872
360810306005015,0.0025783879283612634
360811277001005,0.0007990604816621796
360810656002000,0.002942258183155572
360810383021062,0.002942258183155572
360810603001012,0.002942258183155572
360810427001001,0.0034015082324342317
360810136001001,0.005585224543387548
360810590001014,0.0029599060963856456
360811133002011,0.002942258183155572
360810240002006,0.006409396458470244
360810235011005,0.002942258183155572
360810126011003,0.0014892511074447842
360810007022004,0.002942258183155572
360810101002001,0.0027123527223914153
360810845001000,0.01158345132221768
360810079001000,0.0019250193923437155
360810625001002,0.002942258183155572
360810625002003,0.002942258183155572
360811099001002,0.002942258183155572
360810884003010,0.002942258183155572
360810334052009,0.002942258183155572
360811301001007,0.005521308821120952
360810478012008,0.006838408072806419
360811399001009,0.002942258183155572
360811417003000,0.0024155425738161033
360810144001004,0.002942258183155572
360810115002003,0.002942258183155572
360810006001003,0.02301408765937307
360810034001011,0.001245488065417307
360810779033005,0.002942258183155572
360811507012003,0.002942258183155572
360810199012009,0.002942258183155572
360810492021010,0.002942258183155572
360810590001008,0.002942258183155572
360810040011007,0.002942258183155572
360810334012010,0.004081095443866629
360810945002000,0.002942258183155572
360811008042004,0.002286830251738377
360811247001007,0.002942258183155572
360811367005000,0.0007990604816621796
360810616011002,0.0030782237545949396
360810077001001,0.006434201570017295
360810585001000,0.004613407147365964
360811191001002,0.0024896969068090623
360810511002000,0.003365455768900791
360810062027006,0.0036789290619798696
360811483001012,0.002942258183155572
360810306003007,0.006503237496080444
360810506002006,0.002314102739388139
360810174001000,0.002942258183155572
360810394001009,0.003872967959225216
360810376001005,0.005183909830904601
360810376002002,0.02333545975677162
360810373001004,0.021098695688509004
360810383021060,0.002942258183155572
360811097001001,0.002942258183155572
360811133002003,0.002942258183155572
360810687003005,0.002942258183155572
360810803023013,0.002942258183155572
360810384002001,0.0006713794306392779
360811085003004,0.002942258183155572
360811093001006,0.005113310383269226
360810947001001,0.002942258183155572
360811571015009,0.002942258183155572
360810865001001,0.06149459402416825
360810507001003,0.002520383414982598
360810797023000,0.01986941228028898
360810500001008,0.001617718297005246
360811403002004,0.003267371527671819
360810188001010,0.002942258183155572
360810838004001,0.006686674343073405
360810219001001,0.002942258183155572
360811529021005,0.002942258183155572
360810404003004,0.003399296959674488
360810664022004,0.008958535143345662
360811141002007,0.002942258183155572
360810007021004,0.002942258183155572
360810981002000,0.0018047202766787718
360810757023000,0.0014446175489477545
360811247001005,0.002942258183155572
360810065012003,0.0025636749172869835
360810205001009,0.005051075125652375
360810992002005,0.002942258183155572
360810846021006,0.004682852901910501
360810208001016,0.002942258183155572
360810371001000,0.00674098937100585
360810306002005,0.0014683698289785123
360810616022007,0.002942258183155572
360810040021009,0.0015772163478512437
360811399001004,0.002942258183155572
360810180001009,0.002942258183155572
360810394001006,0.002942258183155572
360811241001003,0.002942258183155572
360811341002004,0.002355821317006419
360811341003004,0.002942258183155572
360811223002007,0.003777419759160405
360811409021009,0.002942258183155572
360810243002015,0.002942258183155572
360811017002005,0.002942258183155572
360810892021000,0.002942258183155572
360810353001001,0.008080855498702256
360811507012004,0.002942258183155572
360810942011004,0.00098151233483036
360811291032000,0.002942258183155572
360810792001000,0.0015257401797717743
360810942011013,0.002942258183155572
360811347023001,0.002942258183155572
360811347012001,0.002942258183155572
360810493011003,0.002942258183155572
360810892015003,0.002942258183155572
360810568001003,0.004682852901910501
360810525001001,0.0009393353386435765
360810243002003,0.002942258183155572
360810916035017,0.002942258183155572
360810001031003,0.002942258183155572
360810612001002,0.0029751486945530786
360810123011011,0.0008096687897283716
360810260001003,0.0029585721929500895
360810632002001,0.011116615636381381
360811385021004,0.002942258183155572
360811039001003,0.0033884254711119078
360810317004010,0.002942258183155572
360810141001001,0.03336076195254553
360811447001008,0.0013688631499748861
360810997012002,0.002942258183155572
360811093002017,0.002942258183155572
360810638001008,0.0009506757901009838
360810282001010,0.005113310383269226
360810334012002,0.002942258183155572
360810366002007,0.0004171973258341991
360810531003005,0.002942258183155572
360810229001006,0.010350118643650576
360810050001001,0.002942258183155572
360810757021000,0.0012975422435908316
360810033022009,0.002942258183155572
360810884008010,0.002942258183155572
360810339002001,0.0017058986294437224
360810521002000,0.0338644717296476
360810404004009,0.0015897055464834645
360811621003003,0.004611138295846662
360811151001005,0.002942258183155572
360810568002010,0.011200958380981587
360810138002006,0.00046193629335359383
360810208002023,0.017315593523387077
360810198003007,0.00025170027036058623
360810857002000,0.00799190016399741
360810803022007,0.009012555938340126
360810922003003,0.004551364984910585
360810716001010,0.002942258183155572
360810837003008,0.000764463485611262
360810535011010,0.00022039165167311232
360810620001010,0.0025783879283612634
360810079002000,0.003636567675038582
360810376003005,0.002942258183155572
360810942023010,0.002942258183155572
360810942023000,0.0019365223375635478
360811277001007,0.002942258183155572
360810001011011,0.002942258183155572
360810626002004,0.0006453971192333877
360810424001004,0.008320307682708958
360810424003005,0.002942258183155572
360811463001003,0.002942258183155572
360810007012008,0.003636567675038582
360810997043000,0.002942258183155572
360810934011000,0.002942258183155572
360810855003000,0.0052767727934888535
360811029001019,0.006153955589574124
360810697022006,0.002942258183155572
360810667011010,0.002942258183155572
360810125001000,0.002942258183155572
360810916035018,0.002942258183155572
360811385011010,0.002942258183155572
360810432001001,0.004440311682970352
360810306001017,0.0006851985033422606
360810158011000,0.013137798871517182
360810580001005,0.0004567251099901497
360810012001004,0.014744471702568361
360810747002004,0.008408723415981485
360810779022009,0.002942258183155572
360810383011016,0.03407368292647779
360811409021006,0.002942258183155572
360811008032008,0.005183909830904601
360811008032007,0.0020427269877036146
360810112001003,0.0008182859801546191
360810235011000,0.009271979332211447
360810220023000,0.004610005934562802
360810769012002,0.00414597996992606
360810790001005,0.005209100203553069
360811483001010,0.002942258183155572
360811175002003,0.002942258183155572
360810589002004,0.0001478597221101292
360810542003009,0.002942258183155572
360810190001002,0.0011374341352466172
360810564001013,0.002942258183155572
360810053001002,0.009423771642199161
360810361001002,0.002942258183155572
360810367002002,0.0008651363914269642
360811417002008,0.002942258183155572
360810837003006,0.0029599060963856456
360810884005007,0.002942258183155572
360810593002004,0.002942258183155572
360810479002006,0.002942258183155572
360811507011004,0.002942258183155572
360810157001007,0.014468499401836801
360811033004003,0.002942258183155572
360810161001001,0.004342367335406272
360810567001001,0.009743157484911181
360810220013012,0.002942258183155572
360810656003015,0.010949562338672834
360810656003010,0.002942258183155572
360810240002000,0.006353576478597981
360810641021015,0.002942258183155572
360810185023003,0.007381324432597118
360810413001001,0.0014896416851373133
360811171001011,0.0026313791862839623
360810846012007,0.008458279431378833
360810838002001,0.002942258183155572
360810329002002,0.00235868894130335
360810130002002,0.002942258183155572
360810199021013,0.002942258183155572
360810101001007,0.002942258183155572
360810892012002,0.002942258183155572
360810690002001,0.0006846965836058961
360810610001001,0.0008596334041000845
360810306004014,0.0006241431282147504
360810243001012,0.0016948759945896264
360810116001007,0.0005974728009307042
360810309041005,0.002942258183155572
360810006002005,0.0007990604816621796
360810288021003,0.003399296959674488
360810019021015,0.0031205395132312555
360810809004003,0.002942258183155572
360810510001007,0.002942258183155572
360810152002005,0.003735024241852838
360810077001002,0.015142173764281381
360810394002005,0.00481248266883384
360810707001000,0.004589142276589411
360810521002002,0.007064204758559246
360811483001001,0.002942258183155572
360811483002002,0.002942258183155572
360810414001006,0.002942258183155572
360810376005006,0.002942258183155572
360810616021002,0.0033884254711119078
360810680003003,0.00019409389817727274
360811571017002,0.0011683878462071674
360810553001002,0.003027201380512332
360810568001010,0.0019675401236063377
360810171011009,0.013405737602230674
360811185001005,0.00018803631540008256
360810731002005,0.006243019946821449
360810697024006,0.002942258183155572
360810709002002,0.002942258183155572
360810506002003,0.002942258183155572
360810987002005,0.00026795551305659927
360810916021004,0.002942258183155572
360810530001001,0.0028806770924494035
360810384001013,0.007574037085008931
360810846011010,0.0049418659327103865
360810840001000,0.03307438888591891
360810136001003,0.003636567675038582
360810919002007,0.006918065453636841
360810158022000,0.0011331438495098011
360810512002006,0.010949562338672834
360810516001003,0.0015252453660708648
360810383021041,0.0031663764864085057
360810472002005,0.002942258183155572
360810964001020,0.002942258183155572
360810716001002,0.002942258183155572
360810945001014,0.002942258183155572
360810468001002,0.001027676895478793
360810178002001,0.005006435937554344
360810484004003,0.005637208738534305
360810460001003,0.00019851355337275817
360810942023003,0.002942258183155572
360810539011000,0.0013334839074922121
360811341001004,0.002457321778853697
360810470001003,0.035379137973994404
360810492021000,0.002096090435280779
360811247001000,0.002942258183155572
360811265001000,0.002942258183155572
360810125001004,0.002942258183155572
360810991003006,0.002942258183155572
360811341003010,0.002942258183155572
360810840001001,0.0018270824570434398
360811529022000,0.002942258183155572
360810552001008,0.002942258183155572
360810214002010,0.012494822992541932
360810104002000,0.002296258420697088
360810086001008,0.002942258183155572
360810497002003,0.0006498970329553819
360811367003010,0.002942258183155572
360810526002001,0.0016095179946643864
360810528001004,0.001010664561421078
360810536012005,0.007268110594787387
360810121001002,0.0009260579719100349
360810199012012,0.002942258183155572
360811187002005,0.0009271233277579894
360811417002014,0.002942258183155572
360810583002000,0.004331287909927309
360810583001002,0.001426793045020518
360810098002001,0.045702378536740466
360811579011008,0.002942258183155572
360810245002002,0.002942258183155572
360810243003001,0.002942258183155572
360810497001003,0.003636567675038582
360811247001009,0.002942258183155572
360810247001004,0.002942258183155572
360810892018006,0.005585224543387548
360810062027001,0.002942258183155572
360811617004012,0.002942258183155572
360810270001017,0.00523021194309785
360810954003014,0.002942258183155572
360810680001010,0.0007775315047488805
360810773001002,0.0033884254711119078
360810130002005,0.002942258183155572
360810260002009,0.0024155425738161033
360811341001011,0.005807542498433771
360810892015001,0.00234441157527538
360810444003004,0.002942258183155572
360810582001001,0.0001860935456679576
360811621005009,0.002942258183155572
360811010042001,0.005155355277550593
360811181002002,0.00653184182934632
360810536011001,0.005748315699242782
360810516002001,0.0023932385322171144
360810945002012,0.0021496800404839805
360810594001004,0.006409396458470244
360810149001000,0.001600705443367058
360810892012010,0.0014205895592354944
360811579013008,0.0016362374067291842
360810846011007,0.008794349081316242
360810680004013,0.01369766554147228
360810779071005,0.002942258183155572
360811435001003,0.002942258183155572
360810972021001,0.002942258183155572
360810711001001,0.002064713584002482
360810559001001,0.00019426365831020907
360810019011002,0.0024155425738161033
360810006003006,0.000623589559697784
360811093002012,0.008958535143345662
360811097002003,0.002942258183155572
360810645001000,0.002942258183155572
360810493012001,0.002942258183155572
360810255001002,0.0013644333617870953
360810635002003,0.006480520595326407
360810679001002,0.002942258183155572
360810063002001,0.013810577050529349
360810083002006,0.003777419759160405
360811047001004,0.0037086926555999393
360810892018002,0.002942258183155572
360811571018009,0.002942258183155572
360810172001006,0.004429216250500154
360811008041007,0.0025894171919556264
360811008042002,0.005183909830904601
360810330005001,0.0019830186469455384
360810198002005,0.015609003684096052
360810172001001,0.0038866381659909705
360810014002003,0.005542158774100104
360810459001005,0.014384113829832814
360811207012009,0.002942258183155572
360810134002001,0.002942258183155572
360810741002000,0.14201430158583056
360811227043000,0.0008596334041000845
360811417004005,0.002942258183155572
360810539012006,0.002521153495042705
360811617001002,0.002942258183155572
360810942022005,0.001216269397452936
360810942023007,0.002942258183155572
360810626003002,0.0007096747850591866
360810358002004,0.002540898355293099
360810001041023,0.004838477116803797
360810050001000,0.0015187509404269463
360810065012000,0.005139674411624994
360810855004001,0.0009122016700173871
360811207012001,0.002942258183155572
360810695001002,0.00023975344370157352
360810549004003,0.0004157083525839074
360810358003000,0.00026795551305659927
360810591001000,0.005411512214423662
360811571013000,0.002942258183155572
360811333003000,0.002942258183155572
360810480002000,0.00025001692926245365
360811579033002,0.002942258183155572
360811579034007,0.0031777023455676653
360810198002003,0.0033232203993614827
360810054003006,0.0005808791738411079
360810216021008,0.002942258183155572
360811215003000,0.0038190107365434736
360810779062005,0.004703786119594361
360811507011012,0.005585224543387548
360810123011003,0.002942258183155572
360810531001005,0.002942258183155572
360810069003001,0.002128163100530759
360810596002004,0.0015764390733605902
360810972041004,0.0007135114718091927
360810455002000,0.002942258183155572
360811277003006,0.0014892511074447842
360810619001009,0.002942258183155572
360810713041001,0.002942258183155572
360810721002000,0.00771140808266856
360811621001006,0.0008998076927257885
360810934023003,0.00026795551305659927
360810999001001,0.002942258183155572
360810889024000,0.013857914781558945
360811471002009,0.0025783879283612634
360810159002002,0.003523685639745509
360810137001007,0.0002300880452446205
360811167001013,0.002064713584002482
360811033001006,0.002942258183155572
360810240003000,0.001098684750420364
360810511002006,0.002942258183155572
360810916034019,0.002942258183155572
360810216021004,0.002942258183155572
360810638002005,0.002942258183155572
360810942011015,0.0049418659327103865
360810454001001,0.014328233298231052
360810512001000,0.00042335380833525963
360810232002001,0.00023996078252824996
360810638002002,0.002942258183155572
360810179011007,0.004080690739948782
360810383011006,0.0026888372083947614
360810185022000,0.0028162544144926475
360810972061000,0.00016020910176195877
360810320001016,0.008685225557228976
360810130001001,0.002942258183155572
360810481002001,0.0024155425738161033
360811507021006,0.002942258183155572
360810306005008,0.002942258183155572
360810462002001,0.00013065085555018913
360810476002005,0.002942258183155572
360810478012006,0.002942258183155572
360810680002004,0.07282985772459881
360810001041035,0.0029871470944200992
360810116002002,0.0014205895592354944
360810723002005,0.002942258183155572
360810757022003,0.002942258183155572
360810320003000,0.0038794150753324666
360810779023002,0.0006814897906489525
360810019031001,0.0012566759835141153
360810638002008,0.0032441751130052976
360810638005004,0.00253639592128443
360810065011001,0.002942258183155572
360811385014005,0.005585224543387548
360810500001010,0.0048656162085073
360810638004000,0.002942258183155572
360810840001002,0.010398284399922566
360810320002025,0.0021496800404839805
360810140002007,0.0031205395132312555
360811571011004,0.002942258183155572
360811579015006,0.002942258183155572
360811039002006,0.0008596334041000845
360810450001001,0.0016362374067291842
360811123002003,0.00253639592128443
360810168001004,0.002942258183155572
360810618002000,0.0025783879283612634
360810925002005,0.0014181853704770433
360811047002010,0.002942258183155572
360810741003000,0.002942258183155572
360810713051001,0.000532631081433278
360810589001004,0.010002108154089515
360810945001024,0.00015207005941352293
360811301001011,0.002942258183155572
360810394002006,0.0035309094655613027
360811617002002,0.002942258183155572
360811429004002,0.002942258183155572
360811033004002,0.002942258183155572
360811047004000,0.006701100520273579
360810306001000,0.004902451493584914
360810680004010,0.0007990604816621796
360810680004012,0.012146914510947272
360810530002003,0.0031802208136118737
360810473001001,0.0015163829739979703
360810492021003,0.00418802082294061
360810502011000,0.002942258183155572
360810071004001,0.0069460132173377
360810928001002,0.004440311682970352
360810264002004,0.0003470653054759204
360810414003000,0.0026620884859414736
360811010021002,0.002942258183155572
360810972062002,0.0006089035146800992
360810991004003,0.002942258183155572
360810769021003,0.002457321778853697
360810567001003,0.002942258183155572
360810925003003,0.00940928876376379
360810919002003,0.002064713584002482
360810243004003,0.002942258183155572
360810540001002,0.006471655958353205
360810779022004,0.002942258183155572
360810954003012,0.002755519114992044
360810869002000,0.0003599841437984432
360810552001002,0.002521153495042705
360810404002002,0.003900323105776957
360810999001011,0.002942258183155572
360811571021001,0.005585224543387548
360810174001004,0.0235225221019729
360810531001009,0.0031205395132312555
360810664023001,0.0030019840264992096
360810042002000,0.0033809575541284935
360810954001008,0.002942258183155572
360810582001009,0.007726140843933417
360810568004000,0.0030684774912617583
360810353001003,0.00011385154499932948
360810680004003,0.002942258183155572
360810779072004,0.002942258183155572
360810444002006,0.14549216377439392
360811301003003,0.002963322747722924
360810404001005,0.002942258183155572
360811059001002,0.0015822266061783715
360811529021004,0.002942258183155572
360810220013001,0.0018332703922051459
360810101002003,0.03636247880311094
360810202001006,0.007474899782497748
360810212002005,0.002942258183155572
360810558002000,0.002355821317006419
360810542003002,0.0019830186469455384
360810916036005,0.002942258183155572
360810690001004,0.0009538014729387807
360810032001016,0.002942258183155572
360810288011005,0.0026884913697818188
360810818003001,0.0010582180926845038
360811617002009,0.002942258183155572
360811113002002,0.002942258183155572
360810562001001,0.002942258183155572
360810026001006,0.000539554208776233
360810551001003,0.002942258183155572
360810459001001,0.001718812626748068
360811147002008,0.001736488966025313
360810140001010,0.004440311682970352
360810919003006,0.002942258183155572
360810792001009,0.014647133423400809
360810383021057,0.002942258183155572
360810240003001,0.0013215301022838305
360811139002005,0.0024173228021531564
360810517002004,0.0012566759835141153
360810383021081,0.002942258183155572
360810513001009,0.002942258183155572
360810028002000,0.016229821684335854
360810892012014,0.002942258183155572
360811579012006,0.002942258183155572
360810530002000,0.0001388174263094659
360810779021000,0.003390262949250618
360810929002004,0.002942258183155572
360811039003014,0.002942258183155572
360810008002002,0.0025750927467683643
360810199022007,0.0008645296962151855
360811459003002,0.0019356157532566267
360810489001003,0.02238534358331991
360810154002005,0.008025048644912214
360811551033003,0.002942258183155572
360811551041002,0.002942258183155572
360811097002007,0.002942258183155572
360811123001005,0.006695877009780379
360810245002003,0.0003842949788213072
360810219001021,0.003748942045300669
360810749001010,0.002942258183155572
360811039002004,0.002942258183155572
360810156001002,0.0032814285069033516
360810470002007,0.02156921742330417
360810677002000,0.00026795551305659927
360810613013005,0.002442464720755853
360811215001003,0.002942258183155572
360810106002001,0.0009421320476239393
360810492011001,0.002942258183155572
360810054004004,0.009162676586122432
360810334052007,0.002040917385897982
360810214003000,0.3688692329295641
360810945001005,0.002942258183155572
360810457001003,0.0025777705666005825
360811257001002,0.007496340127461826
360810040011005,0.002942258183155572
360811033001008,0.0014205895592354944
360811033001009,0.0029599060963856456
360811171001008,0.011609423765262387
360811085002001,0.002942258183155572
360810942021002,0.002942258183155572
360810954003001,0.0010769314215279989
360811277001002,0.002942258183155572
360811277001013,0.002942258183155572
360810297001007,0.0026313791862839623
360810245001003,0.008458279431378833
360811507023008,0.004682852901910501
360811429001002,0.002942258183155572
360810057001004,0.0015822266061783715
360811017006006,0.002064713584002482
360811085001005,0.002942258183155572
360810157001001,0.0015546220959164571
360810115002005,0.0024875464834721644
360811479003004,0.006432174175957787
360810058001014,0.008938236484241822
360811267001007,0.002942258183155572
360810437022003,0.0023349713831100254
360810320001000,0.003346432119494969
360810306005007,0.003770198866342664
360810254023000,0.006375390775619421
360810504001003,0.002355821317006419
360810040011004,0.00796869439955723
360810220011001,0.002942258183155572
360810220021005,0.01105753582907972
360810779023003,0.009880796605775823
360811008032002,0.0030745538184717676
360811479001015,0.002942258183155572
360810294006004,0.002942258183155572
360810002002004,0.00025559183061931546
360811471002004,0.002942258183155572
360810255001005,0.002540898355293099
360810019031005,0.002942258183155572
360810717012002,0.024981558613004634
360810925002003,0.0005604492280019164
360810019031017,0.0007990604816621796
360811277003009,0.002942258183155572
360811385014012,0.002942258183155572
360810475002004,0.0012566759835141153
360810357003010,0.0031086656460762455
360810779042001,0.004159347799384555
360810328002005,0.002942258183155572
360810337001003,0.001481437872987277
360810779021003,0.002942258183155572
360810864001000,0.0006729056989337255
360810033021002,0.004098478036675854
360810616012006,0.002942258183155572
360810151002003,0.0033884254711119078
360810163001001,0.0011103188650980105
360810121001000,0.008458279431378833
360810450001008,0.002942258183155572
360810595022003,0.004838477116803797
360810997031003,0.0009509916134583929
360810972062001,0.002942258183155572
360810291004006,0.0025783879283612634
360811093002015,0.002942258183155572
360810664011013,0.0016362374067291842
360811579024005,0.0012321139311774656
360811579033005,0.002942258183155572
360810179021032,0.002942258183155572
360810240003002,0.4378680991964536
360811347011007,0.002942258183155572
360810493022001,0.020794635317308834
360810667011002,0.0029599060963856456
360810639001011,0.002942258183155572
360811571014006,0.0022139480196312067
360810128002001,0.002942258183155572
360810081001005,0.010017712605541098
360810942012002,0.002942258183155572
360810716001004,0.002942258183155572
360810294001001,0.007574037085008931
360811451011007,0.002942258183155572
360810194001000,0.002942258183155572
360810125001017,0.002942258183155572
360810044011003,0.0009390448115949329
360810008002003,0.003903137964619904
360810713032000,0.003134821670572562
360810723002001,0.002942258183155572
360810739003003,0.0019830186469455384
360810884006005,0.002942258183155572
360810619002004,0.0012321139311774656
360810306003000,0.0024544439581524217
360810100001003,0.2019729327493024
360810266001009,0.005183909830904601
360810105003002,0.004270546017606856
360811341003001,0.011640589345662056
360811447002014,0.002942258183155572
360811291042007,0.002942258183155572
360810317004004,0.005585224543387548
360810394002000,0.00364947015381606
360810779051003,0.002942258183155572
360810126012004,0.0005305703802764365
360810062027000,0.001010664561421078
360810168001001,0.002942258183155572
360810166002004,0.0029599060963856456
360810214003016,0.0003049631079508328
360811072011025,0.002942258183155572
360810245003003,0.002942258183155572
360811617004001,0.0029871470944200992
360811047003002,0.01386247888452339
360810637003008,0.002942258183155572
360810443022003,0.0012405412895453735
360810517001013,0.003267371527671819
360810141002004,0.000575515240330265
360810916032007,0.002942258183155572
360811447002007,0.002942258183155572
360810590001002,0.007513967172301853
360810358004004,0.004440311682970352
360810680004009,0.0013688631499748861
360810306001026,0.002942258183155572
360811175002000,0.00400774872086699
360810500001005,0.0039962404901873255
360810502011009,0.005724335937009731
360810568004005,0.0013256665991120942
360810992002003,0.002942258183155572
360810172002007,0.002942258183155572
360810779031000,0.002942258183155572
360810493012000,0.002942258183155572
360810889021000,0.002942258183155572
360810954002006,0.0005761777277882488
360810964002022,0.002942258183155572
360810480002001,0.005856352339222135
360810404001003,0.014025188653086084
360810194002006,0.019622670189756
360810245004006,0.002942258183155572
360810680003002,0.0033884254711119078
360810464001009,0.002956711868705807
360810352002004,0.002942258183155572
360810320001018,0.005390284766325404
360810618002007,0.007040484531392609
360811171002000,0.002942258183155572
360811017005004,0.002942258183155572
360810797021001,0.0009695728916910442
360810196001006,0.36020268489516744
360811417005003,0.003748942045300669
360810008001001,0.005225792473195308
360811059004007,0.002942258183155572
360811017002004,0.002942258183155572
360810214002002,0.00253639592128443
360810566002005,0.002942258183155572
360810591003002,0.025652387576528643
360810682001006,0.002942258183155572
360811621004000,0.002064713584002482
360811123002002,0.005111208243261565
360810663011003,0.0010960278765600362
360810253012003,0.002942258183155572
360810557001000,0.008880230158024428
360810515003000,0.0012566759835141153
360810483021012,0.0050718274886472825
360810619001003,0.024971255045767585
360810512001007,0.002942258183155572
360810942031006,0.0016662090023404912
360810058001004,0.014736509710497739
360810916032013,0.006902012684475675
360810472002014,0.00036959909723477646
360810639001001,0.011409675802132624
360810925003002,0.0026042103076414926
360810454002004,0.002942258183155572
360810383021051,0.002942258183155572
360810892012009,0.002942258183155572
360810892014005,0.00661473126504469
360810892014003,0.0028210847970774615
360810934023006,0.004589142276589411
360811621004004,0.0010077910073906082
360810171021003,0.028011100276943774
360810044012003,0.0023066387826956546
360810568004011,0.0018047202766787718
360810534011010,0.011094009204131089
360810840002002,0.04937431937660012
360810892021006,0.002942258183155572
360810022002002,0.004440311682970352
360810330001005,0.0026313791862839623
360810214003009,0.0012531660793732627
360810929004001,0.0003440148303064276
360810929002006,0.003903344773577486
360810669002001,0.23245519047145854
360810480002003,0.023585903176810166
360810214002000,0.0007533398380676821
360811463001010,0.002942258183155572
360811571012002,0.002942258183155572
360810638004008,0.005996240557356946
360810654013003,0.004501074469481201
360810062027004,0.018265275160123766
360810892021005,0.002942258183155572
360810645001003,0.002942258183155572
360811039001009,0.002942258183155572
360810255001007,0.002942258183155572
360811451011002,0.003285308872303722
360810142021006,0.294827328976398
360810972041008,0.00039224946712935197
360811621002006,0.005316558071512866
360810196002005,0.004535817819635767
360810889031013,0.002942258183155572
360810928003008,0.002942258183155572
360810337002005,0.002942258183155572
360810153002003,0.00905485359166194
360810522001007,0.002540898355293099
360811571018006,0.002942258183155572
360810118002000,0.014620069037621596
360811571017009,0.002942258183155572
360810116001001,0.002942258183155572
360810892016002,0.002942258183155572
360810987002013,0.002942258183155572
360810619002005,0.002942258183155572
360810633011007,0.0005856220341913691
360810942021013,0.0005942019223707138
360810945002003,0.002942258183155572
360811291021010,0.002942258183155572
360810626001004,0.006524573607756742
360810358001002,0.0037266744548782923
360810444003006,0.016229111667681668
360810432001004,0.0009446458779991009
360810042001008,0.032752705360645167
360810991003002,0.004767000305262338
360810934023011,0.0015504636440573578
360810922001002,0.002942258183155572
360810717014000,0.00173498977008789
360810618002002,0.0008646292107555335
360810697024004,0.0049418659327103865
360811241003007,0.002942258183155572
360810482001007,0.0004186659344143207
360810216011010,0.002942258183155572
360811579033001,0.016190890170478374
360810254011009,0.012945345511229965
360810580003005,0.00497041670139935
360810054001001,0.008516074664691786
360810639002006,0.004838477116803797
360810779042003,0.002942258183155572
360810383021042,0.002287855482690227
360810864002002,0.002942258183155572
360810512001003,0.0027042469906947836
360810502011012,0.002942258183155572
360810650002001,0.0021496800404839805
360810001011007,0.002942258183155572
360810677002007,0.0015103078612168526
360810671002002,0.002942258183155572
360810601001001,0.008458279431378833
360811171003005,0.002942258183155572
360810619002000,0.0008094820035584949
360810947001002,0.004742204897138561
360810086002014,0.002942258183155572
360810595012001,0.002942258183155572
360811223003016,0.002942258183155572
360810101001006,0.002942258183155572
360810103004000,0.0016531847213656235
360810991005004,0.002942258183155572
360811199001010,0.002942258183155572
360810479002004,0.017987330082598858
360810479002005,0.006409396458470244
360811205002003,0.002942258183155572
360810577003003,0.005513219731607205
360810524001002,0.016997169754683544
360810697023000,0.002942258183155572
360810745001003,0.2356805233216585
360810460003004,0.0029871470944200992
360810510002001,0.002942258183155572
360810660001004,0.002942258183155572
360810660001006,0.0018879234869131033
360810208002005,0.002942258183155572
360811579016002,0.00253639592128443
360811579033003,0.0013256665991120942
360810383021008,0.010859166620899176
360810181022000,0.018807862857114235
360811085003002,0.006902012684475675
360810593001003,0.012716124525046203
360810846012002,0.002942258183155572
360811529022005,0.006529475207301232
360810289001001,0.003636567675038582
360810083002003,0.002095023122622197
360810476002006,0.002942258183155572
360810478012002,0.0009260579719100349
360810610001004,0.002942258183155572
360810120001003,0.0008873706532685037
360810723001001,0.008483870052576708
360810682002009,0.002942258183155572
360810414003005,0.002991526040350195
360810938003008,0.002942258183155572
360810086001009,0.0019308636732502935
360810992002009,0.002942258183155572
360811435001002,0.002942258183155572
360811113001007,0.002942258183155572
360810769021002,0.02138782801951784
360811008011000,0.0013431912073049593
360811621003006,0.002942258183155572
360810102002006,0.003748942045300669
360810166002001,0.020477817304563706
360811072011008,0.0028210847970774615
360810809002000,0.002942258183155572
360811267003005,0.006833954746407162
360810128002003,0.004015400704754207
360811017005003,0.002942258183155572
360811185002000,0.0011313359347115048
360810703002003,0.002942258183155572
360810703002008,0.002942258183155572
360810443011000,0.002942258183155572
360810493021001,0.005475037152449801
360810846021022,0.002942258183155572
360810288012002,0.0018590519796542642
360810125001003,0.003716003188849433
360810266001005,0.002942258183155572
360810690001007,0.008989399416114784
360810680004015,0.004342276721660466
360810277021000,0.0006366585871790412
360810739005000,0.003748942045300669
360810737001002,0.002942258183155572
360810128001005,0.0033574853551035016
360810118002001,0.003914158564756354
360810457002001,0.017808206964796756
360810479001005,0.0030929830563688914
360811579021000,0.002942258183155572
360810972062003,0.0010996045067519081
360810261003001,0.003306357168483349
360810773001003,0.0004174453026598976
360811579031012,0.002942258183155572
360810661001000,0.002942258183155572
360810629001003,0.002042323284280618
360811113002008,0.009761652070692744
360811008032005,0.002942258183155572
360811621001004,0.002942258183155572
360810591004003,0.03241962156168259
360810661001002,0.002942258183155572
360810964001015,0.00355656783830388
360810251004003,0.005585224543387548
360810482001008,0.0009002818244794396
360810306002001,0.000391120202909698
360811403001007,0.0031205395132312555
360810483021007,0.002540898355293099
360810444003012,0.000326294796976476
360810199011007,0.002942258183155572
360811277002009,0.002942258183155572
360810566001004,0.001010664561421078
360811417004011,0.002942258183155572
360811093003001,0.002942258183155572
360810809007004,0.010499352469234377
360811141002010,0.003636567675038582
360811155001005,0.003748942045300669
360810799001011,0.002942258183155572
360810478012004,0.002942258183155572
360811339001005,0.0018479641924402529
360811451022014,0.010949562338672834
360810103003000,0.013174487693443511
360811347021004,0.006153955589574124
360810608001005,0.006475847977880197
360810235021003,0.030279492400862487
360811367003002,0.002942258183155572
360811367002002,0.002942258183155572
360810414001010,0.13206079062172071
360810434001014,0.003056655350254362
360811447002017,0.003267371527671819
360810123012009,0.002942258183155572
360810126021002,0.0014501833470227223
360811417002006,0.002942258183155572
360811417004001,0.002942258183155572
360811417004002,0.0034119225977291587
360810457002002,0.01579844219397243
360811441003006,0.002942258183155572
360810178001006,0.002942258183155572
360810814002002,0.03850399399174719
360810366001000,0.007845711630853168
360810540003005,0.002942258183155572
360810432001015,0.002942258183155572
360810363002000,0.0037990301308245245
360810757012000,0.002942258183155572
360810749002002,0.002942258183155572
360810918001007,0.002942258183155572
360810682001010,0.002942258183155572
360810358002000,0.001123812735205339
360811367003014,0.002942258183155572
360811291022003,0.002942258183155572
360810788001002,0.002158357125983772
360810277022001,0.08177471937763137
360810531002004,0.002942258183155572
360810540003009,0.002942258183155572
360811447002011,0.001526314222460219
360811507012019,0.002942258183155572
360810540002008,0.0026499123267845416
360810142022000,0.001101262358383247
360811507012015,0.002942258183155572
360811551042013,0.002942258183155572
360810178001007,0.010021339559601343
360811471002005,0.0008112514427619478
360810942012001,0.010112972103969905
360810992002019,0.006200971246682865
360811417003007,0.0015822266061783715
360810709002005,0.002942258183155572
360811139001005,0.002942258183155572
360810309063003,0.00019188647009328515
360810054003000,0.002942258183155572
360811099001005,0.0007990604816621796
360810098001000,0.00013516129523779256
360810664031004,0.002942258183155572
360810334011008,0.0026313791862839623
360811571014005,0.0012787418938690466
360810539011005,0.006409396458470244
360810125001010,0.012809948473780875
360810749002000,0.002942258183155572
360810232003001,0.006475847977880197
360810551002000,0.0035344165631029543
360810183001002,0.002942258183155572
360810357003008,0.0019186886003702244
360810472001007,0.0023030835490797153
360810198003005,0.0018047202766787718
360811377001003,0.0038449745130106944
360810358003002,0.008341385749048613
360811333001004,0.002942258183155572
360811507023011,0.0012321139311774656
360811551031001,0.0011000155670256035
360811621001008,0.002942258183155572
360811507023013,0.002942258183155572
360811265002002,0.002942258183155572
360810214003002,0.0026326075715793523
360810373001001,0.002942258183155572
360810934013003,0.006165050505172408
360810168001003,0.010667229561586847
360811032021012,0.014953735797912395
360810444001001,0.06802326580176996
360810942021006,0.0029599060963856456
360810954003008,0.002942258183155572
360810472001000,0.008228707108412881
360810945002002,0.002942258183155572
360811291033007,0.002942258183155572
360811467001002,0.002942258183155572
360810998021012,0.000595648763518406
360811451011001,0.0013688631499748861
360810044012002,0.0025254980317089035
360810928003010,0.002942258183155572
360810376004013,0.002942258183155572
360810019031040,0.002942258183155572
360811435002000,0.002942258183155572
360810846012003,0.00601208322987713
360810317001002,0.002942258183155572
360811291042004,0.002942258183155572
360810254012002,0.002942258183155572
360810004001002,0.00033852386036288415
360810249003005,0.0018567689800227743
360810020001004,0.0019365223375635478
360810179021014,0.002942258183155572
360810814001003,0.0024173228021531564
360810264001003,0.0053921487024791714
360810259001000,0.001969935112488945
360810291003002,0.0091146004571231
360810884007004,0.002942258183155572
360810148001007,0.005768744737086058
360810095002008,0.002942258183155572
360810095002018,0.002942258183155572
360810053004002,0.0018047202766787718
360810216011005,0.005051075125652375
360810623002001,0.004838477116803797
360810623001001,0.002942258183155572
360810695001006,0.0020276014425202327
360810697023002,0.003155422971458645
360811507011018,0.002942258183155572
360810357002001,0.002942258183155572
360810371001010,0.009974366589828169
360810892012006,0.002942258183155572
360810439002006,0.021166831288079755
360810846021023,0.006475847977880197
360810859001001,0.002942258183155572
360810711001002,0.002942258183155572
360811039003007,0.002942258183155572
360810663011012,0.002942258183155572
360810327002000,0.00014014513067492143
360810757021001,0.002064713584002482
360810083002008,0.002942258183155572
360810216011000,0.006475847977880197
360810058001000,0.011715010890168204
360810892017002,0.002942258183155572
360811047003009,0.002457321778853697
360811033001005,0.002942258183155572
360811277001009,0.003777419759160405
360810907001022,0.002942258183155572
360810358002013,0.0014892511074447842
360810721001001,0.002942258183155572
360811571014009,0.002942258183155572
360810157001004,0.0023393227367873243
360810085002005,0.002942258183155572
360810125001015,0.005592463492947622
360810680002006,0.0033639663015106913
360810258001001,0.002942258183155572
360810016002004,0.002942258183155572
360811507013004,0.002942258183155572
360810309063002,0.00939549051427461
360810247001000,0.0007530930550398869
360811447002013,0.005051075125652375
360810513001003,0.0029871470944200992
360811155001000,0.002942258183155572
360810478011001,0.0020651482917226735
360810102001000,0.002267862586558088
360811265001008,0.002942258183155572
360811377002004,0.002138292940436481
360810616012002,0.002942258183155572
360811047005012,0.002942258183155572
360811161001000,0.002942258183155572
360810645002006,0.002942258183155572
360810916032000,0.00225951765456185
360810792001005,0.0033574853551035016
360810294003002,0.0007818016064211158
360810320001023,0.005807542498433771
360810220012009,0.002942258183155572
360810907001000,0.002942258183155572
360810334012000,0.002942258183155572
360810568001009,0.0015822266061783715
360810646002011,0.002942258183155572
360810532002006,0.0019181267647598792
360810384002002,0.0033884254711119078
360811579024003,0.003399296959674488
360810907001004,0.0016362374067291842
360810916036011,0.002942258183155572
360811010045000,0.008017848236577344
360810065012001,0.002942258183155572
360810532002001,0.003801219201279572
360810558002007,0.002942258183155572
360810176002000,0.002942258183155572
360810779032001,0.003267371527671819
360810444003014,0.002942258183155572
360810656001003,0.010676690114203451
360811403001004,0.0058351871664829216
360811403001006,0.002942258183155572
360810178002002,0.001543386872920496
360810531001000,0.00017636176168295435
360811247003005,0.002942258183155572
360811072011035,0.002942258183155572
360810117003004,0.002942258183155572
360810954003000,0.007020195212044957
360811377003006,0.0011036408106100879
360810460001000,0.0003383534526976195
360810667011012,0.002942258183155572
360810427002001,0.014253204315210032
360810945002019,0.0011839667064511693
360810622001000,0.002942258183155572
360810383021039,0.002942258183155572
360810997012006,0.002942258183155572
360811139001001,0.002942258183155572
360810864001003,0.006845094926132996
360810012001000,0.0012321139311774656
360811333003001,0.002942258183155572
360811199001000,0.006902012684475675
360811185001009,0.004394514360312422
360810007022000,0.00041308318826332704
360810019021011,0.0253842360172648
360810044011004,0.012197401620032976
360810012001001,0.002942258183155572
360810424001008,0.002942258183155572
360810472001003,0.002942258183155572
360810255001008,0.002978904535270829
360810788002001,0.002942258183155572
360810414001008,0.0014256271085963566
360810884002010,0.002942258183155572
360810683001000,0.004481283983962543
360810562001012,0.002942258183155572
360810126022001,0.012520892214398885
360811459003001,0.002942258183155572
360810261001002,0.0029751486945530786
360810100002003,0.0018671519590010403
360810942023005,0.002942258183155572
360810536012003,0.0029117443529052046
360810243002013,0.00253639592128443
360810044011013,0.00312161957883719
360811039002012,0.002942258183155572
360811151001011,0.003399296959674488
360810367001002,0.002942258183155572
360811291033003,0.002942258183155572
360811291023002,0.002942258183155572
360810334012007,0.005510503198208127
360810892018015,0.005585224543387548
360810892012008,0.002942258183155572
360810088001003,0.00026795551305659927
360810187003004,0.002942258183155572
360811347023000,0.002942258183155572
360810141002003,0.002942258183155572
360810516001002,0.0015885294369808664
360810907001021,0.002942258183155572
360811347022000,0.0018726199241674345
360811241002004,0.002942258183155572
360810199012002,0.0008396323262523928
360811507012002,0.0015598780090068404
360810366001008,0.005270604851001203
360810779022008,0.003827804271696746
360810803023009,0.00584327239654855
360811441001003,0.002942258183155572
360811129003008,0.0008596334041000845
360810928003002,0.002942258183155572
360810667011011,0.002942258183155572
360810024001001,0.002942258183155572
360810199011002,0.002942258183155572
360810654011012,0.0014254624104910148
360810205001021,0.002942258183155572
360810095002002,0.03147733888277191
360810071001000,0.00576443841148449
360811215001004,0.002942258183155572
360811463002003,0.0021603185546242598
360810065022000,0.0012940411585523302
360810548001004,0.010416178884076687
360810062024003,0.001156991734786843
360810117001001,0.000655178356627316
360810731001001,0.0016570211133349107
360810769021000,0.002942258183155572
360811039004014,0.002457321778853697
360810947002003,0.004838477116803797
360810493012004,0.004218507907697113
360810536011007,0.002942258183155572
360811010043005,0.012166817518969723
360810613012004,0.002942258183155572
360810594002004,0.002942258183155572
360810809001000,0.0029926744416891157
360810568003007,0.0020950273516561293
360810532002005,0.002942258183155572
360810590001001,0.006475847977880197
360810376003003,0.002942258183155572
360810928001000,0.0029751486945530786
360810169002001,0.002942258183155572
360810014002000,0.0001749220740843159
360811257003001,0.002942258183155572
360810793001000,0.002942258183155572
360810475001009,0.0033884254711119078
360810945001008,0.001736488966025313
360810214002006,0.002942258183155572
360810779021004,0.002942258183155572
360811159002008,0.0026313791862839623
360810757011000,0.0013404857786922584
360810212002008,0.002942258183155572
360810515001002,0.002942258183155572
360810063003001,0.0013156403479796877
360810945002013,0.0019365223375635478
360811277001008,0.002942258183155572
360810654013010,0.0033574853551035016
360810626002007,0.002942258183155572
360810716001005,0.002942258183155572
360810998013004,0.006727174429612748
360811010021012,0.002942258183155572
360810044011005,0.030531980286976977
360810019031025,0.00384846904381605
360810991003016,0.005051075125652375
360810737001000,0.28624998576185
360810934013000,0.002942258183155572
360810865001000,0.002655687993704926
360810855002001,0.001163922854314737
360810671002005,0.0029871470944200992
360810650002010,0.005183909830904601
360811451021009,0.006475847977880197
360811141002000,0.002942258183155572
360811175001004,0.002942258183155572
360811479003001,0.002942258183155572
360810545003001,0.0005226796918668129
360810638002007,0.002942258183155572
360810654013006,0.00738598350754638
360810254022004,0.002457321778853697
360810595021004,0.004551364984910585
360810779062011,0.002942258183155572
360810585001002,0.0026313791862839623
360810664032008,0.004585629199953249
360810582003001,0.00048897364588245
360811147001004,0.002942258183155572
360810010001001,0.0014135823982146158
360810220013010,0.002942258183155572
360810603001004,0.006524573607756742
360810052001005,0.002942258183155572
360810073001000,0.0001928185651328801
360810057002001,0.007286201023904474
360810057003000,0.001285027798350085
360810619002001,0.004080158183109793
360810687003017,0.00414597996992606
360810057001000,0.0007990604816621796
360810779041002,0.002942258183155572
360811507013001,0.002942258183155572
360810297001011,0.0015822266061783715
360811029001011,0.002942258183155572
360810539013001,0.002942258183155572
360811301001006,0.002942258183155572
360811265001006,0.002942258183155572
360810869002016,0.002942258183155572
360810656003002,0.00038589568729045093
360811579016007,0.002942258183155572
360810680001002,0.002942258183155572
360810504002007,0.002942258183155572
360810132001010,0.0013458917889593253
360810637002000,0.010393786660484903
360810114001007,0.0035869112224790395
360810330003005,0.03303488683883497
360811579034006,0.002942258183155572
360810918001016,0.002942258183155572
360810383021032,0.002942258183155572
360810482001001,0.0013117051041590846
360810262001000,0.00026956273286858433
360811621005001,0.006902012684475675
360810120001000,0.01984558890490403
360810278001002,0.005183909830904601
360811507012014,0.002942258183155572
360811175003008,0.002656350792230839
360810664031005,0.006317962298074537
360811483004005,0.002942258183155572
360810274001001,0.0023389949473567287
360810779081004,0.002942258183155572
360810997012010,0.002942258183155572
360810790002002,0.00018058863642443241
360810168002001,0.009719655761967401
360811010021014,0.002942258183155572
360810947002008,0.0011110413836341885
360810466001000,0.0008750542781447338
360810616022003,0.004990914351173619
360811207011003,0.002942258183155572
360810693001005,0.0024155425738161033
360810918001011,0.002942258183155572
360810352001002,0.002942258183155572
360811059001009,0.002942258183155572
360810444001004,0.002942258183155572
360810595022009,0.002942258183155572
360810690002006,0.0038951982716008498
360810564001012,0.002942258183155572
360811193001005,0.003399296959674488
360811175004003,0.002942258183155572
360810645001005,0.002942258183155572
360810809006001,0.005183909830904601
360810485002001,0.002942258183155572
360810496002007,0.005748315699242782
360810496002003,0.0020051861432523648
360811291033009,0.002942258183155572
360810552001011,0.002942258183155572
360811579023005,0.002942258183155572
360810846021001,0.0005984523669130221
360810972041012,0.002102536659658556
360810018002006,0.0011605333369037205
360810991003005,0.002942258183155572
360810745001002,0.002579771580114416
360810721005002,0.00021724513467487783
360810945002024,0.002942258183155572
360810803023014,0.002942258183155572
360811008032009,0.004838477116803797
360810373002007,0.003758162989425304
360810168002003,0.004838477116803797
360810440003006,0.13675320660344942
360810033011018,0.002942258183155572
360811435002005,0.002942258183155572
360810330001000,0.004578583835668485
360810889032005,0.0021266065773925162
360811409021013,0.002942258183155572
360811175001006,0.00026795551305659927
360810934011008,0.002942258183155572
360810864001001,0.0018827454561898182
360810059002000,0.005637109594596229
360811185001008,0.0008056118346151886
360810492021002,0.0018838282438825584
360810991004015,0.002942258183155572
360810179021009,0.003166283288405929
360810106002000,0.7973433833754857
360810512003002,0.001524850666463078
360811133002009,0.002942258183155572
360810625001006,0.002942258183155572
360810528001005,0.017376839285869288
360811571018007,0.002942258183155572
360811123002006,0.0012321139311774656
360810123013006,0.006091989799923732
360811385021014,0.002942258183155572
360810483021002,0.0029751486945530786
360811291022014,0.002942258183155572
360810230002006,0.005585224543387548
360810646001004,0.001156991734786843
360811409021012,0.00832335594942838
360810892012004,0.002942258183155572
360810414003003,0.0006114415585809115
360810972021000,0.06764096896442644
360810992002004,0.0002569200855671795
360810062026002,0.00026594780088264915
360810916036032,0.002942258183155572
360811223001000,0.002942258183155572
360810939003001,0.002942258183155572
360810001011010,0.002942258183155572
360811113003009,0.002942258183155572
360810142022007,0.002942258183155572
360810016001004,0.011369343551410347
360810036002002,0.011221703301565907
360811529012002,0.002942258183155572
360810141002010,0.002942258183155572
360810123012003,0.002942258183155572
360810247001005,0.014479445808954373
360810489001000,0.5025019766365664
360810479002000,0.0030384744255166412
360810230001007,0.002942258183155572
360810947002000,0.0008596334041000845
360810171021001,0.09411441806272688
360810038001002,0.002112875753651473
360811417005008,0.002942258183155572
360810719001003,0.0033603620504099696
360811367001002,0.002942258183155572
360810062022003,0.002942258183155572
360810187003005,0.0018129510141505216
360810199022002,0.002356119918890531
360811017001004,0.004535817819635767
360811471001004,0.002942258183155572
360811205001006,0.0024238115893691066
360811008031011,0.15330217833131327
360810942011002,0.0012589966584981474
360810320001004,0.002942258183155572
360811059004009,0.002942258183155572
360810859001002,0.0033828789526292855
360810934013004,0.00937466670607359
360810892014011,0.002942258183155572
360810459001006,0.002475760225934619
360810981001003,0.004838477116803797
360810610001013,0.0013688631499748861
360810502011013,0.002942258183155572
360811047004002,0.0008564405676995964
360810510002004,0.0016362374067291842
360810185012001,0.0009568048491459167
360811441002003,0.002942258183155572
360810329001009,0.002942258183155572
360810097002004,0.002942258183155572
360810630001005,0.018183225553197433
360810432001014,0.005080733573917134
360810981002007,0.002942258183155572
360810626001000,0.0018479641924402529
360810042003001,0.026076833674558306
360810094001005,0.009543568115581607
360810058003004,0.0029599060963856456
360810243002005,0.002942258183155572
360810040012002,0.003399296959674488
360810040012000,0.002942258183155572
360810779023004,0.002942258183155572
360810869002014,0.002942258183155572
360811032021011,0.002942258183155572
360811032024001,0.0020734566730583647
360810690002007,0.001337701175507954
360810097002002,0.002942258183155572
360811257001007,0.0008000617148863987
360810991001000,0.0016509119380295697
360810542002005,0.002942258183155572
360810337001001,0.002942258183155572
360810334051000,0.0004081871700429559
360810671002006,0.008250631210364592
360810677001001,0.006337770815184561
360811189001001,0.0014205895592354944
360810849012002,0.006533928002780748
360810987002007,0.002942258183155572
360810871002011,0.04060612388601882
360811529023013,0.002942258183155572
360810723003013,0.002942258183155572
360810219001007,0.009701243275005428
360810295002007,0.0017006873981397005
360810473002003,0.0008865385444446685
360811047005005,0.002942258183155572
360811277003008,0.002942258183155572
360810664032006,0.0020864589834815013
360810444001006,0.00234509232298351
360811175005001,0.003777419759160405
360811459002007,0.002942258183155572
360810594001002,0.00876445818139774
360810606001005,0.006017149976704205
360810124001001,0.0029672634354361727
360810721005001,0.002942258183155572
360810118002003,0.002942258183155572
360810001041005,0.002942258183155572
360810357001005,0.002942258183155572
360810184022005,0.0009851040646479772
360810462001000,0.018886865398330982
360810383021068,0.002942258183155572
360810004002005,0.002942258183155572
360810034001008,0.00748461690268584
360810803022000,0.002942258183155572
360810723002003,0.002942258183155572
360810739004001,0.004409371412472812
360811161001001,0.002942258183155572
360810703002007,0.002942258183155572
360810775003003,0.003914158564756354
360810111001000,0.006376225849495766
360810687003008,0.005834928024403542
360811129001009,0.002942258183155572
360810954003018,0.002942258183155572
360810158021003,0.0009302025249147499
360810166002005,0.005455997490889006
360811072011037,0.002942258183155572
360811267003000,0.0013688631499748861
360810757022013,0.0024155425738161033
360810665013003,0.002942258183155572
360810496002005,0.007257475816461237
360811185001010,0.002942258183155572
360810889031012,0.002942258183155572
360810603001002,0.002064713584002482
360810925003006,0.002942258183155572
360811483003019,0.002942258183155572
360811483002003,0.002942258183155572
360811483001014,0.002942258183155572
360810320002005,0.004260172906314367
360810096002002,0.002942258183155572
360810846021000,0.0012566759835141153
360810294006002,0.010949562338672834
360810400002002,0.006094501040636951
360811193002000,0.012390262570450304
360811171001000,0.002942258183155572
360811157003000,0.0011239712941510313
360810506002002,0.027326611165625608
360810907001002,0.002942258183155572
360810818001000,0.02703979774300619
360811032022016,0.002942258183155572
360811093001002,0.0026313791862839623
360810773003003,0.002942258183155572
360810629003002,0.00116250979995139
360810939002009,0.0027040062552254026
360811203002003,0.002942258183155572
360811347011004,0.011010630152858752
360810461002001,0.0010860073092009372
360810096002007,0.002942258183155572
360810212001005,0.016807010173066485
360810803011002,0.002942258183155572
360810148001010,0.002359128763097613
360810148001003,0.002942258183155572
360811479002002,0.002942258183155572
360811301004000,0.002942258183155572
360810468001005,0.0657142412760594
360810484002002,0.010640219238687238
360810502021001,0.003267371527671819
360810964002012,0.002942258183155572
360811008012001,0.009095212098281855
360810202001003,0.002942258183155572
360810444003011,0.006409396458470244
360810480002006,0.004535817819635767
360811403001005,0.002942258183155572
360811579021001,0.003399296959674488
360810531001010,0.002942258183155572
360810280001007,0.0016527082976008894
360810470002004,0.002942258183155572
360811529011003,0.002942258183155572
360811621003005,0.002942258183155572
360810065021002,0.0035926747304709746
360810987001001,0.002942258183155572
360810088001000,0.002942258183155572
360810596002002,0.0007743510713221849
360810294001007,0.001587831325626858
360810773001004,0.004682852901910501
360811223003013,0.002942258183155572
360810051002004,0.002457321778853697
360810737001001,0.002064713584002482
360810309042003,0.006243019946821449
360810019011004,0.005923652104254608
360811033002002,0.005113310383269226
360810635001005,0.002942258183155572
360810846011014,0.002942258183155572
360811283001010,0.002942258183155572
360810334011007,0.002942258183155572
360811571016014,0.003847973650996904
360810580001006,0.0033574853551035016
360810186001010,0.00046485341110431285
360810293001011,0.002942258183155572
360810317005012,0.001977430151699237
360810284002004,0.0016271124209318085
360811571016008,0.00026795551305659927
360811447001001,0.003267371527671819
360810199021004,0.002942258183155572
360810007023003,0.002942258183155572
360810892012003,0.002942258183155572
360811479001017,0.002942258183155572
360810361002000,0.00672441516684346
360810079002005,0.0018479641924402529
360810383021090,0.002942258183155572
360811571014014,0.002942258183155572
360810534012007,0.0077471798431297595
360810892011012,0.004838477116803797
360810892012019,0.0033884254711119078
360810019031010,0.001375389087731798
360810538002002,0.002942258183155572
360810179021006,0.0012664525811895255
360811093002002,0.002942258183155572
360811283001002,0.002942258183155572
360811347022006,0.002173379439767603
360810199022001,0.003748942045300669
360810892012017,0.0009224987739102766
360810001041038,0.002942258183155572
360811113002004,0.005051075125652375
360810991003009,0.002942258183155572
360811189002004,0.011731184007147608
360810150001005,0.002942258183155572
360810524002002,0.0006449878466601308
360811579021011,0.0031081406361473563
360810245002001,0.002942258183155572
360810065021000,0.003984592209773073
360810230001006,0.002064713584002482
360810945002016,0.002942258183155572
360810973002003,0.002942258183155572
360811039001004,0.006902012684475675
360811039003009,0.002942258183155572
360810515001004,0.01732599836582101
360810255001004,0.002942258183155572
360810942031001,0.0030230888844909377
360811621002009,0.00030858858368169
360810434001001,0.002942258183155572
360811463002005,0.002942258183155572
360810838002002,0.006325799067708856
360811008041004,0.004131934562661889
360811008012005,0.002942258183155572
360810192001008,0.002942258183155572
360810334052010,0.00032305057080192484
360810204002008,0.01915151737829234
360810172002004,0.0031205395132312555
360811017001008,0.002942258183155572
360811141001007,0.002942258183155572
360811241003008,0.0014892511074447842
360810083001002,0.0019365223375635478
360810869001001,0.005702687898394301
360810884005001,0.007670961448863426
360810884001014,0.0025783879283612634
360811185002003,0.0017507921189942072
360811039004003,0.0018047202766787718
360810650001003,0.002942258183155572
360810595021008,0.002942258183155572
360810043001001,1.1380842705536258
360810709002006,0.002942258183155572
360810116001006,0.00253639592128443
360810595021009,0.0879012640833425
360810954001011,0.04604352354548196
360810779051012,0.0052731832752870396
360810306004004,0.002942258183155572
360810432001012,0.0006347749938353154
360810432001003,0.002942258183155572
360810404003010,0.002942258183155572
360810922001003,0.002942258183155572
360811579015007,0.002942258183155572
360810007023006,0.006524573607756742
360810058002004,0.009914664451440132
360810458001009,0.0007990604816621796
360811097003005,0.002942258183155572
360810030001005,0.0024155425738161033
360810641021010,0.002942258183155572
360810204001009,0.0030687726192099793
360810309062000,0.010833081729433527
360810012002000,0.0036430879634458888
360810495001002,0.002942258183155572
360811507012013,0.002942258183155572
360811097002006,0.002942258183155572
360810669002000,0.002457321778853697
360810434001013,0.0038301071668031973
360810266001010,0.004790591630110305
360811141001005,0.002942258183155572
360810057003001,0.11730475810755976
360811171002001,0.002942258183155572
360810309052000,0.001032967908054294
360810383021019,0.002942258183155572
360810443022002,0.002942258183155572
360810942011017,0.007595622840748119
360810954001010,0.0024875464834721644
360810510002005,0.002942258183155572
360810254021001,0.002942258183155572
360811277003002,0.002942258183155572
360810125002000,0.0041291487751655065
360810663012007,0.002942258183155572
360810603001008,0.006337770815184561
360810775003002,0.0019830186469455384
360811241001008,0.002942258183155572
360810141002011,0.002942258183155572
360810145001000,0.002942258183155572
360810123011006,0.002004138073671028
360810031002008,0.6301733709227555
360810991005009,0.002942258183155572
360810450001004,0.002942258183155572
360810450002000,0.009478912583394667
360810694002013,0.010949562338672834
360811215001009,0.002942258183155572
360811459001000,0.002942258183155572
360810398002004,0.0038301071668031973
360810309033001,0.013015405963992276
360810837001006,0.004706019351940674
360811175005000,0.002942258183155572
360811085001012,0.002942258183155572
360810440001004,0.001354115048633606
360810112002004,0.0007074408935624526
360810534011001,0.001193038844970066
360810280001008,0.001393833027605606
360810415002000,0.15149439775370233
360810803022004,0.002942258183155572
360810660002006,0.0037615500957515723
360810656002005,0.0007797875106879645
360810108002001,0.002942258183155572
360810306003003,0.0028306491635563024
360810916021007,0.002942258183155572
360810554001004,0.0016745088919098165
360810376001004,0.00018909048159383813
360810366002004,0.002942258183155572
360810206001013,0.015568916089553637
360811367006000,0.0023059554622698146
360810739002000,0.002457321778853697
360810889031008,0.002942258183155572
360810707001001,0.002942258183155572
360810122002005,0.006655940871937466
360810690001002,0.010076238948339549
360811283001012,0.002942258183155572
360810942021019,0.0018748078652530051
360810347001000,0.0015718832417671712
360810181022003,0.002942258183155572
360811339001003,0.002942258183155572
360810723003011,0.003636567675038582
360811227025002,0.002942258183155572
360810884004010,0.002942258183155572
360810532002009,0.001474206099736561
360810846011008,0.004446677203416128
360810818003005,0.0009325243404615862
360810846021013,0.002942258183155572
360811010021003,0.0031205395132312555
360811129003001,0.004102014306499064
360811099002001,0.002942258183155572
360811017003001,0.002942258183155572
360810846021031,0.002942258183155572
360810577001002,0.0004716430343669545
360810916034024,0.002942258183155572
360810199021009,0.002942258183155572
360810306003004,0.0029170801009559618
360811072021005,0.002942258183155572
360810475002007,0.005183909830904601
360810007012012,0.0021496800404839805
360811409011011,0.005051075125652375
360810320002008,0.002942258183155572
360810320002003,0.0337576262543969
360810460001005,0.012787535727677856
360811429004005,0.002942258183155572
360810925003004,0.0009360928091823373
360810320002021,0.002942258183155572
360810328002002,0.002526164567255331
360811301001004,0.002942258183155572
360811567001014,0.002942258183155572
360811047002008,0.004440311682970352
360811059003003,0.002942258183155572
360810450001002,0.0036361810096037627
360810352002009,0.002942258183155572
360810220023001,0.000801891489568133
360810178002003,0.002075244278780203
360811223001009,0.0009002101653138313
360810671001004,0.003267371527671819
360810128001001,0.00022802973597864688
360810158022004,0.009198036578004458
360810542002009,0.002942258183155572
360810512001006,0.002942258183155572
360810058003001,0.002942258183155572
360810536012000,0.002942258183155572
360811181002004,0.005807542498433771
360810663011005,0.005183909830904601
360810274001004,0.0038301071668031973
360810398001011,0.0005284985611349445
360810538002004,0.0011273922556108852
360810026001001,0.002942258183155572
360810478012003,0.004163192260908221
360811341002003,0.002942258183155572
360810475001001,0.0007537981791410472
360810096001004,0.0016303700544645387
360810368002008,0.002942258183155572
360810172002003,0.002942258183155572
360810243001010,0.002942258183155572
360810595012003,0.0008596334041000845
360811059003004,0.002942258183155572
360810582002007,0.002942258183155572
360810476001002,0.002942258183155572
360810182001009,0.001102610854047579
360810790002010,0.0050893213780943344
360811008041006,0.0008476158581451923
360810540001006,0.006930259486348343
360810275001000,0.01930226166579729
360811099001007,0.002942258183155572
360810511001000,0.002942258183155572
360810916035015,0.002942258183155572
360811277004001,0.002942258183155572
360810353002004,0.001014836193114446
360810892018010,0.004535817819635767
360811579016009,0.002942258183155572
360810838001004,0.002942258183155572
360810492011004,0.002942258183155572
360810837003000,0.006679359709525944
360810507002006,0.002942258183155572
360810916031000,0.002942258183155572
360810095001000,0.0019830186469455384
360811097003001,0.003623009038346896
360810654011003,0.002942258183155572
360810022001004,0.002942258183155572
360810925001004,0.002942258183155572
360810560002005,0.008958535143345662
360810038001011,0.002164218099207228
360810444002004,0.005966250247100026
360810462003002,0.025018914044781536
360811551032006,0.002942258183155572
360810204002002,0.004354227369979413
360810581001001,0.00830088884977454
360810384001011,0.002942258183155572
360810610001014,0.002942258183155572
360810258001009,0.003777419759160405
360810254012008,0.002942258183155572
360810358002006,0.0071246538577731475
360810253021000,0.012840226528360728
360810257001000,0.007622834739791863
360810861002002,0.002942258183155572
360810471002004,0.0013459313941041027
360810973003005,0.002942258183155572
360810981002013,0.00420779186887556
360810633022001,0.0040216012025158215
360810922001001,0.002942258183155572
360810779042008,0.03881349451584339
360810942022002,0.00034631654515516563
360811617001013,0.002942258183155572
360810606001002,0.002316224253309937
360811403001011,0.005302001529856634
360810591003003,0.002942258183155572
360810547001000,0.0035624432439248614
360810098001002,0.0007338592401959712
360810656001010,0.0005927077763647931
360811579034009,0.002942258183155572
360810254023001,0.02020459267171182
360810254022003,0.10750635102299938
360810749001001,0.002942258183155572
360810054003002,0.004267735269593394
360810140001000,0.006475847977880197
360811227031006,0.01050606620791529
360810383011009,0.0012321139311774656
360810123011009,0.008228707108412881
360810114001005,0.005894962921200116
360810664033005,0.002942258183155572
360810055001010,0.000548927212976812
360810063001000,0.0011919339924520444
360810030001001,0.00041811660440014013
360810358004007,0.004838477116803797
360810232003006,0.0004174039278613842
360810925001006,0.002942258183155572
360810103001000,0.002942258183155572
360810450002003,0.002942258183155572
360810517001006,0.018167897701258522
360810511001005,0.0024847913498238583
360810595022007,0.002942258183155572
360811207011006,0.0030714644927384896
360810709002000,0.0002914711469740459
360811579033004,0.002942258183155572
360811529012001,0.0028210847970774615
360810383021061,0.002942258183155572
360810181013003,0.04578337272410623
360810208002002,0.001288927688821068
360810208002017,0.01847713617915275
360810208002011,0.0012079970793205037
360810535011006,0.0011318861949011607
360811483003003,0.002942258183155572
360810320002026,0.002942258183155572
360811551042004,0.002942258183155572
360810309042000,0.011865156170820191
360810124002003,0.0010755265989971401
360810101002006,0.0025783879283612634
360810547003000,0.0015030470458442169
360810032001014,0.002942258183155572
360810088001016,0.006094115959816646
360810892016012,0.0004908173698822235
360810317004007,0.0027288506700466884
360810515002001,0.002942258183155572
360810444002007,0.00036522204172048086
360810294006000,0.0022015760751287346
360811385021023,0.002942258183155572
360810470001006,0.004902724807619785
360810680002005,0.0031205395132312555
360810680002007,0.0026313791862839623
360810610001010,0.0059739511724948
360810306001025,0.002942258183155572
360810249003000,0.002802292655580533
360810803022001,0.0030594875302824556
360811579013007,0.002942258183155572
360811579025001,0.002942258183155572
360810773001005,0.002942258183155572
360810033011001,0.0011913132012504543
360811147002009,0.002942258183155572
360811621005010,0.002942258183155572
360810954001004,0.0007113701554558293
360810330001011,0.0008384165974916296
360811247003009,0.002942258183155572
360811621005014,0.008334788932892951
360811033003003,0.004838477116803797
360810859002000,0.001736488966025313
360810512001004,0.00014901439863863083
360810583002002,0.002942258183155572
360810585003003,0.0016725462797980487
360811029001014,0.003748942045300669
360810443011001,0.1189663058832421
360810443011003,0.0028747137946610957
360811483003006,0.002942258183155572
360811483004011,0.002942258183155572
360811483003020,0.002942258183155572
360810809004002,0.002942258183155572
360810520001010,0.004297124095120039
360810163002002,0.12926563313457815
360810179021004,0.002942258183155572
360811139002006,0.0012566759835141153
360811429002005,0.004838477116803797
360810707002001,0.002942258183155572
360810638002004,0.002942258183155572
360810144001005,0.018365472638272203
360810928001005,0.002942258183155572
360810998011010,0.0018230001688494433
360810997012001,0.002942258183155572
360811017004000,0.006337770815184561
360810297002014,0.002942258183155572
360810536011000,0.0012321139311774656
360810249001004,0.0017406682563038357
360810158021001,0.004166066516101837
360810542002004,0.0006998233202260413
360810964002001,0.002942258183155572
360810656002002,0.002942258183155572
360810404002000,0.002942258183155572
360810330002002,0.002942258183155572
360811579022005,0.002942258183155572
360810489001008,0.002942258183155572
360810664021004,0.00634461724950357
360810496002006,0.002942258183155572
360810036002003,0.004140454165886807
360810204001002,0.0032495207533527427
360811301003009,0.0018838282438825584
360811301003006,0.0071578445954709365
360810147003001,0.0014705561385093976
360810365001006,0.009822247112244824
360811167001002,0.003150445153504188
360811579022008,0.002942258183155572
360810997051018,0.002942258183155572
360810033011002,0.010145618030599378
360810182002006,0.002942258183155572
360810150001000,0.0012531387689743957
360810646001009,0.002942258183155572
360810641021005,0.002942258183155572
360810846021009,0.0012758486098441836
360810220024004,0.0036475828819585105
360810278001001,0.002942258183155572
360810814002005,0.006524573607756742
360810526001004,0.003670262289082719
360810582001006,0.005051075125652375
360810199012008,0.002942258183155572
360810861002004,0.002942258183155572
360811207011013,0.0028210847970774615
360811417003002,0.002942258183155572
360811223001003,0.0005706218594806837
360810098001004,0.011707070044031561
360810377001002,0.003208160966022478
360810365001005,0.0005415766976021635
360810243004011,0.002064713584002482
360811385011013,0.002942258183155572
360811483003024,0.002942258183155572
360810437012001,0.0010373847447406417
360810125001002,0.002942258183155572
360811072021009,0.002942258183155572
360810088002002,0.001691885338699711
360810347001003,0.002942258183155572
360810249003001,0.002942258183155572
360811385021010,0.002942258183155572
360810026001004,0.002942258183155572
360810612002001,0.009531801796055325
360810992001008,0.00010151910569878851
360810553002002,0.004908984669072067
360810065023000,0.0007706686132969398
360810001041007,0.0033884254711119078
360810245003006,0.002942258183155572
360810489001001,0.002942258183155572
360811551041000,0.002942258183155572
360811571012006,0.002942258183155572
360810749002003,0.002942258183155572
360811451022008,0.002942258183155572
360811093002005,0.002942258183155572
360810448001000,0.0022139480196312067
360810664023007,0.0018479641924402529
360810051001003,0.0011243000551013408
360811223003015,0.002942258183155572
360811571016012,0.002942258183155572
360810120002003,0.23639958301214012
360810098002003,0.001819594863521228
360810352001005,0.006337770815184561
360810309051003,0.002942258183155572
360811147001002,0.002355821317006419
360810861002006,0.007340481252343816
360810803013003,0.006153955589574124
360811171003004,0.04588064445074848
360810102001003,0.021436741500712564
360810697024002,0.00026795551305659927
360810997013001,0.004426406630046345
360811059001010,0.002284043897075523
360810630001000,0.00790075921077786
360810632001003,0.002942258183155572
360811529023005,0.002942258183155572
360811181001006,0.002942258183155572
360810205001015,0.002942258183155572
360811579034005,0.004440311682970352
360810564001011,0.008483870052576708
360810610001011,0.00807540807212315
360811483004014,0.002942258183155572
360810526001000,0.0022139480196312067
360810635001001,0.0033581012557689694
360810656002009,0.005807542498433771
360811347013001,0.0032621337271661285
360810916032001,0.002942258183155572
360811617003009,0.0015822266061783715
360811617003010,0.002942258183155572
360811227043004,0.0018692503013667317
360810779072001,0.002942258183155572
360810607011003,0.002942258183155572
360811008041005,0.007444192669306908
360810687003010,0.002942258183155572
360810496001003,0.002942258183155572
360810884007003,0.002942258183155572
360810291003001,0.0032211566640230204
360811451021004,0.005535076769599506
360810411002001,0.15324721915321748
360810095002013,0.0029599060963856456
360810257001004,0.00610558806417222
360810088002008,0.00253639592128443
360810376004007,0.002942258183155572
360811215003010,0.002942258183155572
360810779051007,0.002942258183155572
360810334032000,0.045951556441300924
360810334031000,0.09007913147931665
360811047005010,0.004440311682970352
360810679002000,0.0007962115758647407
360810020001002,0.0012555155176591753
360810997012004,0.002942258183155572
360810884001008,0.0036284092133582815
360810377001003,0.003162294789412821
360810779032002,0.002942258183155572
360810475001011,0.0036218512419322808
360810711004004,0.009772155183311135
360811139002008,0.004087797445601957
360810253013001,0.018053936927710575
360810297001003,0.002942258183155572
360810297001012,0.0018047202766787718
360810033011012,0.002942258183155572
360810091002002,0.025121861508765882
360810991005003,0.002942258183155572
360810485001000,0.011837481979959324
360810517002005,0.010454251004446812
360810058001008,0.002942258183155572
360811377003005,0.002942258183155572
360810243002014,0.002829952773639929
360810534012005,0.002942258183155572
360810236001004,0.0004253998923047108
360810208002009,0.003777419759160405
360811579016008,0.002942258183155572
360811567001008,0.0024155425738161033
360810212001011,0.002248492961315169
360810208001011,0.0011662338326233728
360810981001012,0.002942258183155572
360810128001002,0.0038911765483657704
360810128001004,0.0016765527546527615
360810118001003,0.002209814701314615
360810613012003,0.003842146699935975
360810297002003,0.006475847977880197
360810199031002,0.002942258183155572
360811097003004,0.002942258183155572
360810347002000,0.0016975290591690474
360810472001005,0.002942258183155572
360810680003009,0.004551364984910585
360810680002009,0.005819446368460348
360810272001001,0.008178758785666967
360810186001001,0.002942258183155572
360810272001003,0.0024488620148699833
360810272002002,0.0011792322202091574
360810414003006,0.006212632981988127
360811621005006,0.002942258183155572
360810122001000,0.07076174847723292
360810309041002,0.013996940027320883
360810036002004,0.0030001190338796867
360810008001000,0.010949562338672834
360810723002004,0.002942258183155572
360810723002000,0.002942258183155572
360810723003002,0.002942258183155572
360810737002002,0.002942258183155572
360810288012000,0.002942258183155572
360810443021001,0.002942258183155572
360810934012002,0.0013257030869229369
360810654011002,0.05067274241793826
360810062012000,0.014106945927668908
360811072011007,0.002942258183155572
360810664012005,0.002942258183155572
360810440001002,0.003950886795592654
360810152002006,0.0002828949588153588
360810972041005,0.002942258183155572
360810444003016,0.004551364984910585
360810306001013,0.002942258183155572
360810682002007,0.010758878928471294
360811409021010,0.002942258183155572
360810186001003,0.002942258183155572
360810258001005,0.0038294849005325008
360810284001014,0.002942258183155572
360810168002005,0.006568453382148505
360810033022007,0.0425444952930704
360810556002003,0.002942258183155572
360810556002002,0.006337770815184561
360811257002006,0.002942258183155572
360810216011003,0.003399296959674488
360810707001003,0.002942258183155572
360810437023002,0.0002742451055121564
360810690002008,0.0007583238372289048
360811571018004,0.002942258183155572
360810245003004,0.002942258183155572
360810281001000,0.002703936509364466
360810347002005,0.0007092833251507461
360811185001003,0.002942258183155572
360810595021002,0.002942258183155572
360810132001004,0.002942258183155572
360810809004001,0.009595425553237514
360810500001009,0.0021099105837000067
360810646002009,0.008249640717528917
360810025006001,0.0022139480196312067
360810019021005,0.002942258183155572
360810384001002,0.0032526152268779205
360811010031005,0.0025183806931853743
360811099001000,0.002942258183155572
360810629003001,0.0036213662591035646
360810925001000,0.002942258183155572
360811072021000,0.002942258183155572
360811008031001,0.004551364984910585
360810480001013,0.002942258183155572
360811451021001,0.002942258183155572
360811409011006,0.002942258183155572
360810320002019,0.001736488966025313
360811333002002,0.0031205395132312555
360810031002005,0.002942258183155572
360811093002014,0.002942258183155572
360811341001008,0.0014518830721626057
360810907001014,0.002942258183155572
360810152002000,0.002942258183155572
360810542001002,0.00041505297757249
360810502011007,0.0003134281529576605
360810492011003,0.008958535143345662
360810661001003,0.0012321139311774656
360810365002003,0.0010285738803521378
360810002001000,0.009556694208044943
360810214002011,0.002942258183155572
360810504001009,0.002942258183155572
360810711004003,0.025887320219775196
360810214001001,0.0019405472025129304
360810991004008,0.002942258183155572
360810398001006,0.0017396757267623315
360810106002002,0.002942258183155572
360810560002001,0.002942258183155572
360810591002000,0.00034746909954127116
360811283001001,0.002942258183155572
360810814001001,0.0001531448306843269
360810032001004,0.002942258183155572
360810667012005,0.0019525621559594866
360811617001006,0.0024875464834721644
360811579024007,0.002942258183155572
360810199022004,0.002942258183155572
360811223002003,0.002942258183155572
360810580002002,0.006902012684475675
360811417005005,0.002942258183155572
360810559001002,0.0008821309434632946
360810695001008,0.002064713584002482
360810366001006,0.0024875464834721644
360810679003000,0.002942258183155572
360810367002009,0.002942258183155572
360810367002000,0.0007789107091185251
360810799002003,0.0014559031724016827
360810500001007,0.0027040062552254026
360810243001003,0.002942258183155572
360810618002008,0.00914142320273178
360810479003005,0.005183909830904601
360810220012002,0.002942258183155572
360810414001001,0.0006465086268405099
360810288012006,0.002026251270909042
360810792001007,0.002942258183155572
360810294006008,0.0013688631499748861
360810196001003,0.0005427470811215217
360810123012008,0.002942258183155572
360810030001003,0.008458279431378833
360811195001009,0.005113310383269226
360810972021006,0.002942258183155572
360811467003001,0.002942258183155572
360810582001000,0.00837536420954977
360811333004006,0.002420285463134123
360811277004000,0.002942258183155572
360810580002000,0.002942258183155572
360810159003000,0.1360311889784672
360810123013004,0.008136750487556537
360811193001003,0.003748942045300669
360811175004002,0.005585224543387548
360810892013000,0.002942258183155572
360811479003002,0.002942258183155572
360810779062009,0.0004667549331938037
360810622002008,0.002942258183155572
360810328001006,0.0030918560226557974
360810058003009,0.009132042071272254
360810717022013,0.002457321778853697
360810809002001,0.002065887338354701
360810809004004,0.00034128891965664286
360811483001017,0.002942258183155572
360810557003002,0.002972756993634842
360810884002003,0.002942258183155572
360810997012007,0.002942258183155572
360810291003004,0.00341991389741074
360810245001004,0.002942258183155572
360810616022006,0.002942258183155572
360810334012001,0.015955995781978972
360811123002001,0.002942258183155572
360810062025004,0.004535817819635767
360811039003008,0.003342093429173034
360811039002013,0.0009245464169874145
360810916041002,0.002942258183155572
360810954002008,0.002942258183155572
360810208002001,1.197230792830842
360810098001001,0.004488573774239744
360811277003004,0.0043830813203034995
360810366001010,0.0013394839913253673
360810516002006,0.0024155425738161033
360810033022010,0.0003454288851521813
360810713033003,0.002942258183155572
360810739002001,0.002942258183155572
360810176001002,0.0037769212866269465
360810253012005,0.002942258183155572
360810141002000,0.002942258183155572
360811017003004,0.002942258183155572
360811141001003,0.002942258183155572
360810892017000,0.002942258183155572
360810515001003,0.0013283499607077262
360811567001001,0.002942258183155572
360810991004005,0.002942258183155572
360810058001003,0.00011530992728224132
360810869001016,0.005807542498433771
360810626002005,0.006484825530905508
360811451022003,0.002942258183155572
360811093002007,0.0027040062552254026
360810991003017,0.002942258183155572
360810938003000,0.002942258183155572
360810567002000,0.004791102163915528
360811435002003,0.002942258183155572
360810598001003,0.0021496800404839805
360810024002001,0.002942258183155572
360810179021011,0.0016362374067291842
360810125001016,0.002942258183155572
360810204001010,0.0013720797678834697
360810456001002,0.002942258183155572
360810464001000,0.002942258183155572
360810254012001,0.006032610003202121
360810254021009,0.0067801673427073965
360810568003005,0.0015072703225062717
360810334011003,0.00030858858368169
360810054001003,0.010667824570487209
360810002001002,0.01106783760906053
360810779082003,0.002942258183155572
360810779041001,0.002942258183155572
360810779022006,0.002942258183155572
360810713053000,0.0017186645547318637
360810291004005,0.004551364984910585
360811409022002,0.002942258183155572
360810266001003,0.002942258183155572
360811017002001,0.002942258183155572
360810069001000,0.00013078832075546777
360810613013002,0.0020564722084784196
360810779062003,0.002942258183155572
360810440003003,0.006475847977880197
360810019031018,0.0018047202766787718
360810468002006,0.00021454030257906222
360810484004007,0.0010026333715819793
360810045003001,0.002942258183155572
360811010044000,0.2574810770537803
360811291044003,0.00013181434839238358
360811291024002,0.002942258183155572
360810071003002,0.003902250060518525
360810677001002,0.002942258183155572
360810367002007,0.002942258183155572
360810371001001,0.002942258183155572
360810136001002,0.0008281966497585148
360810489001014,0.002234491851307857
360810565001009,0.002942258183155572
360811339001008,0.002942258183155572
360810916032009,0.002942258183155572
360810247001009,0.0021522484324312703
360811483003011,0.002942258183155572
360811155002000,0.004551364984910585
360810151002005,0.0021124268525859096
360810942012003,0.002942258183155572
360810818002008,0.0017436560198313283
360810454001003,0.0031431407367765976
360810809004000,0.0018047202766787718
360810999001021,0.002942258183155572
360810460003003,0.002942258183155572
360810535021000,0.002942258183155572
360810471002002,0.003748942045300669
360810473001000,0.0018340503906553963
360810999001007,0.002942258183155572
360811579014005,0.002942258183155572
360811195001000,0.002942258183155572
360811459002000,0.002942258183155572
360810358004001,0.002942258183155572
360810427002000,0.011463922679830952
360810182001004,0.002942258183155572
360811551032007,0.002942258183155572
360811551033000,0.002942258183155572
360810126022002,0.005183909830904601
360810625001007,0.0025783879283612634
360810633011000,0.002942258183155572
360810942012010,0.002942258183155572
360810006002002,0.0029200905033908626
360810711003000,0.003399296959674488
360810711004000,0.007616553708587127
360810561001000,0.008593212149463195
360810402002000,0.0023237393245670486
360811033003007,0.002942258183155572
360810295002000,0.002942258183155572
360810473002002,0.0014892511074447842
360811483003012,0.002942258183155572
360811471002003,0.004917285156827205
360810945001007,0.002942258183155572
360810552002004,0.004838477116803797
360810454001000,0.0019830186469455384
360810168001006,0.002942258183155572
360810454002000,0.003777419759160405
360810616012009,0.002942258183155572
360810169002006,0.0033886910725952376
360810613014003,0.0032474123173466384
360811241001022,0.008861152716500278
360811161001002,0.005534872757505922
360810439002005,0.00420813863303118
360811483003015,0.0029751486945530786
360810272001000,0.0007279339972538717
360811579015004,0.001156991734786843
360811447002019,0.002942258183155572
360811571017000,0.00193864405661244
360810019031007,0.002064713584002482
360810108001000,0.007530815721676055
360810257001007,0.002942258183155572
360810517002002,0.002942258183155572
360810457001004,0.0043830813203034995
360810939001004,0.006153955589574124
360810916035000,0.002942258183155572
360811347021000,0.0005133563374336238
360810840001006,0.0014205895592354944
360811139002000,0.002942258183155572
360810038002001,0.003399296959674488
360810991001002,0.003364104716163779
360810991002002,0.005503728647753742
360810775002003,0.002942258183155572
360810134004000,0.002942258183155572
360811483001003,0.003748942045300669
360811479001000,0.004535817819635767
360811479001007,0.002942258183155572
360811479003006,0.002942258183155572
360810261004004,0.0044204767319012276
360810809003000,0.0019365223375635478
360810664011007,0.002942258183155572
360811072011038,0.00577941060074449
360810512002008,0.002942258183155572
360810954002003,0.004565541171505791
360810351002001,0.010825527327568675
360811301003007,0.006153955589574124
360810404004004,0.08287371438061433
360811157001010,0.002942258183155572
360810991005002,0.002942258183155572
360810661001008,0.004695612743842084
360810452001002,0.00026795551305659927
360810510001005,0.002942258183155572
360810002002002,0.001010664561421078
360811507024007,0.002942258183155572
360810007012016,0.002942258183155572
360810424003009,0.0009260579719100349
360810216021009,0.002942258183155572
360810939001003,0.0007407019470062302
360810600001006,0.008588401429595535
360810437012000,0.002942258183155572
360810947001007,0.0014892511074447842
360811399002002,0.002942258183155572
360810199022009,0.002942258183155572
360810555001000,0.001499610735393113
360810094001004,0.0014892511074447842
360810094002003,0.029269308018008297
360810110002000,0.0030131635678741406
360810864001005,0.0013362034313779418
360811171001005,0.0018055188661253222
360810251004001,0.0029152886747060842
360811507012008,0.002942258183155572
360810476001008,0.0013256665991120942
360810383021073,0.002942258183155572
360811479002008,0.002942258183155572
360810641021007,0.0018795547011001875
360810907001012,0.002942258183155572
360810669001000,0.002942258183155572
360810792002010,0.005793164233006916
360811291021002,0.002942258183155572
360811409021018,0.007348094611829415
360811333003006,0.002942258183155572
360810086002001,0.002942258183155572
360810039001008,0.05573675240487736
360810892018008,0.002942258183155572
360810568002015,0.1552385262684565
360810199031001,0.004440311682970352
360810088002001,0.002942258183155572
360810246001004,0.002942258183155572
360810394003003,0.002942258183155572
360810779022000,0.002942258183155572
360810334012016,0.029961647588628845
360810809003003,0.002942258183155572
360810939002001,0.002942258183155572
360811113003010,0.002942258183155572
360810230002001,0.002942258183155572
360811008042011,0.0010407262823446378
360811147002003,0.002942258183155572
360810097002000,0.0037923012194380204
360811199001002,0.007064204758559246
360810483021004,0.002942258183155572
360810542003005,0.01202745472104179
360810539011008,0.0045737386534666314
360810535011003,0.000827113380833462
360810130001005,0.002942258183155572
360811039001007,0.00871006838730763
360810104002003,0.002942258183155572
360810964002003,0.0008258829017506515
360811621001003,0.002942258183155572
360810849022001,0.0007336608589301767
360810320004011,0.002942258183155572
360810383021082,0.002942258183155572
360810181011000,0.10252782658681955
360810220011006,0.002942258183155572
360810398001004,0.0012164036975707048
360810053002000,0.002942258183155572
360811157001009,0.0021496800404839805
360810945001011,0.01725600488495256
360810376005004,0.003267371527671819
360810306005014,0.0018479641924402529
360810170002001,0.004155730065046398
360810309041001,0.002942258183155572
360810309051001,0.002942258183155572
360810499003012,0.00046421355305507455
360810892016011,0.002942258183155572
360810671001006,0.005183909830904601
360810187002000,0.005183909830904601
360810142021003,0.005900985482864399
360810293001009,0.009265877617001964
360811032021006,0.002942258183155572
360811417001005,0.002942258183155572
360810309063000,0.015141551732383877
360810664022006,0.004589521231053647
360810580002007,0.002942258183155572
360811010043009,0.002942258183155572
360810934023005,0.002942258183155572
360811333001000,0.004195982272093156
360810626002002,0.03999416067149124
360810121002000,0.0004799931386978043
360810246001000,0.002942258183155572
360810568002003,0.002942258183155572
360810054003004,0.00042732903273239606
360810779044004,0.006524573607756742
360810373001002,0.002942258183155572
360811277002003,0.0008063561920903239
360810383011015,0.008408723415981485
360810444003009,0.0024875464834721644
360810690002005,0.003595675006980771
360810014003001,0.004589142276589411
360810499004001,0.002942258183155572
360810998022000,0.010583662968787494
360811377003004,0.005113310383269226
360810071002000,0.002322433789730201
360810095002001,0.002942258183155572
360810803011004,0.002942258183155572
360810589002003,0.007454783297797193
360810585002004,0.0017735837974977087
360810489002001,0.002942258183155572
360811189001008,0.006337770815184561
360810664031003,0.002942258183155572
360810103002001,0.002064713584002482
360810099001006,0.004535817819635767
360810079001003,0.002537571536688943
360810545002002,0.00148159558735599
360810884006008,0.0007990604816621796
360810508001005,0.0026169737412138493
360810496002000,0.00253639592128443
360810656002011,0.002942258183155572
360810220013009,0.002942258183155572
360810458001001,0.0043830813203034995
360811579016003,0.002942258183155572
360811579014007,0.0008596334041000845
360810601001000,0.001054225180134511
360810539021000,0.00020355263899673185
360810598001000,0.0018047202766787718
360810592001015,0.002942258183155572
360810199021011,0.002942258183155572
360810157001003,0.0004761092514016403
360811205001001,0.001049553462347646
360810038001003,0.002942258183155572
360810493011002,0.005183909830904601
360810680002001,0.0006501476550858563
360810243004002,0.004440311682970352
360810184021006,0.027086847788624746
360811617004003,0.002942258183155572
360811032022015,0.002942258183155572
360810249003002,0.000747565536665299
360810034001003,0.02286043821332273
360810892015004,0.002942258183155572
360810713051000,0.002942258183155572
360810723002006,0.002942258183155572
360810925003008,0.004440311682970352
360810526001003,0.0012242290708328915
360810526002004,0.002942258183155572
360810440002005,0.0036782310333077343
360810330005000,0.0097437786319879
360810199021015,0.00253639592128443
360811059003007,0.002942258183155572
360810799001005,0.002682454950673689
360811159001002,0.002942258183155572
360810358003003,0.002942258183155572
360811571018005,0.002942258183155572
360810665014005,0.002942258183155572
360810998021001,0.002191110693323418
360810337001006,0.00827909213430842
360810179021016,0.002452395585857156
360811185001004,0.016786962207731557
360811175004008,0.002942258183155572
360811175003002,0.002942258183155572
360810709001006,0.002942258183155572
360810531001003,0.038757987193154875
360810907001015,0.0015822266061783715
360810496001002,0.002942258183155572
360811333004003,0.0014892511074447842
360810376004003,0.002942258183155572
360810992002015,0.002942258183155572
360810577001001,0.003748942045300669
360810945001018,0.002942258183155572
360810263003000,0.0019723591246499275
360810916034007,0.002942258183155572
360810007012009,0.012046445180611282
360811571015003,0.002942258183155572
360810846012008,0.002942258183155572
360810737002004,0.002942258183155572
360810799002006,0.0006498174218669135
360810779072006,0.005113310383269226
360810540002000,0.0027521480506737636
360810007011003,0.0036756311837400427
360810306005011,0.03147733888277191
360811403001002,0.0033884254711119078
360810632001001,0.002942258183155572
360810320002018,0.002942258183155572
360811099002005,0.002942258183155572
360810036001004,0.0026313791862839623
360810019031024,0.002942258183155572
360810400002005,0.0016025920795278113
360810518001000,0.00441545409771259
360811113002007,0.0033884254711119078
360810288022000,0.0026313791862839623
360811617004009,0.0031374164446022475
360810542001003,0.002942258183155572
360810635002004,0.00039240657342217003
360810928002005,0.002942258183155572
360810671001001,0.002942258183155572
360811241001021,0.0027040062552254026
360810033011009,0.004497758901249077
360811277001000,0.005638287272094051
360810062025005,0.003790850203386684
360810016001005,0.00015641803670897214
360810981002009,0.002942258183155572
360811571016009,0.0037854908321778616
360810846012012,0.002942258183155572
360811483004013,0.002942258183155572
360810547002002,0.0010393955956591462
360810086002006,0.005494203123275744
360810040011006,0.006105983479127272
360811463001009,0.002942258183155572
360810297001002,0.0037167025048533402
360810922003002,0.002540898355293099
360810414001007,0.00014409556049755753
360810270001003,0.005585224543387548
360810560002006,0.00016435836611131916
360810562001004,0.002942258183155572
360810683001002,0.0057802098052268285
360811385021006,0.002942258183155572
360810478011003,0.002942258183155572
360810128001000,0.002942258183155572
360810044012011,0.002942258183155572
360810884002007,0.002942258183155572
360810884004005,0.006409396458470244
360810646002008,0.002942258183155572
360810591001003,0.004240100702596799
360811617001017,0.002942258183155572
360810775002004,0.0031205395132312555
360811139001010,0.016050463924447617
360810790001002,0.000553528739205143
360810192002003,0.001010664561421078
360811551042017,0.004260172906314367
360810892011011,0.002942258183155572
360810892014006,0.0007190445034456362
360810595021000,0.0049418659327103865
360811301001001,0.002942258183155572
360810351003002,0.01101432549379721
360811175004005,0.002942258183155572
360810371001008,0.0022960018488158577
360810525002001,0.002942258183155572
360811377001000,0.002942258183155572
360810916034017,0.002942258183155572
360810414001000,0.005153361199944338
360810814002004,0.003941227724315182
360811215001010,0.004440311682970352
360810214003013,0.002356119918890531
360810939003005,0.002494642531276976
360810987001003,0.0033574853551035016
360810837004000,0.004868811053010061
360810249002000,0.003203415122061391
360811205001000,0.009677761827377134
360810251003002,0.0011988172870541947
360811113001000,0.002942258183155572
360810554002005,0.015186036432047028
360810638003003,0.001736488966025313
360810638005003,0.0064331118984107885
360810638004002,0.002942258183155572
360811113003008,0.002942258183155572
360810757013000,0.002942258183155572
360810945001021,0.0013681793134319349
360810916036021,0.002942258183155572
360810245004004,0.002064713584002482
360810779082002,0.0006613613039211228
360810174002002,0.014347779097015394
360810922003004,0.002942258183155572
360811409011012,0.00475429740313821
360810612001003,0.002942258183155572
360811529023000,0.002942258183155572
360810838001000,0.008290618834139991
360810749002004,0.002942258183155572
360810037001001,0.004497758901249077
360810632002012,0.005183909830904601
360810158011005,0.00938179785932931
360810235021000,0.002942258183155572
360810317005008,0.002942258183155572
360810141002013,0.0037540530660162574
360811017002000,0.0016362374067291842
360810014001001,0.006337770815184561
360810052002002,0.002942258183155572
360810309061003,0.004551364984910585
360810694001010,0.007195859189154324
360810424001002,0.002942258183155572
360810007012007,0.0019830186469455384
360810309031001,0.009416086835676966
360811129002012,0.0018479641924402529
360810061003001,0.0013073175110739478
360811159002000,0.0019365223375635478
360810922001007,0.002942258183155572
360811039004015,0.0033884254711119078
360810981001004,0.002942258183155572
360810358001005,0.0006429622185807611
360810111002000,0.005051075125652375
360810042002001,0.0014301884700113562
360810455003000,0.0049418659327103865
360811267001003,0.002942258183155572
360810568002013,0.002942258183155572
360810040012005,0.0033574853551035016
360810010001003,0.001849941444560527
360810581001002,0.0025437816697438725
360810925001003,0.0018879234869131033
360810997051017,0.0018592988305081797
360811008011007,0.002942258183155572
360811579011004,0.006337770815184561
360810251001002,0.0033884254711119078
360810125002002,0.002845870201816403
360810641021014,0.0007122255363130755
360810719002003,0.002630799571188094
360810587003000,0.002942258183155572
360811507022005,0.002942258183155572
360810273021001,0.0001891779207253482
360810367002010,0.002942258183155572
360810745001001,0.002942258183155572
360810375021000,0.0021496800404839805
360810545002003,0.019252821180257916
360810677002008,0.002942258183155572
360811333003008,0.0013688631499748861
360810580004005,0.002942258183155572
360810317002004,0.002942258183155572
360811341001003,0.009679119481258169
360810472002011,0.0035945463486754077
360811579032005,0.002942258183155572
360810505001007,0.0005897644120164822
360810253012001,0.0038301071668031973
360810236002002,0.014768703867175641
360810508001004,0.0014892511074447842
360811072021003,0.003777419759160405
360810394002004,0.008570449188621996
360810939001011,0.002521153495042705
360810582003008,0.002581409739992519
360810383011011,0.002942258183155572
360810659002002,0.002942258183155572
360810470001010,0.0018479641924402529
360810633021001,0.0073222551258451
360811267001001,0.002942258183155572
360810884004006,0.002942258183155572
360810991003018,0.002942258183155572
360810186001012,0.004440311682970352
360810363002002,0.009212514255504328
360810383011018,0.0006507930250904991
360810383011000,0.002942258183155572
360810284002001,0.0033884254711119078
360810517001016,0.002942258183155572
360810845003007,0.005113310383269226
360810247001008,0.3650406278134414
360810444003001,0.005051075125652375
360810997051005,0.004763494330748035
360810991003000,0.002942258183155572
360810803022002,0.002713163257138455
360810199021020,0.002942258183155572
360810383021024,0.004616012663125106
360810803012003,0.002942258183155572
360810679002001,0.006700064072870363
360810525001000,0.003267371527671819
360810168002002,0.005051075125652375
360810243002006,0.0018479641924402529
360810739004002,0.0017259594263643286
360810123013000,0.005062069427583598
360810001041034,0.002942258183155572
360810058004004,0.0006574465216455626
360810152002003,0.0034669320362135463
360811047005000,0.002942258183155572
360810680003008,0.002884836868742071
360810884005010,0.008185201251334293
360811385021012,0.0020523115066511536
360810892014002,0.002942258183155572
360810105004000,0.0004989634303475927
360810892011007,0.0009260579719100349
360810288031001,0.0009414882881071816
360810079001005,0.0010074258260735595
360810560001006,0.002942258183155572
360810479002002,0.0042533259577250526
360811241002006,0.002942258183155572
360810270001001,0.006153955589574124
360810254022005,0.0068222819129981115
360811029002001,0.0013304224789505575
360810892021002,0.002942258183155572
360810140001009,0.003636567675038582
360810181012001,0.004710269109061097
360810062027008,0.002942258183155572
360810561001009,0.002942258183155572
360810320001001,0.004551364984910585
360810938003005,0.12154017448815438
360811579016012,0.002942258183155572
360810562001008,0.004440311682970352
360810667012002,0.002540898355293099
360810383011012,0.002942258183155572
360811032022017,0.002942258183155572
360810112001000,0.0027144671507134564
360810186001011,0.002942258183155572
360810650001008,0.0014892511074447842
360810630001004,0.002942258183155572
360810058002003,0.0005363638070473222
360810062024004,0.008853516106372228
360810840004004,0.002942258183155572
360810184011008,0.013099471152125734
360810680001005,0.002942258183155572
360811010042005,0.003275531660738002
360811267002004,0.003777419759160405
360810219001018,0.002942258183155572
360810690001001,0.002942258183155572
360811409011000,0.002942258183155572
360810206001011,0.002935591479849762
360810187001010,0.002942258183155572
360810320002006,0.019297131333800177
360810803023010,0.0005312558746194679
360810566002007,0.002942258183155572
360810115001000,0.002942258183155572
360810803021004,0.002942258183155572
360811551034000,0.005717676961272631
360811507021003,0.0014205895592354944
360810991005011,0.002942258183155572
360811459002005,0.002942258183155572
360810320004000,0.06389932380053047
360810086002007,0.002942258183155572
360810159003001,0.0043830813203034995
360810919003012,0.002942258183155572
360810230002004,0.0019830186469455384
360810623001005,0.029739155917331502
360810220021002,0.0016362374067291842
360810383021020,0.0012321139311774656
360811257001000,0.0009260579719100349
360810044011001,0.002150299164182275
360810656003001,0.001566382662877877
360810608001001,0.001010664561421078
360810889022004,0.007851372860337985
360811129003002,0.002569302200609299
360810954001014,0.002942258183155572
360811367003003,0.002942258183155572
360811463001006,0.002449039804120174
360811483004019,0.002942258183155572
360810532001004,0.005559960394666635
360811139003002,0.003748942045300669
360810871002008,0.002942258183155572
360811267001004,0.002942258183155572
360811072021011,0.002942258183155572
360810437023003,0.007688938824477214
360811265002001,0.0031230598015292077
360810749002009,0.002942258183155572
360810383011028,0.008958535143345662
360810247001011,0.002942258183155572
360811385021008,0.002942258183155572
360810033022006,0.0022223526898854954
360810219001017,0.002942258183155572
360810320002012,0.003636567675038582
360811151001001,0.004843052634691441
360810062011007,0.002942258183155572
360811483001000,0.006514690661319419
360810327001000,0.032055175852246494
360810383021053,0.002942258183155572
360810892013004,0.002942258183155572
360810142021005,0.0003098797469329218
360810031001000,0.0015554959882959516
360810216011007,0.0006366057605562566
360810580002006,0.0027144066849828677
360811463002000,0.0005604492280019164
360811507022001,0.002942258183155572
360810243001006,0.002942258183155572
360810581002005,0.0022139480196312067
360810580002001,0.002942258183155572
360811385011007,0.00012985804958354176
360811347023002,0.002942258183155572
360811029001003,0.002942258183155572
360810352002002,0.002355821317006419
360810884002008,0.002942258183155572
360810001041022,0.004589142276589411
360810004003001,0.0038313116008210093
360810001041024,0.002942258183155572
360810088001014,0.0019830186469455384
360811093002003,0.002942258183155572
360811447002003,0.0015171463222645063
360810054001005,0.00225951765456185
360810010002003,0.004328232529816061
360810198002001,0.02091369358214127
360811072021002,0.002942258183155572
360810773003004,0.002942258183155572
360811010031003,0.0018904040691748124
360810638002011,0.0028245866921436163
360810054001007,0.002806907457542045
360811385021026,0.002942258183155572
360810551003002,0.0025253726782183948
360810729002002,0.002942258183155572
360811551041003,0.002942258183155572
360811171001012,0.003581164391455981
360810522001003,0.002526706196183018
360810721004000,0.009695530637304668
360810892014015,0.008958535143345662
360810973002006,0.002942258183155572
360810040011000,0.002942258183155572
360810632002003,0.002942258183155572
360811072021006,0.002942258183155572
360810140002003,0.002942258183155572
360811207012012,0.002942258183155572
360810987002010,0.00235868894130335
360810660001005,0.004652161459243112
360810299001001,0.0018309733475501753
360810328003003,0.000383678599560384
360810172002005,0.0024513297489242455
360811377003010,0.002942258183155572
360810916041003,0.002942258183155572
360810840003001,0.0014609777504459465
360810243001009,0.002942258183155572
360810637003000,0.0018005450039765654
360810711002000,0.002617396428740691
360810664012010,0.0049418659327103865
360810551004000,0.0017902709842066403
360810398001005,0.002942258183155572
360810102002005,0.027930142710954845
360811339001007,0.002942258183155572
360810869002008,0.002942258183155572
360811113003004,0.002942258183155572
360810626003007,0.004682852901910501
360810297001005,0.0011393378399035111
360811441003003,0.002942258183155572
